ISO-10303-21;
HEADER;
/* Generated by software containing ST-Developer
 * from STEP Tools, Inc. (www.steptools.com) 
 */

FILE_DESCRIPTION(
/* description */ (''),
/* implementation_level */ '2;1');

FILE_NAME(
/* name */ 
'D:\\Programm\\YandexDisk\\YandexDisk\\\X2\041704300433044004430437043A0438\X0\\\
\X2\041F0440043E0435043A0442044B\X0\\\Siemens\\\X2\041F043B0430044104420438043D0430\X0\ 
\X2\0443043F043E04400430\X0\ 1,7.stp',
/* time_stamp */ '2019-11-28T19:15:19+03:00',
/* author */ ('Alexey'),
/* organization */ (''),
/* preprocessor_version */ 'ST-DEVELOPER v17',
/* originating_system */ 'Autodesk Inventor 2019',
/* authorisation */ '');

FILE_SCHEMA (('AUTOMOTIVE_DESIGN { 1 0 10303 214 3 1 1 }'));
ENDSEC;

DATA;
#10=MECHANICAL_DESIGN_GEOMETRIC_PRESENTATION_REPRESENTATION('',(#13),#2651);
#11=SHAPE_REPRESENTATION_RELATIONSHIP('SRR','None',#2658,#12);
#12=ADVANCED_BREP_SHAPE_REPRESENTATION('',(#14),#2650);
#13=STYLED_ITEM('',(#2667),#14);
#14=MANIFOLD_SOLID_BREP('\X2\04220432043504400434043E0435\X0\ \X2\04420435043B043E\X0\1',
#1283);
#15=B_SPLINE_CURVE_WITH_KNOTS('',3,(#2158,#2159,#2160,#2161,#2162,#2163,
#2164,#2165,#2166,#2167),.UNSPECIFIED.,.F.,.F.,(4,2,2,2,4),(0.50370781340605,
0.551508959768882,0.713451150329834,0.928199291246065,0.953135569738994),
 .UNSPECIFIED.);
#16=B_SPLINE_CURVE_WITH_KNOTS('',3,(#2182,#2183,#2184,#2185,#2186,#2187,
#2188,#2189,#2190,#2191,#2192,#2193),.UNSPECIFIED.,.F.,.F.,(4,2,2,2,2,4),
(0.131437090496214,0.145543364440322,0.260320129437856,0.348191334443076,
0.421672300030895,0.43336718332593),.UNSPECIFIED.);
#17=B_SPLINE_CURVE_WITH_KNOTS('',3,(#2199,#2200,#2201,#2202,#2203,#2204),
 .UNSPECIFIED.,.F.,.F.,(4,2,4),(0.396171697469259,0.490849721833324,0.558763078151366),
 .UNSPECIFIED.);
#18=B_SPLINE_CURVE_WITH_KNOTS('',3,(#2205,#2206,#2207,#2208,#2209,#2210),
 .UNSPECIFIED.,.F.,.F.,(4,2,4),(0.709017166962208,0.796237704086134,0.858754514207237),
 .UNSPECIFIED.);
#19=B_SPLINE_CURVE_WITH_KNOTS('',3,(#2216,#2217,#2218,#2219,#2220,#2221),
 .UNSPECIFIED.,.F.,.F.,(4,2,4),(0.183794000266487,0.203670808444232,0.367079738905289),
 .UNSPECIFIED.);
#20=B_SPLINE_CURVE_WITH_KNOTS('',3,(#2225,#2226,#2227,#2228,#2229,#2230),
 .UNSPECIFIED.,.F.,.F.,(4,2,4),(0.245360047002321,0.263422464648995,0.356906394697526),
 .UNSPECIFIED.);
#21=B_SPLINE_CURVE_WITH_KNOTS('',3,(#2231,#2232,#2233,#2234,#2235,#2236),
 .UNSPECIFIED.,.F.,.F.,(4,2,4),(0.356906394697526,0.393095838338244,0.437375017059396),
 .UNSPECIFIED.);
#22=B_SPLINE_CURVE_WITH_KNOTS('',3,(#2240,#2241,#2242,#2243,#2244,#2245,
#2246,#2247,#2248,#2249),.UNSPECIFIED.,.F.,.F.,(4,2,2,2,4),(0.505681955654976,
0.554672806438513,0.71878434840578,0.933637786808365,0.957606097651805),
 .UNSPECIFIED.);
#23=B_SPLINE_CURVE_WITH_KNOTS('',3,(#2264,#2265,#2266,#2267,#2268,#2269,
#2270,#2271,#2272,#2273,#2274,#2275),.UNSPECIFIED.,.F.,.F.,(4,2,2,2,2,4),
(0.131437050321854,0.145537714644686,0.26030637654576,0.348176795416676,
0.421657506434581,0.433364202143915),.UNSPECIFIED.);
#24=B_SPLINE_CURVE_WITH_KNOTS('',3,(#2281,#2282,#2283,#2284,#2285,#2286),
 .UNSPECIFIED.,.F.,.F.,(4,2,4),(0.396171648756464,0.490845117398417,0.558763065869489),
 .UNSPECIFIED.);
#25=B_SPLINE_CURVE_WITH_KNOTS('',3,(#2287,#2288,#2289,#2290,#2291,#2292),
 .UNSPECIFIED.,.F.,.F.,(4,2,4),(0.70903314024552,0.796034187622716,0.858777994842886),
 .UNSPECIFIED.);
#26=B_SPLINE_CURVE_WITH_KNOTS('',3,(#2298,#2299,#2300,#2301,#2302,#2303),
 .UNSPECIFIED.,.F.,.F.,(4,2,4),(0.183776407262242,0.20405586837653,0.366980382838941),
 .UNSPECIFIED.);
#27=B_SPLINE_CURVE_WITH_KNOTS('',3,(#2306,#2307,#2308,#2309,#2310,#2311,
#2312,#2313),.UNSPECIFIED.,.F.,.F.,(4,2,2,4),(0.245351937095117,0.263599058424686,
0.393423367792807,0.43735111467273),.UNSPECIFIED.);
#28=B_SPLINE_CURVE_WITH_KNOTS('',3,(#2317,#2318,#2319,#2320,#2321,#2322,
#2323,#2324,#2325,#2326),.UNSPECIFIED.,.F.,.F.,(4,2,2,2,4),(0.505621568959068,
0.554230824867104,0.717768657476611,0.932944324075253,0.957333853607135),
 .UNSPECIFIED.);
#29=B_SPLINE_CURVE_WITH_KNOTS('',3,(#2341,#2342,#2343,#2344,#2345,#2346,
#2347,#2348,#2349,#2350,#2351,#2352),.UNSPECIFIED.,.F.,.F.,(4,2,2,2,2,4),
(0.131436390660967,0.145498442727169,0.260210510384754,0.348075318816639,
0.421554277429467,0.433343097852668),.UNSPECIFIED.);
#30=B_SPLINE_CURVE_WITH_KNOTS('',3,(#2358,#2359,#2360,#2361,#2362,#2363),
 .UNSPECIFIED.,.F.,.F.,(4,2,4),(0.396171657965862,0.490845987962498,0.558763068191736),
 .UNSPECIFIED.);
#31=B_SPLINE_CURVE_WITH_KNOTS('',3,(#2364,#2365,#2366,#2367,#2368,#2369),
 .UNSPECIFIED.,.F.,.F.,(4,2,4),(0.70903011335721,0.796072544114913,0.85877354257527),
 .UNSPECIFIED.);
#32=B_SPLINE_CURVE_WITH_KNOTS('',3,(#2375,#2376,#2377,#2378,#2379,#2380),
 .UNSPECIFIED.,.F.,.F.,(4,2,4),(0.18379955890427,0.203553924053524,0.36711076756611),
 .UNSPECIFIED.);
#33=B_SPLINE_CURVE_WITH_KNOTS('',3,(#2383,#2384,#2385,#2386,#2387,#2388,
#2389,#2390),.UNSPECIFIED.,.F.,.F.,(4,2,2,4),(0.245362593125263,0.263367225452707,
0.392993597310228,0.437382522370744),.UNSPECIFIED.);
#34=B_SPLINE_CURVE_WITH_KNOTS('',3,(#2394,#2395,#2396,#2397,#2398,#2399,
#2400,#2401,#2402,#2403),.UNSPECIFIED.,.F.,.F.,(4,2,2,2,4),(0.503707813404149,
0.551508959766744,0.713451150326386,0.928199291240133,0.953135569732781),
 .UNSPECIFIED.);
#35=B_SPLINE_CURVE_WITH_KNOTS('',3,(#2418,#2419,#2420,#2421,#2422,#2423,
#2424,#2425,#2426,#2427,#2428,#2429),.UNSPECIFIED.,.F.,.F.,(4,2,2,2,2,4),
(0.131437090496318,0.145543364440453,0.260320129437719,0.348191334442416,
0.421672300029765,0.433367183324721),.UNSPECIFIED.);
#36=B_SPLINE_CURVE_WITH_KNOTS('',3,(#2435,#2436,#2437,#2438,#2439,#2440),
 .UNSPECIFIED.,.F.,.F.,(4,2,4),(0.396171697469131,0.490849721833125,0.558763078151125),
 .UNSPECIFIED.);
#37=B_SPLINE_CURVE_WITH_KNOTS('',3,(#2441,#2442,#2443,#2444,#2445,#2446),
 .UNSPECIFIED.,.F.,.F.,(4,2,4),(0.709017166956291,0.796237704078744,0.858754514198892),
 .UNSPECIFIED.);
#38=B_SPLINE_CURVE_WITH_KNOTS('',3,(#2452,#2453,#2454,#2455,#2456,#2457),
 .UNSPECIFIED.,.F.,.F.,(4,2,4),(0.183794000266449,0.203670808444191,0.367079738905164),
 .UNSPECIFIED.);
#39=B_SPLINE_CURVE_WITH_KNOTS('',3,(#2460,#2461,#2462,#2463,#2464,#2465,
#2466,#2467),.UNSPECIFIED.,.F.,.F.,(4,2,2,4),(0.245360047002281,0.263422464648956,
0.393095838338159,0.437375017059292),.UNSPECIFIED.);
#40=B_SPLINE_CURVE_WITH_KNOTS('',3,(#2471,#2472,#2473,#2474,#2475,#2476,
#2477,#2478,#2479,#2480),.UNSPECIFIED.,.F.,.F.,(4,2,2,2,4),(0.505681955653725,
0.554672806437118,0.718784348403941,0.933637786805992,0.957606097649371),
 .UNSPECIFIED.);
#41=B_SPLINE_CURVE_WITH_KNOTS('',3,(#2495,#2496,#2497,#2498,#2499,#2500,
#2501,#2502,#2503,#2504,#2505,#2506),.UNSPECIFIED.,.F.,.F.,(4,2,2,2,2,4),
(0.131437050321829,0.145537714644659,0.260306376546253,0.348176795417977,
0.421657506436529,0.433364202145963),.UNSPECIFIED.);
#42=B_SPLINE_CURVE_WITH_KNOTS('',3,(#2512,#2513,#2514,#2515,#2516,#2517),
 .UNSPECIFIED.,.F.,.F.,(4,2,4),(0.396171648756578,0.490845117398567,0.558763065869668),
 .UNSPECIFIED.);
#43=B_SPLINE_CURVE_WITH_KNOTS('',3,(#2518,#2519,#2520,#2521,#2522,#2523),
 .UNSPECIFIED.,.F.,.F.,(4,2,4),(0.709033140247201,0.796034187624835,0.858777994845323),
 .UNSPECIFIED.);
#44=B_SPLINE_CURVE_WITH_KNOTS('',3,(#2529,#2530,#2531,#2532,#2533,#2534),
 .UNSPECIFIED.,.F.,.F.,(4,2,4),(0.183776407262189,0.20405586837646,0.366980382838709),
 .UNSPECIFIED.);
#45=B_SPLINE_CURVE_WITH_KNOTS('',3,(#2537,#2538,#2539,#2540,#2541,#2542,
#2543,#2544),.UNSPECIFIED.,.F.,.F.,(4,2,2,4),(0.245351937095127,0.263599058424697,
0.393423367792808,0.437351114672727),.UNSPECIFIED.);
#46=B_SPLINE_CURVE_WITH_KNOTS('',3,(#2548,#2549,#2550,#2551,#2552,#2553,
#2554,#2555,#2556,#2557),.UNSPECIFIED.,.F.,.F.,(4,2,2,2,4),(0.505621568955313,
0.554230824862769,0.717768657470531,0.932944324067204,0.957333853598861),
 .UNSPECIFIED.);
#47=B_SPLINE_CURVE_WITH_KNOTS('',3,(#2572,#2573,#2574,#2575,#2576,#2577,
#2578,#2579,#2580,#2581,#2582,#2583),.UNSPECIFIED.,.F.,.F.,(4,2,2,2,2,4),
(0.131436390660761,0.145498442726914,0.260210510384542,0.34807531881681,
0.421554277429898,0.433343097853138),.UNSPECIFIED.);
#48=B_SPLINE_CURVE_WITH_KNOTS('',3,(#2589,#2590,#2591,#2592,#2593,#2594),
 .UNSPECIFIED.,.F.,.F.,(4,2,4),(0.39617165796587,0.490845987962529,0.558763068191765),
 .UNSPECIFIED.);
#49=B_SPLINE_CURVE_WITH_KNOTS('',3,(#2595,#2596,#2597,#2598,#2599,#2600),
 .UNSPECIFIED.,.F.,.F.,(4,2,4),(0.709030113353953,0.796072544110702,0.858773542570321),
 .UNSPECIFIED.);
#50=B_SPLINE_CURVE_WITH_KNOTS('',3,(#2606,#2607,#2608,#2609,#2610,#2611),
 .UNSPECIFIED.,.F.,.F.,(4,2,4),(0.183799558904317,0.203553924053578,0.36711076756629),
 .UNSPECIFIED.);
#51=B_SPLINE_CURVE_WITH_KNOTS('',3,(#2614,#2615,#2616,#2617,#2618,#2619,
#2620,#2621),.UNSPECIFIED.,.F.,.F.,(4,2,2,4),(0.245362593125193,0.263367225452622,
0.392993597310055,0.437382522370538),.UNSPECIFIED.);
#52=CYLINDRICAL_SURFACE('',#1369,3.25);
#53=CYLINDRICAL_SURFACE('',#1371,3.25);
#54=CYLINDRICAL_SURFACE('',#1373,3.25);
#55=CYLINDRICAL_SURFACE('',#1375,3.25);
#56=CYLINDRICAL_SURFACE('',#1377,3.25);
#57=CYLINDRICAL_SURFACE('',#1385,3.25);
#58=CYLINDRICAL_SURFACE('',#1510,75.);
#59=CYLINDRICAL_SURFACE('',#1522,29.65);
#60=LINE('',#2070,#74);
#61=LINE('',#2080,#75);
#62=LINE('',#2088,#76);
#63=LINE('',#2098,#77);
#64=LINE('',#2108,#78);
#65=LINE('',#2112,#79);
#66=LINE('',#2116,#80);
#67=LINE('',#2120,#81);
#68=LINE('',#2124,#82);
#69=LINE('',#2128,#83);
#70=LINE('',#2139,#84);
#71=LINE('',#2142,#85);
#72=LINE('',#2629,#86);
#73=LINE('',#2646,#87);
#74=VECTOR('',#1612,5.15);
#75=VECTOR('',#1625,5.15);
#76=VECTOR('',#1636,5.15);
#77=VECTOR('',#1649,5.15);
#78=VECTOR('',#1662,5.14999999999999);
#79=VECTOR('',#1667,3.25);
#80=VECTOR('',#1672,3.25);
#81=VECTOR('',#1677,3.25);
#82=VECTOR('',#1682,3.25);
#83=VECTOR('',#1687,3.25);
#84=VECTOR('',#1702,5.15);
#85=VECTOR('',#1705,3.25);
#86=VECTOR('',#1960,75.);
#87=VECTOR('',#1985,29.65);
#88=CONICAL_SURFACE('',#1344,5.15,0.840896668643167);
#89=CONICAL_SURFACE('',#1350,5.15,0.840896668643171);
#90=CONICAL_SURFACE('',#1355,5.15,0.840896668643173);
#91=CONICAL_SURFACE('',#1361,5.15,0.840896668643171);
#92=CONICAL_SURFACE('',#1367,5.15,0.840896668643165);
#93=CONICAL_SURFACE('',#1383,5.15,0.840896668643164);
#94=CONICAL_SURFACE('',#1409,74.,0.785398163397449);
#95=CONICAL_SURFACE('',#1428,74.,0.785398163397449);
#96=CONICAL_SURFACE('',#1447,74.,0.785398163397449);
#97=CONICAL_SURFACE('',#1466,74.,0.785398163397446);
#98=CONICAL_SURFACE('',#1485,74.,0.785398163397449);
#99=CONICAL_SURFACE('',#1504,74.,0.785398163397449);
#100=FACE_BOUND('',#200,.T.);
#101=FACE_BOUND('',#201,.T.);
#102=FACE_BOUND('',#202,.T.);
#103=FACE_BOUND('',#203,.T.);
#104=FACE_BOUND('',#204,.T.);
#105=FACE_BOUND('',#205,.T.);
#106=FACE_BOUND('',#206,.T.);
#107=FACE_BOUND('',#277,.T.);
#108=FACE_BOUND('',#278,.T.);
#109=FACE_BOUND('',#279,.T.);
#110=FACE_BOUND('',#280,.T.);
#111=FACE_BOUND('',#281,.T.);
#112=FACE_BOUND('',#282,.T.);
#113=FACE_BOUND('',#283,.T.);
#114=PLANE('',#1309);
#115=PLANE('',#1393);
#116=PLANE('',#1513);
#117=PLANE('',#1514);
#118=PLANE('',#1515);
#119=PLANE('',#1516);
#120=PLANE('',#1517);
#121=PLANE('',#1518);
#122=PLANE('',#1519);
#123=PLANE('',#1525);
#124=FACE_OUTER_BOUND('',#198,.T.);
#125=FACE_OUTER_BOUND('',#199,.T.);
#126=FACE_OUTER_BOUND('',#207,.T.);
#127=FACE_OUTER_BOUND('',#208,.T.);
#128=FACE_OUTER_BOUND('',#209,.T.);
#129=FACE_OUTER_BOUND('',#210,.T.);
#130=FACE_OUTER_BOUND('',#211,.T.);
#131=FACE_OUTER_BOUND('',#212,.T.);
#132=FACE_OUTER_BOUND('',#213,.T.);
#133=FACE_OUTER_BOUND('',#214,.T.);
#134=FACE_OUTER_BOUND('',#215,.T.);
#135=FACE_OUTER_BOUND('',#216,.T.);
#136=FACE_OUTER_BOUND('',#217,.T.);
#137=FACE_OUTER_BOUND('',#218,.T.);
#138=FACE_OUTER_BOUND('',#219,.T.);
#139=FACE_OUTER_BOUND('',#220,.T.);
#140=FACE_OUTER_BOUND('',#221,.T.);
#141=FACE_OUTER_BOUND('',#222,.T.);
#142=FACE_OUTER_BOUND('',#223,.T.);
#143=FACE_OUTER_BOUND('',#224,.T.);
#144=FACE_OUTER_BOUND('',#225,.T.);
#145=FACE_OUTER_BOUND('',#226,.T.);
#146=FACE_OUTER_BOUND('',#227,.T.);
#147=FACE_OUTER_BOUND('',#228,.T.);
#148=FACE_OUTER_BOUND('',#229,.T.);
#149=FACE_OUTER_BOUND('',#230,.T.);
#150=FACE_OUTER_BOUND('',#231,.T.);
#151=FACE_OUTER_BOUND('',#232,.T.);
#152=FACE_OUTER_BOUND('',#233,.T.);
#153=FACE_OUTER_BOUND('',#234,.T.);
#154=FACE_OUTER_BOUND('',#235,.T.);
#155=FACE_OUTER_BOUND('',#236,.T.);
#156=FACE_OUTER_BOUND('',#237,.T.);
#157=FACE_OUTER_BOUND('',#238,.T.);
#158=FACE_OUTER_BOUND('',#239,.T.);
#159=FACE_OUTER_BOUND('',#240,.T.);
#160=FACE_OUTER_BOUND('',#241,.T.);
#161=FACE_OUTER_BOUND('',#242,.T.);
#162=FACE_OUTER_BOUND('',#243,.T.);
#163=FACE_OUTER_BOUND('',#244,.T.);
#164=FACE_OUTER_BOUND('',#245,.T.);
#165=FACE_OUTER_BOUND('',#246,.T.);
#166=FACE_OUTER_BOUND('',#247,.T.);
#167=FACE_OUTER_BOUND('',#248,.T.);
#168=FACE_OUTER_BOUND('',#249,.T.);
#169=FACE_OUTER_BOUND('',#250,.T.);
#170=FACE_OUTER_BOUND('',#251,.T.);
#171=FACE_OUTER_BOUND('',#252,.T.);
#172=FACE_OUTER_BOUND('',#253,.T.);
#173=FACE_OUTER_BOUND('',#254,.T.);
#174=FACE_OUTER_BOUND('',#255,.T.);
#175=FACE_OUTER_BOUND('',#256,.T.);
#176=FACE_OUTER_BOUND('',#257,.T.);
#177=FACE_OUTER_BOUND('',#258,.T.);
#178=FACE_OUTER_BOUND('',#259,.T.);
#179=FACE_OUTER_BOUND('',#260,.T.);
#180=FACE_OUTER_BOUND('',#261,.T.);
#181=FACE_OUTER_BOUND('',#262,.T.);
#182=FACE_OUTER_BOUND('',#263,.T.);
#183=FACE_OUTER_BOUND('',#264,.T.);
#184=FACE_OUTER_BOUND('',#265,.T.);
#185=FACE_OUTER_BOUND('',#266,.T.);
#186=FACE_OUTER_BOUND('',#267,.T.);
#187=FACE_OUTER_BOUND('',#268,.T.);
#188=FACE_OUTER_BOUND('',#269,.T.);
#189=FACE_OUTER_BOUND('',#270,.T.);
#190=FACE_OUTER_BOUND('',#271,.T.);
#191=FACE_OUTER_BOUND('',#272,.T.);
#192=FACE_OUTER_BOUND('',#273,.T.);
#193=FACE_OUTER_BOUND('',#274,.T.);
#194=FACE_OUTER_BOUND('',#275,.T.);
#195=FACE_OUTER_BOUND('',#276,.T.);
#196=FACE_OUTER_BOUND('',#284,.T.);
#197=FACE_OUTER_BOUND('',#285,.T.);
#198=EDGE_LOOP('',(#765,#766,#767,#768,#769,#770));
#199=EDGE_LOOP('',(#771,#772,#773,#774,#775,#776,#777,#778,#779,#780,#781,
#782,#783,#784,#785,#786,#787,#788,#789,#790,#791,#792,#793,#794));
#200=EDGE_LOOP('',(#795,#796));
#201=EDGE_LOOP('',(#797,#798));
#202=EDGE_LOOP('',(#799));
#203=EDGE_LOOP('',(#800,#801));
#204=EDGE_LOOP('',(#802,#803));
#205=EDGE_LOOP('',(#804));
#206=EDGE_LOOP('',(#805,#806));
#207=EDGE_LOOP('',(#807,#808,#809,#810,#811));
#208=EDGE_LOOP('',(#812,#813,#814,#815,#816,#817));
#209=EDGE_LOOP('',(#818,#819,#820,#821,#822));
#210=EDGE_LOOP('',(#823,#824,#825,#826));
#211=EDGE_LOOP('',(#827,#828,#829,#830));
#212=EDGE_LOOP('',(#831,#832,#833,#834,#835,#836));
#213=EDGE_LOOP('',(#837,#838,#839,#840,#841));
#214=EDGE_LOOP('',(#842,#843,#844,#845,#846,#847));
#215=EDGE_LOOP('',(#848,#849,#850,#851,#852));
#216=EDGE_LOOP('',(#853,#854,#855,#856));
#217=EDGE_LOOP('',(#857,#858,#859,#860));
#218=EDGE_LOOP('',(#861,#862,#863,#864));
#219=EDGE_LOOP('',(#865,#866,#867,#868));
#220=EDGE_LOOP('',(#869,#870,#871,#872));
#221=EDGE_LOOP('',(#873,#874,#875,#876,#877,#878));
#222=EDGE_LOOP('',(#879,#880,#881,#882,#883));
#223=EDGE_LOOP('',(#884,#885,#886,#887));
#224=EDGE_LOOP('',(#888,#889,#890,#891,#892,#893));
#225=EDGE_LOOP('',(#894,#895));
#226=EDGE_LOOP('',(#896,#897,#898,#899));
#227=EDGE_LOOP('',(#900,#901,#902,#903));
#228=EDGE_LOOP('',(#904,#905,#906,#907));
#229=EDGE_LOOP('',(#908,#909,#910,#911,#912));
#230=EDGE_LOOP('',(#913,#914,#915,#916));
#231=EDGE_LOOP('',(#917,#918,#919,#920,#921,#922));
#232=EDGE_LOOP('',(#923,#924,#925,#926,#927,#928));
#233=EDGE_LOOP('',(#929,#930,#931,#932));
#234=EDGE_LOOP('',(#933,#934,#935,#936));
#235=EDGE_LOOP('',(#937,#938,#939,#940));
#236=EDGE_LOOP('',(#941,#942,#943,#944,#945));
#237=EDGE_LOOP('',(#946,#947,#948,#949));
#238=EDGE_LOOP('',(#950,#951,#952,#953,#954,#955));
#239=EDGE_LOOP('',(#956,#957,#958,#959,#960));
#240=EDGE_LOOP('',(#961,#962,#963,#964));
#241=EDGE_LOOP('',(#965,#966,#967,#968));
#242=EDGE_LOOP('',(#969,#970,#971,#972));
#243=EDGE_LOOP('',(#973,#974,#975,#976,#977));
#244=EDGE_LOOP('',(#978,#979,#980,#981));
#245=EDGE_LOOP('',(#982,#983,#984,#985,#986,#987));
#246=EDGE_LOOP('',(#988,#989,#990,#991,#992));
#247=EDGE_LOOP('',(#993,#994,#995,#996));
#248=EDGE_LOOP('',(#997,#998,#999,#1000));
#249=EDGE_LOOP('',(#1001,#1002,#1003,#1004));
#250=EDGE_LOOP('',(#1005,#1006,#1007,#1008,#1009));
#251=EDGE_LOOP('',(#1010,#1011,#1012,#1013));
#252=EDGE_LOOP('',(#1014,#1015,#1016,#1017,#1018,#1019));
#253=EDGE_LOOP('',(#1020,#1021,#1022,#1023,#1024));
#254=EDGE_LOOP('',(#1025,#1026,#1027,#1028));
#255=EDGE_LOOP('',(#1029,#1030,#1031,#1032));
#256=EDGE_LOOP('',(#1033,#1034,#1035,#1036));
#257=EDGE_LOOP('',(#1037,#1038,#1039,#1040,#1041));
#258=EDGE_LOOP('',(#1042,#1043,#1044,#1045));
#259=EDGE_LOOP('',(#1046,#1047,#1048,#1049,#1050,#1051));
#260=EDGE_LOOP('',(#1052,#1053,#1054,#1055,#1056));
#261=EDGE_LOOP('',(#1057,#1058,#1059,#1060));
#262=EDGE_LOOP('',(#1061,#1062,#1063,#1064));
#263=EDGE_LOOP('',(#1065,#1066,#1067,#1068));
#264=EDGE_LOOP('',(#1069,#1070,#1071,#1072,#1073));
#265=EDGE_LOOP('',(#1074,#1075,#1076,#1077));
#266=EDGE_LOOP('',(#1078,#1079,#1080,#1081,#1082,#1083));
#267=EDGE_LOOP('',(#1084,#1085,#1086,#1087,#1088));
#268=EDGE_LOOP('',(#1089,#1090,#1091,#1092,#1093));
#269=EDGE_LOOP('',(#1094,#1095,#1096,#1097,#1098,#1099,#1100,#1101,#1102,
#1103,#1104,#1105,#1106,#1107,#1108,#1109,#1110,#1111,#1112,#1113,#1114,
#1115,#1116,#1117,#1118,#1119,#1120,#1121,#1122));
#270=EDGE_LOOP('',(#1123,#1124,#1125,#1126));
#271=EDGE_LOOP('',(#1127,#1128,#1129,#1130));
#272=EDGE_LOOP('',(#1131,#1132,#1133,#1134));
#273=EDGE_LOOP('',(#1135,#1136,#1137,#1138));
#274=EDGE_LOOP('',(#1139,#1140,#1141,#1142));
#275=EDGE_LOOP('',(#1143,#1144,#1145,#1146));
#276=EDGE_LOOP('',(#1147,#1148));
#277=EDGE_LOOP('',(#1149));
#278=EDGE_LOOP('',(#1150));
#279=EDGE_LOOP('',(#1151));
#280=EDGE_LOOP('',(#1152));
#281=EDGE_LOOP('',(#1153));
#282=EDGE_LOOP('',(#1154));
#283=EDGE_LOOP('',(#1155,#1156));
#284=EDGE_LOOP('',(#1157,#1158,#1159,#1160,#1161,#1162));
#285=EDGE_LOOP('',(#1163,#1164));
#286=CIRCLE('',#1304,6.48053940670317);
#287=CIRCLE('',#1305,2.);
#288=CIRCLE('',#1306,7.81412912564282);
#289=CIRCLE('',#1307,7.81412912564282);
#290=CIRCLE('',#1308,6.48053940670317);
#291=CIRCLE('',#1310,113.418672300021);
#292=CIRCLE('',#1311,7.5);
#293=CIRCLE('',#1312,47.5);
#294=CIRCLE('',#1313,75.);
#295=CIRCLE('',#1314,113.418672300021);
#296=CIRCLE('',#1315,7.5);
#297=CIRCLE('',#1316,47.5);
#298=CIRCLE('',#1317,75.);
#299=CIRCLE('',#1318,113.418672300021);
#300=CIRCLE('',#1319,7.5);
#301=CIRCLE('',#1320,47.5);
#302=CIRCLE('',#1321,75.);
#303=CIRCLE('',#1322,113.418672300021);
#304=CIRCLE('',#1323,7.5);
#305=CIRCLE('',#1324,47.5);
#306=CIRCLE('',#1325,75.);
#307=CIRCLE('',#1326,113.418672300021);
#308=CIRCLE('',#1327,7.5);
#309=CIRCLE('',#1328,47.5);
#310=CIRCLE('',#1329,75.);
#311=CIRCLE('',#1330,113.418672300021);
#312=CIRCLE('',#1331,7.5);
#313=CIRCLE('',#1332,47.5);
#314=CIRCLE('',#1333,75.);
#315=CIRCLE('',#1334,7.81412912564283);
#316=CIRCLE('',#1335,7.81412912564283);
#317=CIRCLE('',#1336,7.81412912564283);
#318=CIRCLE('',#1337,7.81412912564283);
#319=CIRCLE('',#1338,17.5);
#320=CIRCLE('',#1339,7.81412912564281);
#321=CIRCLE('',#1340,7.81412912564281);
#322=CIRCLE('',#1341,7.81412912564281);
#323=CIRCLE('',#1342,7.81412912564281);
#324=CIRCLE('',#1343,7.81412912564284);
#325=CIRCLE('',#1345,3.25);
#326=CIRCLE('',#1347,6.48053940670319);
#327=CIRCLE('',#1348,2.);
#328=CIRCLE('',#1349,6.48053940670319);
#329=CIRCLE('',#1351,3.25);
#330=CIRCLE('',#1353,6.4805394067032);
#331=CIRCLE('',#1354,2.);
#332=CIRCLE('',#1356,3.25);
#333=CIRCLE('',#1358,6.48053940670319);
#334=CIRCLE('',#1359,2.);
#335=CIRCLE('',#1360,6.48053940670319);
#336=CIRCLE('',#1362,3.25);
#337=CIRCLE('',#1364,6.48053940670316);
#338=CIRCLE('',#1365,2.);
#339=CIRCLE('',#1366,6.48053940670316);
#340=CIRCLE('',#1368,3.25);
#341=CIRCLE('',#1370,3.25);
#342=CIRCLE('',#1372,3.25);
#343=CIRCLE('',#1374,3.25);
#344=CIRCLE('',#1376,3.25);
#345=CIRCLE('',#1378,3.25);
#346=CIRCLE('',#1380,6.48053940670316);
#347=CIRCLE('',#1381,2.);
#348=CIRCLE('',#1382,6.48053940670316);
#349=CIRCLE('',#1384,3.25);
#350=CIRCLE('',#1386,3.25);
#351=CIRCLE('',#1388,13.4688711258507);
#352=CIRCLE('',#1389,2.);
#353=CIRCLE('',#1390,15.260483958806);
#354=CIRCLE('',#1391,15.260483958806);
#355=CIRCLE('',#1392,13.4688711258507);
#356=CIRCLE('',#1395,49.739516041194);
#357=CIRCLE('',#1396,1.99999999999998);
#358=CIRCLE('',#1397,51.5311288741493);
#359=CIRCLE('',#1399,1.99999999999998);
#360=CIRCLE('',#1400,3.46887112585073);
#361=CIRCLE('',#1401,5.26048395880597);
#362=CIRCLE('',#1403,109.387543425872);
#363=CIRCLE('',#1404,111.179156258827);
#364=CIRCLE('',#1406,2.50000000000002);
#365=CIRCLE('',#1408,2.50000000000003);
#366=CIRCLE('',#1410,75.);
#367=CIRCLE('',#1411,73.);
#368=CIRCLE('',#1414,49.739516041194);
#369=CIRCLE('',#1415,1.99999999999999);
#370=CIRCLE('',#1416,51.5311288741493);
#371=CIRCLE('',#1418,1.99999999999998);
#372=CIRCLE('',#1419,3.46887112585074);
#373=CIRCLE('',#1420,5.26048395880596);
#374=CIRCLE('',#1422,109.387543425872);
#375=CIRCLE('',#1423,111.179156258827);
#376=CIRCLE('',#1425,2.50000000000002);
#377=CIRCLE('',#1427,2.50000000000001);
#378=CIRCLE('',#1429,75.);
#379=CIRCLE('',#1430,73.);
#380=CIRCLE('',#1433,49.739516041194);
#381=CIRCLE('',#1434,2.);
#382=CIRCLE('',#1435,51.5311288741493);
#383=CIRCLE('',#1437,1.99999999999999);
#384=CIRCLE('',#1438,3.46887112585073);
#385=CIRCLE('',#1439,5.26048395880597);
#386=CIRCLE('',#1441,109.387543425872);
#387=CIRCLE('',#1442,111.179156258827);
#388=CIRCLE('',#1444,2.50000000000001);
#389=CIRCLE('',#1446,2.5);
#390=CIRCLE('',#1448,75.);
#391=CIRCLE('',#1449,73.);
#392=CIRCLE('',#1452,49.739516041194);
#393=CIRCLE('',#1453,2.);
#394=CIRCLE('',#1454,51.5311288741493);
#395=CIRCLE('',#1456,2.);
#396=CIRCLE('',#1457,3.46887112585073);
#397=CIRCLE('',#1458,5.26048395880596);
#398=CIRCLE('',#1460,109.387543425872);
#399=CIRCLE('',#1461,111.179156258827);
#400=CIRCLE('',#1463,2.5);
#401=CIRCLE('',#1465,2.5);
#402=CIRCLE('',#1467,75.);
#403=CIRCLE('',#1468,73.);
#404=CIRCLE('',#1471,49.739516041194);
#405=CIRCLE('',#1472,1.99999999999998);
#406=CIRCLE('',#1473,51.5311288741492);
#407=CIRCLE('',#1475,2.);
#408=CIRCLE('',#1476,3.46887112585073);
#409=CIRCLE('',#1477,5.26048395880596);
#410=CIRCLE('',#1479,109.387543425872);
#411=CIRCLE('',#1480,111.179156258827);
#412=CIRCLE('',#1482,2.5);
#413=CIRCLE('',#1484,2.50000000000002);
#414=CIRCLE('',#1486,75.);
#415=CIRCLE('',#1487,73.);
#416=CIRCLE('',#1490,49.739516041194);
#417=CIRCLE('',#1491,1.99999999999996);
#418=CIRCLE('',#1492,51.5311288741492);
#419=CIRCLE('',#1494,1.99999999999999);
#420=CIRCLE('',#1495,3.46887112585073);
#421=CIRCLE('',#1496,5.26048395880596);
#422=CIRCLE('',#1498,109.387543425872);
#423=CIRCLE('',#1499,111.179156258827);
#424=CIRCLE('',#1501,2.50000000000001);
#425=CIRCLE('',#1503,2.50000000000003);
#426=CIRCLE('',#1505,75.);
#427=CIRCLE('',#1506,73.);
#428=CIRCLE('',#1509,2.5);
#429=CIRCLE('',#1511,75.);
#430=CIRCLE('',#1512,75.);
#431=CIRCLE('',#1520,29.65);
#432=CIRCLE('',#1521,29.65);
#433=CIRCLE('',#1523,29.65);
#434=CIRCLE('',#1524,29.65);
#435=VERTEX_POINT('',#1990);
#436=VERTEX_POINT('',#1991);
#437=VERTEX_POINT('',#1993);
#438=VERTEX_POINT('',#1995);
#439=VERTEX_POINT('',#2000);
#440=VERTEX_POINT('',#2001);
#441=VERTEX_POINT('',#2003);
#442=VERTEX_POINT('',#2005);
#443=VERTEX_POINT('',#2007);
#444=VERTEX_POINT('',#2009);
#445=VERTEX_POINT('',#2011);
#446=VERTEX_POINT('',#2013);
#447=VERTEX_POINT('',#2015);
#448=VERTEX_POINT('',#2017);
#449=VERTEX_POINT('',#2019);
#450=VERTEX_POINT('',#2021);
#451=VERTEX_POINT('',#2023);
#452=VERTEX_POINT('',#2025);
#453=VERTEX_POINT('',#2027);
#454=VERTEX_POINT('',#2029);
#455=VERTEX_POINT('',#2031);
#456=VERTEX_POINT('',#2033);
#457=VERTEX_POINT('',#2035);
#458=VERTEX_POINT('',#2037);
#459=VERTEX_POINT('',#2039);
#460=VERTEX_POINT('',#2041);
#461=VERTEX_POINT('',#2043);
#462=VERTEX_POINT('',#2045);
#463=VERTEX_POINT('',#2048);
#464=VERTEX_POINT('',#2049);
#465=VERTEX_POINT('',#2052);
#466=VERTEX_POINT('',#2053);
#467=VERTEX_POINT('',#2056);
#468=VERTEX_POINT('',#2058);
#469=VERTEX_POINT('',#2059);
#470=VERTEX_POINT('',#2062);
#471=VERTEX_POINT('',#2063);
#472=VERTEX_POINT('',#2066);
#473=VERTEX_POINT('',#2069);
#474=VERTEX_POINT('',#2073);
#475=VERTEX_POINT('',#2074);
#476=VERTEX_POINT('',#2079);
#477=VERTEX_POINT('',#2083);
#478=VERTEX_POINT('',#2087);
#479=VERTEX_POINT('',#2091);
#480=VERTEX_POINT('',#2092);
#481=VERTEX_POINT('',#2097);
#482=VERTEX_POINT('',#2101);
#483=VERTEX_POINT('',#2102);
#484=VERTEX_POINT('',#2107);
#485=VERTEX_POINT('',#2111);
#486=VERTEX_POINT('',#2115);
#487=VERTEX_POINT('',#2119);
#488=VERTEX_POINT('',#2123);
#489=VERTEX_POINT('',#2127);
#490=VERTEX_POINT('',#2131);
#491=VERTEX_POINT('',#2132);
#492=VERTEX_POINT('',#2137);
#493=VERTEX_POINT('',#2141);
#494=VERTEX_POINT('',#2145);
#495=VERTEX_POINT('',#2146);
#496=VERTEX_POINT('',#2148);
#497=VERTEX_POINT('',#2150);
#498=VERTEX_POINT('',#2156);
#499=VERTEX_POINT('',#2157);
#500=VERTEX_POINT('',#2168);
#501=VERTEX_POINT('',#2170);
#502=VERTEX_POINT('',#2174);
#503=VERTEX_POINT('',#2175);
#504=VERTEX_POINT('',#2180);
#505=VERTEX_POINT('',#2181);
#506=VERTEX_POINT('',#2198);
#507=VERTEX_POINT('',#2214);
#508=VERTEX_POINT('',#2224);
#509=VERTEX_POINT('',#2238);
#510=VERTEX_POINT('',#2239);
#511=VERTEX_POINT('',#2250);
#512=VERTEX_POINT('',#2252);
#513=VERTEX_POINT('',#2256);
#514=VERTEX_POINT('',#2257);
#515=VERTEX_POINT('',#2262);
#516=VERTEX_POINT('',#2263);
#517=VERTEX_POINT('',#2280);
#518=VERTEX_POINT('',#2296);
#519=VERTEX_POINT('',#2315);
#520=VERTEX_POINT('',#2316);
#521=VERTEX_POINT('',#2327);
#522=VERTEX_POINT('',#2329);
#523=VERTEX_POINT('',#2333);
#524=VERTEX_POINT('',#2334);
#525=VERTEX_POINT('',#2339);
#526=VERTEX_POINT('',#2340);
#527=VERTEX_POINT('',#2357);
#528=VERTEX_POINT('',#2373);
#529=VERTEX_POINT('',#2392);
#530=VERTEX_POINT('',#2393);
#531=VERTEX_POINT('',#2404);
#532=VERTEX_POINT('',#2406);
#533=VERTEX_POINT('',#2410);
#534=VERTEX_POINT('',#2411);
#535=VERTEX_POINT('',#2416);
#536=VERTEX_POINT('',#2417);
#537=VERTEX_POINT('',#2434);
#538=VERTEX_POINT('',#2450);
#539=VERTEX_POINT('',#2469);
#540=VERTEX_POINT('',#2470);
#541=VERTEX_POINT('',#2481);
#542=VERTEX_POINT('',#2483);
#543=VERTEX_POINT('',#2487);
#544=VERTEX_POINT('',#2488);
#545=VERTEX_POINT('',#2493);
#546=VERTEX_POINT('',#2494);
#547=VERTEX_POINT('',#2511);
#548=VERTEX_POINT('',#2527);
#549=VERTEX_POINT('',#2546);
#550=VERTEX_POINT('',#2547);
#551=VERTEX_POINT('',#2558);
#552=VERTEX_POINT('',#2560);
#553=VERTEX_POINT('',#2564);
#554=VERTEX_POINT('',#2565);
#555=VERTEX_POINT('',#2570);
#556=VERTEX_POINT('',#2571);
#557=VERTEX_POINT('',#2588);
#558=VERTEX_POINT('',#2604);
#559=VERTEX_POINT('',#2625);
#560=VERTEX_POINT('',#2626);
#561=VERTEX_POINT('',#2637);
#562=VERTEX_POINT('',#2638);
#563=VERTEX_POINT('',#2642);
#564=VERTEX_POINT('',#2643);
#565=EDGE_CURVE('',#435,#436,#286,.T.);
#566=EDGE_CURVE('',#436,#437,#287,.T.);
#567=EDGE_CURVE('',#437,#438,#288,.T.);
#568=EDGE_CURVE('',#438,#437,#289,.T.);
#569=EDGE_CURVE('',#436,#435,#290,.T.);
#570=EDGE_CURVE('',#439,#440,#291,.T.);
#571=EDGE_CURVE('',#441,#439,#292,.T.);
#572=EDGE_CURVE('',#442,#441,#293,.T.);
#573=EDGE_CURVE('',#443,#442,#294,.T.);
#574=EDGE_CURVE('',#444,#443,#295,.T.);
#575=EDGE_CURVE('',#445,#444,#296,.T.);
#576=EDGE_CURVE('',#446,#445,#297,.T.);
#577=EDGE_CURVE('',#447,#446,#298,.T.);
#578=EDGE_CURVE('',#448,#447,#299,.T.);
#579=EDGE_CURVE('',#449,#448,#300,.T.);
#580=EDGE_CURVE('',#450,#449,#301,.T.);
#581=EDGE_CURVE('',#451,#450,#302,.T.);
#582=EDGE_CURVE('',#452,#451,#303,.T.);
#583=EDGE_CURVE('',#453,#452,#304,.T.);
#584=EDGE_CURVE('',#454,#453,#305,.T.);
#585=EDGE_CURVE('',#455,#454,#306,.T.);
#586=EDGE_CURVE('',#456,#455,#307,.T.);
#587=EDGE_CURVE('',#457,#456,#308,.T.);
#588=EDGE_CURVE('',#458,#457,#309,.T.);
#589=EDGE_CURVE('',#459,#458,#310,.T.);
#590=EDGE_CURVE('',#460,#459,#311,.T.);
#591=EDGE_CURVE('',#461,#460,#312,.T.);
#592=EDGE_CURVE('',#462,#461,#313,.T.);
#593=EDGE_CURVE('',#440,#462,#314,.T.);
#594=EDGE_CURVE('',#463,#464,#315,.T.);
#595=EDGE_CURVE('',#464,#463,#316,.T.);
#596=EDGE_CURVE('',#465,#466,#317,.T.);
#597=EDGE_CURVE('',#466,#465,#318,.T.);
#598=EDGE_CURVE('',#467,#467,#319,.T.);
#599=EDGE_CURVE('',#468,#469,#320,.T.);
#600=EDGE_CURVE('',#469,#468,#321,.T.);
#601=EDGE_CURVE('',#470,#471,#322,.T.);
#602=EDGE_CURVE('',#471,#470,#323,.T.);
#603=EDGE_CURVE('',#472,#472,#324,.T.);
#604=EDGE_CURVE('',#435,#473,#60,.T.);
#605=EDGE_CURVE('',#473,#473,#325,.T.);
#606=EDGE_CURVE('',#474,#475,#326,.T.);
#607=EDGE_CURVE('',#475,#464,#327,.T.);
#608=EDGE_CURVE('',#475,#474,#328,.T.);
#609=EDGE_CURVE('',#474,#476,#61,.T.);
#610=EDGE_CURVE('',#476,#476,#329,.T.);
#611=EDGE_CURVE('',#477,#477,#330,.T.);
#612=EDGE_CURVE('',#477,#472,#331,.T.);
#613=EDGE_CURVE('',#477,#478,#62,.T.);
#614=EDGE_CURVE('',#478,#478,#332,.T.);
#615=EDGE_CURVE('',#479,#480,#333,.T.);
#616=EDGE_CURVE('',#480,#466,#334,.T.);
#617=EDGE_CURVE('',#480,#479,#335,.T.);
#618=EDGE_CURVE('',#479,#481,#63,.T.);
#619=EDGE_CURVE('',#481,#481,#336,.T.);
#620=EDGE_CURVE('',#482,#483,#337,.T.);
#621=EDGE_CURVE('',#483,#471,#338,.T.);
#622=EDGE_CURVE('',#483,#482,#339,.T.);
#623=EDGE_CURVE('',#482,#484,#64,.T.);
#624=EDGE_CURVE('',#484,#484,#340,.T.);
#625=EDGE_CURVE('',#473,#485,#65,.T.);
#626=EDGE_CURVE('',#485,#485,#341,.T.);
#627=EDGE_CURVE('',#476,#486,#66,.T.);
#628=EDGE_CURVE('',#486,#486,#342,.T.);
#629=EDGE_CURVE('',#478,#487,#67,.T.);
#630=EDGE_CURVE('',#487,#487,#343,.T.);
#631=EDGE_CURVE('',#481,#488,#68,.T.);
#632=EDGE_CURVE('',#488,#488,#344,.T.);
#633=EDGE_CURVE('',#484,#489,#69,.T.);
#634=EDGE_CURVE('',#489,#489,#345,.T.);
#635=EDGE_CURVE('',#490,#491,#346,.T.);
#636=EDGE_CURVE('',#491,#469,#347,.T.);
#637=EDGE_CURVE('',#491,#490,#348,.T.);
#638=EDGE_CURVE('',#492,#492,#349,.T.);
#639=EDGE_CURVE('',#492,#490,#70,.T.);
#640=EDGE_CURVE('',#492,#493,#71,.T.);
#641=EDGE_CURVE('',#493,#493,#350,.T.);
#642=EDGE_CURVE('',#494,#495,#351,.T.);
#643=EDGE_CURVE('',#495,#496,#352,.T.);
#644=EDGE_CURVE('',#496,#497,#353,.T.);
#645=EDGE_CURVE('',#497,#496,#354,.T.);
#646=EDGE_CURVE('',#495,#494,#355,.T.);
#647=EDGE_CURVE('',#498,#499,#15,.T.);
#648=EDGE_CURVE('',#499,#500,#356,.T.);
#649=EDGE_CURVE('',#500,#501,#357,.T.);
#650=EDGE_CURVE('',#501,#498,#358,.T.);
#651=EDGE_CURVE('',#502,#503,#359,.T.);
#652=EDGE_CURVE('',#503,#501,#360,.T.);
#653=EDGE_CURVE('',#500,#502,#361,.T.);
#654=EDGE_CURVE('',#504,#505,#16,.T.);
#655=EDGE_CURVE('',#505,#503,#362,.T.);
#656=EDGE_CURVE('',#502,#504,#363,.T.);
#657=EDGE_CURVE('',#452,#502,#364,.T.);
#658=EDGE_CURVE('',#451,#506,#17,.T.);
#659=EDGE_CURVE('',#504,#506,#18,.F.);
#660=EDGE_CURVE('',#453,#500,#365,.T.);
#661=EDGE_CURVE('',#506,#507,#366,.F.);
#662=EDGE_CURVE('',#499,#507,#19,.T.);
#663=EDGE_CURVE('',#498,#505,#367,.T.);
#664=EDGE_CURVE('',#508,#507,#20,.F.);
#665=EDGE_CURVE('',#454,#508,#21,.F.);
#666=EDGE_CURVE('',#509,#510,#22,.T.);
#667=EDGE_CURVE('',#510,#511,#368,.T.);
#668=EDGE_CURVE('',#511,#512,#369,.T.);
#669=EDGE_CURVE('',#512,#509,#370,.T.);
#670=EDGE_CURVE('',#513,#514,#371,.T.);
#671=EDGE_CURVE('',#514,#512,#372,.T.);
#672=EDGE_CURVE('',#511,#513,#373,.T.);
#673=EDGE_CURVE('',#515,#516,#23,.T.);
#674=EDGE_CURVE('',#516,#514,#374,.T.);
#675=EDGE_CURVE('',#513,#515,#375,.T.);
#676=EDGE_CURVE('',#456,#513,#376,.T.);
#677=EDGE_CURVE('',#455,#517,#24,.T.);
#678=EDGE_CURVE('',#515,#517,#25,.F.);
#679=EDGE_CURVE('',#457,#511,#377,.T.);
#680=EDGE_CURVE('',#517,#518,#378,.F.);
#681=EDGE_CURVE('',#510,#518,#26,.T.);
#682=EDGE_CURVE('',#509,#516,#379,.T.);
#683=EDGE_CURVE('',#458,#518,#27,.F.);
#684=EDGE_CURVE('',#519,#520,#28,.T.);
#685=EDGE_CURVE('',#520,#521,#380,.T.);
#686=EDGE_CURVE('',#521,#522,#381,.T.);
#687=EDGE_CURVE('',#522,#519,#382,.T.);
#688=EDGE_CURVE('',#523,#524,#383,.T.);
#689=EDGE_CURVE('',#524,#522,#384,.T.);
#690=EDGE_CURVE('',#521,#523,#385,.T.);
#691=EDGE_CURVE('',#525,#526,#29,.T.);
#692=EDGE_CURVE('',#526,#524,#386,.T.);
#693=EDGE_CURVE('',#523,#525,#387,.T.);
#694=EDGE_CURVE('',#460,#523,#388,.T.);
#695=EDGE_CURVE('',#459,#527,#30,.T.);
#696=EDGE_CURVE('',#525,#527,#31,.F.);
#697=EDGE_CURVE('',#461,#521,#389,.T.);
#698=EDGE_CURVE('',#527,#528,#390,.F.);
#699=EDGE_CURVE('',#520,#528,#32,.T.);
#700=EDGE_CURVE('',#519,#526,#391,.T.);
#701=EDGE_CURVE('',#462,#528,#33,.F.);
#702=EDGE_CURVE('',#529,#530,#34,.T.);
#703=EDGE_CURVE('',#530,#531,#392,.T.);
#704=EDGE_CURVE('',#531,#532,#393,.T.);
#705=EDGE_CURVE('',#532,#529,#394,.T.);
#706=EDGE_CURVE('',#533,#534,#395,.T.);
#707=EDGE_CURVE('',#534,#532,#396,.T.);
#708=EDGE_CURVE('',#531,#533,#397,.T.);
#709=EDGE_CURVE('',#535,#536,#35,.T.);
#710=EDGE_CURVE('',#536,#534,#398,.T.);
#711=EDGE_CURVE('',#533,#535,#399,.T.);
#712=EDGE_CURVE('',#439,#533,#400,.T.);
#713=EDGE_CURVE('',#440,#537,#36,.T.);
#714=EDGE_CURVE('',#535,#537,#37,.F.);
#715=EDGE_CURVE('',#441,#531,#401,.T.);
#716=EDGE_CURVE('',#537,#538,#402,.F.);
#717=EDGE_CURVE('',#530,#538,#38,.T.);
#718=EDGE_CURVE('',#529,#536,#403,.T.);
#719=EDGE_CURVE('',#442,#538,#39,.F.);
#720=EDGE_CURVE('',#539,#540,#40,.T.);
#721=EDGE_CURVE('',#540,#541,#404,.T.);
#722=EDGE_CURVE('',#541,#542,#405,.T.);
#723=EDGE_CURVE('',#542,#539,#406,.T.);
#724=EDGE_CURVE('',#543,#544,#407,.T.);
#725=EDGE_CURVE('',#544,#542,#408,.T.);
#726=EDGE_CURVE('',#541,#543,#409,.T.);
#727=EDGE_CURVE('',#545,#546,#41,.T.);
#728=EDGE_CURVE('',#546,#544,#410,.T.);
#729=EDGE_CURVE('',#543,#545,#411,.T.);
#730=EDGE_CURVE('',#444,#543,#412,.T.);
#731=EDGE_CURVE('',#443,#547,#42,.T.);
#732=EDGE_CURVE('',#545,#547,#43,.F.);
#733=EDGE_CURVE('',#445,#541,#413,.T.);
#734=EDGE_CURVE('',#547,#548,#414,.F.);
#735=EDGE_CURVE('',#540,#548,#44,.T.);
#736=EDGE_CURVE('',#539,#546,#415,.T.);
#737=EDGE_CURVE('',#446,#548,#45,.F.);
#738=EDGE_CURVE('',#549,#550,#46,.T.);
#739=EDGE_CURVE('',#550,#551,#416,.T.);
#740=EDGE_CURVE('',#551,#552,#417,.T.);
#741=EDGE_CURVE('',#552,#549,#418,.T.);
#742=EDGE_CURVE('',#553,#554,#419,.T.);
#743=EDGE_CURVE('',#554,#552,#420,.T.);
#744=EDGE_CURVE('',#551,#553,#421,.T.);
#745=EDGE_CURVE('',#555,#556,#47,.T.);
#746=EDGE_CURVE('',#556,#554,#422,.T.);
#747=EDGE_CURVE('',#553,#555,#423,.T.);
#748=EDGE_CURVE('',#448,#553,#424,.T.);
#749=EDGE_CURVE('',#447,#557,#48,.T.);
#750=EDGE_CURVE('',#555,#557,#49,.F.);
#751=EDGE_CURVE('',#449,#551,#425,.T.);
#752=EDGE_CURVE('',#557,#558,#426,.F.);
#753=EDGE_CURVE('',#550,#558,#50,.T.);
#754=EDGE_CURVE('',#549,#556,#427,.T.);
#755=EDGE_CURVE('',#450,#558,#51,.F.);
#756=EDGE_CURVE('',#497,#467,#428,.T.);
#757=EDGE_CURVE('',#559,#560,#429,.T.);
#758=EDGE_CURVE('',#560,#559,#430,.T.);
#759=EDGE_CURVE('',#560,#508,#72,.T.);
#760=EDGE_CURVE('',#561,#562,#431,.T.);
#761=EDGE_CURVE('',#562,#561,#432,.T.);
#762=EDGE_CURVE('',#563,#564,#433,.T.);
#763=EDGE_CURVE('',#564,#563,#434,.T.);
#764=EDGE_CURVE('',#564,#562,#73,.T.);
#765=ORIENTED_EDGE('',*,*,#565,.T.);
#766=ORIENTED_EDGE('',*,*,#566,.T.);
#767=ORIENTED_EDGE('',*,*,#567,.T.);
#768=ORIENTED_EDGE('',*,*,#568,.T.);
#769=ORIENTED_EDGE('',*,*,#566,.F.);
#770=ORIENTED_EDGE('',*,*,#569,.T.);
#771=ORIENTED_EDGE('',*,*,#570,.F.);
#772=ORIENTED_EDGE('',*,*,#571,.F.);
#773=ORIENTED_EDGE('',*,*,#572,.F.);
#774=ORIENTED_EDGE('',*,*,#573,.F.);
#775=ORIENTED_EDGE('',*,*,#574,.F.);
#776=ORIENTED_EDGE('',*,*,#575,.F.);
#777=ORIENTED_EDGE('',*,*,#576,.F.);
#778=ORIENTED_EDGE('',*,*,#577,.F.);
#779=ORIENTED_EDGE('',*,*,#578,.F.);
#780=ORIENTED_EDGE('',*,*,#579,.F.);
#781=ORIENTED_EDGE('',*,*,#580,.F.);
#782=ORIENTED_EDGE('',*,*,#581,.F.);
#783=ORIENTED_EDGE('',*,*,#582,.F.);
#784=ORIENTED_EDGE('',*,*,#583,.F.);
#785=ORIENTED_EDGE('',*,*,#584,.F.);
#786=ORIENTED_EDGE('',*,*,#585,.F.);
#787=ORIENTED_EDGE('',*,*,#586,.F.);
#788=ORIENTED_EDGE('',*,*,#587,.F.);
#789=ORIENTED_EDGE('',*,*,#588,.F.);
#790=ORIENTED_EDGE('',*,*,#589,.F.);
#791=ORIENTED_EDGE('',*,*,#590,.F.);
#792=ORIENTED_EDGE('',*,*,#591,.F.);
#793=ORIENTED_EDGE('',*,*,#592,.F.);
#794=ORIENTED_EDGE('',*,*,#593,.F.);
#795=ORIENTED_EDGE('',*,*,#594,.F.);
#796=ORIENTED_EDGE('',*,*,#595,.F.);
#797=ORIENTED_EDGE('',*,*,#596,.F.);
#798=ORIENTED_EDGE('',*,*,#597,.F.);
#799=ORIENTED_EDGE('',*,*,#598,.F.);
#800=ORIENTED_EDGE('',*,*,#599,.F.);
#801=ORIENTED_EDGE('',*,*,#600,.F.);
#802=ORIENTED_EDGE('',*,*,#601,.F.);
#803=ORIENTED_EDGE('',*,*,#602,.F.);
#804=ORIENTED_EDGE('',*,*,#603,.F.);
#805=ORIENTED_EDGE('',*,*,#568,.F.);
#806=ORIENTED_EDGE('',*,*,#567,.F.);
#807=ORIENTED_EDGE('',*,*,#565,.F.);
#808=ORIENTED_EDGE('',*,*,#604,.T.);
#809=ORIENTED_EDGE('',*,*,#605,.T.);
#810=ORIENTED_EDGE('',*,*,#604,.F.);
#811=ORIENTED_EDGE('',*,*,#569,.F.);
#812=ORIENTED_EDGE('',*,*,#606,.T.);
#813=ORIENTED_EDGE('',*,*,#607,.T.);
#814=ORIENTED_EDGE('',*,*,#595,.T.);
#815=ORIENTED_EDGE('',*,*,#594,.T.);
#816=ORIENTED_EDGE('',*,*,#607,.F.);
#817=ORIENTED_EDGE('',*,*,#608,.T.);
#818=ORIENTED_EDGE('',*,*,#606,.F.);
#819=ORIENTED_EDGE('',*,*,#609,.T.);
#820=ORIENTED_EDGE('',*,*,#610,.T.);
#821=ORIENTED_EDGE('',*,*,#609,.F.);
#822=ORIENTED_EDGE('',*,*,#608,.F.);
#823=ORIENTED_EDGE('',*,*,#611,.T.);
#824=ORIENTED_EDGE('',*,*,#612,.T.);
#825=ORIENTED_EDGE('',*,*,#603,.T.);
#826=ORIENTED_EDGE('',*,*,#612,.F.);
#827=ORIENTED_EDGE('',*,*,#611,.F.);
#828=ORIENTED_EDGE('',*,*,#613,.T.);
#829=ORIENTED_EDGE('',*,*,#614,.T.);
#830=ORIENTED_EDGE('',*,*,#613,.F.);
#831=ORIENTED_EDGE('',*,*,#615,.T.);
#832=ORIENTED_EDGE('',*,*,#616,.T.);
#833=ORIENTED_EDGE('',*,*,#597,.T.);
#834=ORIENTED_EDGE('',*,*,#596,.T.);
#835=ORIENTED_EDGE('',*,*,#616,.F.);
#836=ORIENTED_EDGE('',*,*,#617,.T.);
#837=ORIENTED_EDGE('',*,*,#615,.F.);
#838=ORIENTED_EDGE('',*,*,#618,.T.);
#839=ORIENTED_EDGE('',*,*,#619,.T.);
#840=ORIENTED_EDGE('',*,*,#618,.F.);
#841=ORIENTED_EDGE('',*,*,#617,.F.);
#842=ORIENTED_EDGE('',*,*,#620,.T.);
#843=ORIENTED_EDGE('',*,*,#621,.T.);
#844=ORIENTED_EDGE('',*,*,#602,.T.);
#845=ORIENTED_EDGE('',*,*,#601,.T.);
#846=ORIENTED_EDGE('',*,*,#621,.F.);
#847=ORIENTED_EDGE('',*,*,#622,.T.);
#848=ORIENTED_EDGE('',*,*,#620,.F.);
#849=ORIENTED_EDGE('',*,*,#623,.T.);
#850=ORIENTED_EDGE('',*,*,#624,.T.);
#851=ORIENTED_EDGE('',*,*,#623,.F.);
#852=ORIENTED_EDGE('',*,*,#622,.F.);
#853=ORIENTED_EDGE('',*,*,#605,.F.);
#854=ORIENTED_EDGE('',*,*,#625,.T.);
#855=ORIENTED_EDGE('',*,*,#626,.F.);
#856=ORIENTED_EDGE('',*,*,#625,.F.);
#857=ORIENTED_EDGE('',*,*,#610,.F.);
#858=ORIENTED_EDGE('',*,*,#627,.T.);
#859=ORIENTED_EDGE('',*,*,#628,.F.);
#860=ORIENTED_EDGE('',*,*,#627,.F.);
#861=ORIENTED_EDGE('',*,*,#614,.F.);
#862=ORIENTED_EDGE('',*,*,#629,.T.);
#863=ORIENTED_EDGE('',*,*,#630,.F.);
#864=ORIENTED_EDGE('',*,*,#629,.F.);
#865=ORIENTED_EDGE('',*,*,#619,.F.);
#866=ORIENTED_EDGE('',*,*,#631,.T.);
#867=ORIENTED_EDGE('',*,*,#632,.F.);
#868=ORIENTED_EDGE('',*,*,#631,.F.);
#869=ORIENTED_EDGE('',*,*,#624,.F.);
#870=ORIENTED_EDGE('',*,*,#633,.T.);
#871=ORIENTED_EDGE('',*,*,#634,.F.);
#872=ORIENTED_EDGE('',*,*,#633,.F.);
#873=ORIENTED_EDGE('',*,*,#635,.T.);
#874=ORIENTED_EDGE('',*,*,#636,.T.);
#875=ORIENTED_EDGE('',*,*,#600,.T.);
#876=ORIENTED_EDGE('',*,*,#599,.T.);
#877=ORIENTED_EDGE('',*,*,#636,.F.);
#878=ORIENTED_EDGE('',*,*,#637,.T.);
#879=ORIENTED_EDGE('',*,*,#638,.T.);
#880=ORIENTED_EDGE('',*,*,#639,.T.);
#881=ORIENTED_EDGE('',*,*,#637,.F.);
#882=ORIENTED_EDGE('',*,*,#635,.F.);
#883=ORIENTED_EDGE('',*,*,#639,.F.);
#884=ORIENTED_EDGE('',*,*,#638,.F.);
#885=ORIENTED_EDGE('',*,*,#640,.T.);
#886=ORIENTED_EDGE('',*,*,#641,.F.);
#887=ORIENTED_EDGE('',*,*,#640,.F.);
#888=ORIENTED_EDGE('',*,*,#642,.T.);
#889=ORIENTED_EDGE('',*,*,#643,.T.);
#890=ORIENTED_EDGE('',*,*,#644,.T.);
#891=ORIENTED_EDGE('',*,*,#645,.T.);
#892=ORIENTED_EDGE('',*,*,#643,.F.);
#893=ORIENTED_EDGE('',*,*,#646,.T.);
#894=ORIENTED_EDGE('',*,*,#642,.F.);
#895=ORIENTED_EDGE('',*,*,#646,.F.);
#896=ORIENTED_EDGE('',*,*,#647,.T.);
#897=ORIENTED_EDGE('',*,*,#648,.T.);
#898=ORIENTED_EDGE('',*,*,#649,.T.);
#899=ORIENTED_EDGE('',*,*,#650,.T.);
#900=ORIENTED_EDGE('',*,*,#651,.T.);
#901=ORIENTED_EDGE('',*,*,#652,.T.);
#902=ORIENTED_EDGE('',*,*,#649,.F.);
#903=ORIENTED_EDGE('',*,*,#653,.T.);
#904=ORIENTED_EDGE('',*,*,#654,.T.);
#905=ORIENTED_EDGE('',*,*,#655,.T.);
#906=ORIENTED_EDGE('',*,*,#651,.F.);
#907=ORIENTED_EDGE('',*,*,#656,.T.);
#908=ORIENTED_EDGE('',*,*,#656,.F.);
#909=ORIENTED_EDGE('',*,*,#657,.F.);
#910=ORIENTED_EDGE('',*,*,#582,.T.);
#911=ORIENTED_EDGE('',*,*,#658,.T.);
#912=ORIENTED_EDGE('',*,*,#659,.F.);
#913=ORIENTED_EDGE('',*,*,#653,.F.);
#914=ORIENTED_EDGE('',*,*,#660,.F.);
#915=ORIENTED_EDGE('',*,*,#583,.T.);
#916=ORIENTED_EDGE('',*,*,#657,.T.);
#917=ORIENTED_EDGE('',*,*,#654,.F.);
#918=ORIENTED_EDGE('',*,*,#659,.T.);
#919=ORIENTED_EDGE('',*,*,#661,.T.);
#920=ORIENTED_EDGE('',*,*,#662,.F.);
#921=ORIENTED_EDGE('',*,*,#647,.F.);
#922=ORIENTED_EDGE('',*,*,#663,.T.);
#923=ORIENTED_EDGE('',*,*,#648,.F.);
#924=ORIENTED_EDGE('',*,*,#662,.T.);
#925=ORIENTED_EDGE('',*,*,#664,.F.);
#926=ORIENTED_EDGE('',*,*,#665,.F.);
#927=ORIENTED_EDGE('',*,*,#584,.T.);
#928=ORIENTED_EDGE('',*,*,#660,.T.);
#929=ORIENTED_EDGE('',*,*,#666,.T.);
#930=ORIENTED_EDGE('',*,*,#667,.T.);
#931=ORIENTED_EDGE('',*,*,#668,.T.);
#932=ORIENTED_EDGE('',*,*,#669,.T.);
#933=ORIENTED_EDGE('',*,*,#670,.T.);
#934=ORIENTED_EDGE('',*,*,#671,.T.);
#935=ORIENTED_EDGE('',*,*,#668,.F.);
#936=ORIENTED_EDGE('',*,*,#672,.T.);
#937=ORIENTED_EDGE('',*,*,#673,.T.);
#938=ORIENTED_EDGE('',*,*,#674,.T.);
#939=ORIENTED_EDGE('',*,*,#670,.F.);
#940=ORIENTED_EDGE('',*,*,#675,.T.);
#941=ORIENTED_EDGE('',*,*,#675,.F.);
#942=ORIENTED_EDGE('',*,*,#676,.F.);
#943=ORIENTED_EDGE('',*,*,#586,.T.);
#944=ORIENTED_EDGE('',*,*,#677,.T.);
#945=ORIENTED_EDGE('',*,*,#678,.F.);
#946=ORIENTED_EDGE('',*,*,#672,.F.);
#947=ORIENTED_EDGE('',*,*,#679,.F.);
#948=ORIENTED_EDGE('',*,*,#587,.T.);
#949=ORIENTED_EDGE('',*,*,#676,.T.);
#950=ORIENTED_EDGE('',*,*,#673,.F.);
#951=ORIENTED_EDGE('',*,*,#678,.T.);
#952=ORIENTED_EDGE('',*,*,#680,.T.);
#953=ORIENTED_EDGE('',*,*,#681,.F.);
#954=ORIENTED_EDGE('',*,*,#666,.F.);
#955=ORIENTED_EDGE('',*,*,#682,.T.);
#956=ORIENTED_EDGE('',*,*,#667,.F.);
#957=ORIENTED_EDGE('',*,*,#681,.T.);
#958=ORIENTED_EDGE('',*,*,#683,.F.);
#959=ORIENTED_EDGE('',*,*,#588,.T.);
#960=ORIENTED_EDGE('',*,*,#679,.T.);
#961=ORIENTED_EDGE('',*,*,#684,.T.);
#962=ORIENTED_EDGE('',*,*,#685,.T.);
#963=ORIENTED_EDGE('',*,*,#686,.T.);
#964=ORIENTED_EDGE('',*,*,#687,.T.);
#965=ORIENTED_EDGE('',*,*,#688,.T.);
#966=ORIENTED_EDGE('',*,*,#689,.T.);
#967=ORIENTED_EDGE('',*,*,#686,.F.);
#968=ORIENTED_EDGE('',*,*,#690,.T.);
#969=ORIENTED_EDGE('',*,*,#691,.T.);
#970=ORIENTED_EDGE('',*,*,#692,.T.);
#971=ORIENTED_EDGE('',*,*,#688,.F.);
#972=ORIENTED_EDGE('',*,*,#693,.T.);
#973=ORIENTED_EDGE('',*,*,#693,.F.);
#974=ORIENTED_EDGE('',*,*,#694,.F.);
#975=ORIENTED_EDGE('',*,*,#590,.T.);
#976=ORIENTED_EDGE('',*,*,#695,.T.);
#977=ORIENTED_EDGE('',*,*,#696,.F.);
#978=ORIENTED_EDGE('',*,*,#690,.F.);
#979=ORIENTED_EDGE('',*,*,#697,.F.);
#980=ORIENTED_EDGE('',*,*,#591,.T.);
#981=ORIENTED_EDGE('',*,*,#694,.T.);
#982=ORIENTED_EDGE('',*,*,#691,.F.);
#983=ORIENTED_EDGE('',*,*,#696,.T.);
#984=ORIENTED_EDGE('',*,*,#698,.T.);
#985=ORIENTED_EDGE('',*,*,#699,.F.);
#986=ORIENTED_EDGE('',*,*,#684,.F.);
#987=ORIENTED_EDGE('',*,*,#700,.T.);
#988=ORIENTED_EDGE('',*,*,#685,.F.);
#989=ORIENTED_EDGE('',*,*,#699,.T.);
#990=ORIENTED_EDGE('',*,*,#701,.F.);
#991=ORIENTED_EDGE('',*,*,#592,.T.);
#992=ORIENTED_EDGE('',*,*,#697,.T.);
#993=ORIENTED_EDGE('',*,*,#702,.T.);
#994=ORIENTED_EDGE('',*,*,#703,.T.);
#995=ORIENTED_EDGE('',*,*,#704,.T.);
#996=ORIENTED_EDGE('',*,*,#705,.T.);
#997=ORIENTED_EDGE('',*,*,#706,.T.);
#998=ORIENTED_EDGE('',*,*,#707,.T.);
#999=ORIENTED_EDGE('',*,*,#704,.F.);
#1000=ORIENTED_EDGE('',*,*,#708,.T.);
#1001=ORIENTED_EDGE('',*,*,#709,.T.);
#1002=ORIENTED_EDGE('',*,*,#710,.T.);
#1003=ORIENTED_EDGE('',*,*,#706,.F.);
#1004=ORIENTED_EDGE('',*,*,#711,.T.);
#1005=ORIENTED_EDGE('',*,*,#711,.F.);
#1006=ORIENTED_EDGE('',*,*,#712,.F.);
#1007=ORIENTED_EDGE('',*,*,#570,.T.);
#1008=ORIENTED_EDGE('',*,*,#713,.T.);
#1009=ORIENTED_EDGE('',*,*,#714,.F.);
#1010=ORIENTED_EDGE('',*,*,#708,.F.);
#1011=ORIENTED_EDGE('',*,*,#715,.F.);
#1012=ORIENTED_EDGE('',*,*,#571,.T.);
#1013=ORIENTED_EDGE('',*,*,#712,.T.);
#1014=ORIENTED_EDGE('',*,*,#709,.F.);
#1015=ORIENTED_EDGE('',*,*,#714,.T.);
#1016=ORIENTED_EDGE('',*,*,#716,.T.);
#1017=ORIENTED_EDGE('',*,*,#717,.F.);
#1018=ORIENTED_EDGE('',*,*,#702,.F.);
#1019=ORIENTED_EDGE('',*,*,#718,.T.);
#1020=ORIENTED_EDGE('',*,*,#703,.F.);
#1021=ORIENTED_EDGE('',*,*,#717,.T.);
#1022=ORIENTED_EDGE('',*,*,#719,.F.);
#1023=ORIENTED_EDGE('',*,*,#572,.T.);
#1024=ORIENTED_EDGE('',*,*,#715,.T.);
#1025=ORIENTED_EDGE('',*,*,#720,.T.);
#1026=ORIENTED_EDGE('',*,*,#721,.T.);
#1027=ORIENTED_EDGE('',*,*,#722,.T.);
#1028=ORIENTED_EDGE('',*,*,#723,.T.);
#1029=ORIENTED_EDGE('',*,*,#724,.T.);
#1030=ORIENTED_EDGE('',*,*,#725,.T.);
#1031=ORIENTED_EDGE('',*,*,#722,.F.);
#1032=ORIENTED_EDGE('',*,*,#726,.T.);
#1033=ORIENTED_EDGE('',*,*,#727,.T.);
#1034=ORIENTED_EDGE('',*,*,#728,.T.);
#1035=ORIENTED_EDGE('',*,*,#724,.F.);
#1036=ORIENTED_EDGE('',*,*,#729,.T.);
#1037=ORIENTED_EDGE('',*,*,#729,.F.);
#1038=ORIENTED_EDGE('',*,*,#730,.F.);
#1039=ORIENTED_EDGE('',*,*,#574,.T.);
#1040=ORIENTED_EDGE('',*,*,#731,.T.);
#1041=ORIENTED_EDGE('',*,*,#732,.F.);
#1042=ORIENTED_EDGE('',*,*,#726,.F.);
#1043=ORIENTED_EDGE('',*,*,#733,.F.);
#1044=ORIENTED_EDGE('',*,*,#575,.T.);
#1045=ORIENTED_EDGE('',*,*,#730,.T.);
#1046=ORIENTED_EDGE('',*,*,#727,.F.);
#1047=ORIENTED_EDGE('',*,*,#732,.T.);
#1048=ORIENTED_EDGE('',*,*,#734,.T.);
#1049=ORIENTED_EDGE('',*,*,#735,.F.);
#1050=ORIENTED_EDGE('',*,*,#720,.F.);
#1051=ORIENTED_EDGE('',*,*,#736,.T.);
#1052=ORIENTED_EDGE('',*,*,#721,.F.);
#1053=ORIENTED_EDGE('',*,*,#735,.T.);
#1054=ORIENTED_EDGE('',*,*,#737,.F.);
#1055=ORIENTED_EDGE('',*,*,#576,.T.);
#1056=ORIENTED_EDGE('',*,*,#733,.T.);
#1057=ORIENTED_EDGE('',*,*,#738,.T.);
#1058=ORIENTED_EDGE('',*,*,#739,.T.);
#1059=ORIENTED_EDGE('',*,*,#740,.T.);
#1060=ORIENTED_EDGE('',*,*,#741,.T.);
#1061=ORIENTED_EDGE('',*,*,#742,.T.);
#1062=ORIENTED_EDGE('',*,*,#743,.T.);
#1063=ORIENTED_EDGE('',*,*,#740,.F.);
#1064=ORIENTED_EDGE('',*,*,#744,.T.);
#1065=ORIENTED_EDGE('',*,*,#745,.T.);
#1066=ORIENTED_EDGE('',*,*,#746,.T.);
#1067=ORIENTED_EDGE('',*,*,#742,.F.);
#1068=ORIENTED_EDGE('',*,*,#747,.T.);
#1069=ORIENTED_EDGE('',*,*,#747,.F.);
#1070=ORIENTED_EDGE('',*,*,#748,.F.);
#1071=ORIENTED_EDGE('',*,*,#578,.T.);
#1072=ORIENTED_EDGE('',*,*,#749,.T.);
#1073=ORIENTED_EDGE('',*,*,#750,.F.);
#1074=ORIENTED_EDGE('',*,*,#744,.F.);
#1075=ORIENTED_EDGE('',*,*,#751,.F.);
#1076=ORIENTED_EDGE('',*,*,#579,.T.);
#1077=ORIENTED_EDGE('',*,*,#748,.T.);
#1078=ORIENTED_EDGE('',*,*,#745,.F.);
#1079=ORIENTED_EDGE('',*,*,#750,.T.);
#1080=ORIENTED_EDGE('',*,*,#752,.T.);
#1081=ORIENTED_EDGE('',*,*,#753,.F.);
#1082=ORIENTED_EDGE('',*,*,#738,.F.);
#1083=ORIENTED_EDGE('',*,*,#754,.T.);
#1084=ORIENTED_EDGE('',*,*,#739,.F.);
#1085=ORIENTED_EDGE('',*,*,#753,.T.);
#1086=ORIENTED_EDGE('',*,*,#755,.F.);
#1087=ORIENTED_EDGE('',*,*,#580,.T.);
#1088=ORIENTED_EDGE('',*,*,#751,.T.);
#1089=ORIENTED_EDGE('',*,*,#645,.F.);
#1090=ORIENTED_EDGE('',*,*,#756,.T.);
#1091=ORIENTED_EDGE('',*,*,#598,.T.);
#1092=ORIENTED_EDGE('',*,*,#756,.F.);
#1093=ORIENTED_EDGE('',*,*,#644,.F.);
#1094=ORIENTED_EDGE('',*,*,#757,.F.);
#1095=ORIENTED_EDGE('',*,*,#758,.F.);
#1096=ORIENTED_EDGE('',*,*,#759,.T.);
#1097=ORIENTED_EDGE('',*,*,#664,.T.);
#1098=ORIENTED_EDGE('',*,*,#661,.F.);
#1099=ORIENTED_EDGE('',*,*,#658,.F.);
#1100=ORIENTED_EDGE('',*,*,#581,.T.);
#1101=ORIENTED_EDGE('',*,*,#755,.T.);
#1102=ORIENTED_EDGE('',*,*,#752,.F.);
#1103=ORIENTED_EDGE('',*,*,#749,.F.);
#1104=ORIENTED_EDGE('',*,*,#577,.T.);
#1105=ORIENTED_EDGE('',*,*,#737,.T.);
#1106=ORIENTED_EDGE('',*,*,#734,.F.);
#1107=ORIENTED_EDGE('',*,*,#731,.F.);
#1108=ORIENTED_EDGE('',*,*,#573,.T.);
#1109=ORIENTED_EDGE('',*,*,#719,.T.);
#1110=ORIENTED_EDGE('',*,*,#716,.F.);
#1111=ORIENTED_EDGE('',*,*,#713,.F.);
#1112=ORIENTED_EDGE('',*,*,#593,.T.);
#1113=ORIENTED_EDGE('',*,*,#701,.T.);
#1114=ORIENTED_EDGE('',*,*,#698,.F.);
#1115=ORIENTED_EDGE('',*,*,#695,.F.);
#1116=ORIENTED_EDGE('',*,*,#589,.T.);
#1117=ORIENTED_EDGE('',*,*,#683,.T.);
#1118=ORIENTED_EDGE('',*,*,#680,.F.);
#1119=ORIENTED_EDGE('',*,*,#677,.F.);
#1120=ORIENTED_EDGE('',*,*,#585,.T.);
#1121=ORIENTED_EDGE('',*,*,#665,.T.);
#1122=ORIENTED_EDGE('',*,*,#759,.F.);
#1123=ORIENTED_EDGE('',*,*,#728,.F.);
#1124=ORIENTED_EDGE('',*,*,#736,.F.);
#1125=ORIENTED_EDGE('',*,*,#723,.F.);
#1126=ORIENTED_EDGE('',*,*,#725,.F.);
#1127=ORIENTED_EDGE('',*,*,#655,.F.);
#1128=ORIENTED_EDGE('',*,*,#663,.F.);
#1129=ORIENTED_EDGE('',*,*,#650,.F.);
#1130=ORIENTED_EDGE('',*,*,#652,.F.);
#1131=ORIENTED_EDGE('',*,*,#746,.F.);
#1132=ORIENTED_EDGE('',*,*,#754,.F.);
#1133=ORIENTED_EDGE('',*,*,#741,.F.);
#1134=ORIENTED_EDGE('',*,*,#743,.F.);
#1135=ORIENTED_EDGE('',*,*,#674,.F.);
#1136=ORIENTED_EDGE('',*,*,#682,.F.);
#1137=ORIENTED_EDGE('',*,*,#669,.F.);
#1138=ORIENTED_EDGE('',*,*,#671,.F.);
#1139=ORIENTED_EDGE('',*,*,#692,.F.);
#1140=ORIENTED_EDGE('',*,*,#700,.F.);
#1141=ORIENTED_EDGE('',*,*,#687,.F.);
#1142=ORIENTED_EDGE('',*,*,#689,.F.);
#1143=ORIENTED_EDGE('',*,*,#710,.F.);
#1144=ORIENTED_EDGE('',*,*,#718,.F.);
#1145=ORIENTED_EDGE('',*,*,#705,.F.);
#1146=ORIENTED_EDGE('',*,*,#707,.F.);
#1147=ORIENTED_EDGE('',*,*,#757,.T.);
#1148=ORIENTED_EDGE('',*,*,#758,.T.);
#1149=ORIENTED_EDGE('',*,*,#626,.T.);
#1150=ORIENTED_EDGE('',*,*,#628,.T.);
#1151=ORIENTED_EDGE('',*,*,#630,.T.);
#1152=ORIENTED_EDGE('',*,*,#632,.T.);
#1153=ORIENTED_EDGE('',*,*,#634,.T.);
#1154=ORIENTED_EDGE('',*,*,#641,.T.);
#1155=ORIENTED_EDGE('',*,*,#760,.F.);
#1156=ORIENTED_EDGE('',*,*,#761,.F.);
#1157=ORIENTED_EDGE('',*,*,#762,.F.);
#1158=ORIENTED_EDGE('',*,*,#763,.F.);
#1159=ORIENTED_EDGE('',*,*,#764,.T.);
#1160=ORIENTED_EDGE('',*,*,#761,.T.);
#1161=ORIENTED_EDGE('',*,*,#760,.T.);
#1162=ORIENTED_EDGE('',*,*,#764,.F.);
#1163=ORIENTED_EDGE('',*,*,#762,.T.);
#1164=ORIENTED_EDGE('',*,*,#763,.T.);
#1165=TOROIDAL_SURFACE('',#1303,7.81412912564282,2.);
#1166=TOROIDAL_SURFACE('',#1346,7.81412912564283,2.);
#1167=TOROIDAL_SURFACE('',#1352,7.81412912564284,2.);
#1168=TOROIDAL_SURFACE('',#1357,7.81412912564283,2.);
#1169=TOROIDAL_SURFACE('',#1363,7.81412912564281,2.);
#1170=TOROIDAL_SURFACE('',#1379,7.81412912564281,2.);
#1171=TOROIDAL_SURFACE('',#1387,13.4688711258507,2.);
#1172=TOROIDAL_SURFACE('',#1394,51.5311288741493,2.);
#1173=TOROIDAL_SURFACE('',#1398,3.46887112585073,2.);
#1174=TOROIDAL_SURFACE('',#1402,109.387543425872,2.);
#1175=TOROIDAL_SURFACE('',#1405,113.418672300021,2.5);
#1176=TOROIDAL_SURFACE('',#1407,7.5,2.5);
#1177=TOROIDAL_SURFACE('',#1412,47.5,2.5);
#1178=TOROIDAL_SURFACE('',#1413,51.5311288741493,2.);
#1179=TOROIDAL_SURFACE('',#1417,3.46887112585074,2.);
#1180=TOROIDAL_SURFACE('',#1421,109.387543425872,2.);
#1181=TOROIDAL_SURFACE('',#1424,113.418672300021,2.5);
#1182=TOROIDAL_SURFACE('',#1426,7.5,2.5);
#1183=TOROIDAL_SURFACE('',#1431,47.5,2.5);
#1184=TOROIDAL_SURFACE('',#1432,51.5311288741493,2.);
#1185=TOROIDAL_SURFACE('',#1436,3.46887112585073,2.);
#1186=TOROIDAL_SURFACE('',#1440,109.387543425872,2.);
#1187=TOROIDAL_SURFACE('',#1443,113.418672300021,2.5);
#1188=TOROIDAL_SURFACE('',#1445,7.5,2.5);
#1189=TOROIDAL_SURFACE('',#1450,47.5,2.5);
#1190=TOROIDAL_SURFACE('',#1451,51.5311288741493,2.);
#1191=TOROIDAL_SURFACE('',#1455,3.46887112585073,2.);
#1192=TOROIDAL_SURFACE('',#1459,109.387543425872,2.);
#1193=TOROIDAL_SURFACE('',#1462,113.418672300021,2.5);
#1194=TOROIDAL_SURFACE('',#1464,7.5,2.5);
#1195=TOROIDAL_SURFACE('',#1469,47.5,2.5);
#1196=TOROIDAL_SURFACE('',#1470,51.5311288741492,2.);
#1197=TOROIDAL_SURFACE('',#1474,3.46887112585073,2.);
#1198=TOROIDAL_SURFACE('',#1478,109.387543425872,2.);
#1199=TOROIDAL_SURFACE('',#1481,113.418672300021,2.5);
#1200=TOROIDAL_SURFACE('',#1483,7.5,2.5);
#1201=TOROIDAL_SURFACE('',#1488,47.5,2.5);
#1202=TOROIDAL_SURFACE('',#1489,51.5311288741492,2.);
#1203=TOROIDAL_SURFACE('',#1493,3.46887112585073,2.);
#1204=TOROIDAL_SURFACE('',#1497,109.387543425872,2.);
#1205=TOROIDAL_SURFACE('',#1500,113.418672300021,2.5);
#1206=TOROIDAL_SURFACE('',#1502,7.5,2.5);
#1207=TOROIDAL_SURFACE('',#1507,47.5,2.5);
#1208=TOROIDAL_SURFACE('',#1508,17.5,2.5);
#1209=ADVANCED_FACE('',(#124),#1165,.T.);
#1210=ADVANCED_FACE('',(#125,#100,#101,#102,#103,#104,#105,#106),#114,.T.);
#1211=ADVANCED_FACE('',(#126),#88,.F.);
#1212=ADVANCED_FACE('',(#127),#1166,.T.);
#1213=ADVANCED_FACE('',(#128),#89,.F.);
#1214=ADVANCED_FACE('',(#129),#1167,.T.);
#1215=ADVANCED_FACE('',(#130),#90,.F.);
#1216=ADVANCED_FACE('',(#131),#1168,.T.);
#1217=ADVANCED_FACE('',(#132),#91,.F.);
#1218=ADVANCED_FACE('',(#133),#1169,.T.);
#1219=ADVANCED_FACE('',(#134),#92,.F.);
#1220=ADVANCED_FACE('',(#135),#52,.F.);
#1221=ADVANCED_FACE('',(#136),#53,.F.);
#1222=ADVANCED_FACE('',(#137),#54,.F.);
#1223=ADVANCED_FACE('',(#138),#55,.F.);
#1224=ADVANCED_FACE('',(#139),#56,.F.);
#1225=ADVANCED_FACE('',(#140),#1170,.T.);
#1226=ADVANCED_FACE('',(#141),#93,.F.);
#1227=ADVANCED_FACE('',(#142),#57,.F.);
#1228=ADVANCED_FACE('',(#143),#1171,.T.);
#1229=ADVANCED_FACE('',(#144),#115,.T.);
#1230=ADVANCED_FACE('',(#145),#1172,.T.);
#1231=ADVANCED_FACE('',(#146),#1173,.T.);
#1232=ADVANCED_FACE('',(#147),#1174,.T.);
#1233=ADVANCED_FACE('',(#148),#1175,.F.);
#1234=ADVANCED_FACE('',(#149),#1176,.F.);
#1235=ADVANCED_FACE('',(#150),#94,.T.);
#1236=ADVANCED_FACE('',(#151),#1177,.F.);
#1237=ADVANCED_FACE('',(#152),#1178,.T.);
#1238=ADVANCED_FACE('',(#153),#1179,.T.);
#1239=ADVANCED_FACE('',(#154),#1180,.T.);
#1240=ADVANCED_FACE('',(#155),#1181,.F.);
#1241=ADVANCED_FACE('',(#156),#1182,.F.);
#1242=ADVANCED_FACE('',(#157),#95,.T.);
#1243=ADVANCED_FACE('',(#158),#1183,.F.);
#1244=ADVANCED_FACE('',(#159),#1184,.T.);
#1245=ADVANCED_FACE('',(#160),#1185,.T.);
#1246=ADVANCED_FACE('',(#161),#1186,.T.);
#1247=ADVANCED_FACE('',(#162),#1187,.F.);
#1248=ADVANCED_FACE('',(#163),#1188,.F.);
#1249=ADVANCED_FACE('',(#164),#96,.T.);
#1250=ADVANCED_FACE('',(#165),#1189,.F.);
#1251=ADVANCED_FACE('',(#166),#1190,.T.);
#1252=ADVANCED_FACE('',(#167),#1191,.T.);
#1253=ADVANCED_FACE('',(#168),#1192,.T.);
#1254=ADVANCED_FACE('',(#169),#1193,.F.);
#1255=ADVANCED_FACE('',(#170),#1194,.F.);
#1256=ADVANCED_FACE('',(#171),#97,.T.);
#1257=ADVANCED_FACE('',(#172),#1195,.F.);
#1258=ADVANCED_FACE('',(#173),#1196,.T.);
#1259=ADVANCED_FACE('',(#174),#1197,.T.);
#1260=ADVANCED_FACE('',(#175),#1198,.T.);
#1261=ADVANCED_FACE('',(#176),#1199,.F.);
#1262=ADVANCED_FACE('',(#177),#1200,.F.);
#1263=ADVANCED_FACE('',(#178),#98,.T.);
#1264=ADVANCED_FACE('',(#179),#1201,.F.);
#1265=ADVANCED_FACE('',(#180),#1202,.T.);
#1266=ADVANCED_FACE('',(#181),#1203,.T.);
#1267=ADVANCED_FACE('',(#182),#1204,.T.);
#1268=ADVANCED_FACE('',(#183),#1205,.F.);
#1269=ADVANCED_FACE('',(#184),#1206,.F.);
#1270=ADVANCED_FACE('',(#185),#99,.T.);
#1271=ADVANCED_FACE('',(#186),#1207,.F.);
#1272=ADVANCED_FACE('',(#187),#1208,.F.);
#1273=ADVANCED_FACE('',(#188),#58,.T.);
#1274=ADVANCED_FACE('',(#189),#116,.T.);
#1275=ADVANCED_FACE('',(#190),#117,.T.);
#1276=ADVANCED_FACE('',(#191),#118,.T.);
#1277=ADVANCED_FACE('',(#192),#119,.T.);
#1278=ADVANCED_FACE('',(#193),#120,.T.);
#1279=ADVANCED_FACE('',(#194),#121,.T.);
#1280=ADVANCED_FACE('',(#195,#107,#108,#109,#110,#111,#112,#113),#122,.T.);
#1281=ADVANCED_FACE('',(#196),#59,.T.);
#1282=ADVANCED_FACE('',(#197),#123,.T.);
#1283=CLOSED_SHELL('',(#1209,#1210,#1211,#1212,#1213,#1214,#1215,#1216,
#1217,#1218,#1219,#1220,#1221,#1222,#1223,#1224,#1225,#1226,#1227,#1228,
#1229,#1230,#1231,#1232,#1233,#1234,#1235,#1236,#1237,#1238,#1239,#1240,
#1241,#1242,#1243,#1244,#1245,#1246,#1247,#1248,#1249,#1250,#1251,#1252,
#1253,#1254,#1255,#1256,#1257,#1258,#1259,#1260,#1261,#1262,#1263,#1264,
#1265,#1266,#1267,#1268,#1269,#1270,#1271,#1272,#1273,#1274,#1275,#1276,
#1277,#1278,#1279,#1280,#1281,#1282));
#1284=DERIVED_UNIT_ELEMENT(#1286,1.);
#1285=DERIVED_UNIT_ELEMENT(#2653,3.);
#1286=(
MASS_UNIT()
NAMED_UNIT(*)
SI_UNIT($,.GRAM.)
);
#1287=DERIVED_UNIT((#1284,#1285));
#1288=MEASURE_REPRESENTATION_ITEM('density measure',
POSITIVE_RATIO_MEASURE(0.952),#1287);
#1289=PROPERTY_DEFINITION_REPRESENTATION(#1294,#1291);
#1290=PROPERTY_DEFINITION_REPRESENTATION(#1295,#1292);
#1291=REPRESENTATION('material name',(#1293),#2650);
#1292=REPRESENTATION('density',(#1288),#2650);
#1293=DESCRIPTIVE_REPRESENTATION_ITEM(
'\X2\041F043E043B0438044D04420438043B0435043D\X0\, \X2\0432044B0441043E043A0430044F\X0\ 
\X2\043F043B043E0442043D043E04410442044C\X0\',
'\X2\041F043E043B0438044D04420438043B0435043D\X0\, \X2\0432044B0441043E043A0430044F\X0\ 
\X2\043F043B043E0442043D043E04410442044C\X0\');
#1294=PROPERTY_DEFINITION('material property','material name',#2660);
#1295=PROPERTY_DEFINITION('material property','density of part',#2660);
#1296=DATE_TIME_ROLE('creation_date');
#1297=APPLIED_DATE_AND_TIME_ASSIGNMENT(#1298,#1296,(#2660));
#1298=DATE_AND_TIME(#1299,#1300);
#1299=CALENDAR_DATE(2019,2,9);
#1300=LOCAL_TIME(21,29,15.,#1301);
#1301=COORDINATED_UNIVERSAL_TIME_OFFSET(0,0,.BEHIND.);
#1302=AXIS2_PLACEMENT_3D('placement',#1988,#1526,#1527);
#1303=AXIS2_PLACEMENT_3D('',#1989,#1528,#1529);
#1304=AXIS2_PLACEMENT_3D('',#1992,#1530,#1531);
#1305=AXIS2_PLACEMENT_3D('',#1994,#1532,#1533);
#1306=AXIS2_PLACEMENT_3D('',#1996,#1534,#1535);
#1307=AXIS2_PLACEMENT_3D('',#1997,#1536,#1537);
#1308=AXIS2_PLACEMENT_3D('',#1998,#1538,#1539);
#1309=AXIS2_PLACEMENT_3D('',#1999,#1540,#1541);
#1310=AXIS2_PLACEMENT_3D('',#2002,#1542,#1543);
#1311=AXIS2_PLACEMENT_3D('',#2004,#1544,#1545);
#1312=AXIS2_PLACEMENT_3D('',#2006,#1546,#1547);
#1313=AXIS2_PLACEMENT_3D('',#2008,#1548,#1549);
#1314=AXIS2_PLACEMENT_3D('',#2010,#1550,#1551);
#1315=AXIS2_PLACEMENT_3D('',#2012,#1552,#1553);
#1316=AXIS2_PLACEMENT_3D('',#2014,#1554,#1555);
#1317=AXIS2_PLACEMENT_3D('',#2016,#1556,#1557);
#1318=AXIS2_PLACEMENT_3D('',#2018,#1558,#1559);
#1319=AXIS2_PLACEMENT_3D('',#2020,#1560,#1561);
#1320=AXIS2_PLACEMENT_3D('',#2022,#1562,#1563);
#1321=AXIS2_PLACEMENT_3D('',#2024,#1564,#1565);
#1322=AXIS2_PLACEMENT_3D('',#2026,#1566,#1567);
#1323=AXIS2_PLACEMENT_3D('',#2028,#1568,#1569);
#1324=AXIS2_PLACEMENT_3D('',#2030,#1570,#1571);
#1325=AXIS2_PLACEMENT_3D('',#2032,#1572,#1573);
#1326=AXIS2_PLACEMENT_3D('',#2034,#1574,#1575);
#1327=AXIS2_PLACEMENT_3D('',#2036,#1576,#1577);
#1328=AXIS2_PLACEMENT_3D('',#2038,#1578,#1579);
#1329=AXIS2_PLACEMENT_3D('',#2040,#1580,#1581);
#1330=AXIS2_PLACEMENT_3D('',#2042,#1582,#1583);
#1331=AXIS2_PLACEMENT_3D('',#2044,#1584,#1585);
#1332=AXIS2_PLACEMENT_3D('',#2046,#1586,#1587);
#1333=AXIS2_PLACEMENT_3D('',#2047,#1588,#1589);
#1334=AXIS2_PLACEMENT_3D('',#2050,#1590,#1591);
#1335=AXIS2_PLACEMENT_3D('',#2051,#1592,#1593);
#1336=AXIS2_PLACEMENT_3D('',#2054,#1594,#1595);
#1337=AXIS2_PLACEMENT_3D('',#2055,#1596,#1597);
#1338=AXIS2_PLACEMENT_3D('',#2057,#1598,#1599);
#1339=AXIS2_PLACEMENT_3D('',#2060,#1600,#1601);
#1340=AXIS2_PLACEMENT_3D('',#2061,#1602,#1603);
#1341=AXIS2_PLACEMENT_3D('',#2064,#1604,#1605);
#1342=AXIS2_PLACEMENT_3D('',#2065,#1606,#1607);
#1343=AXIS2_PLACEMENT_3D('',#2067,#1608,#1609);
#1344=AXIS2_PLACEMENT_3D('',#2068,#1610,#1611);
#1345=AXIS2_PLACEMENT_3D('',#2071,#1613,#1614);
#1346=AXIS2_PLACEMENT_3D('',#2072,#1615,#1616);
#1347=AXIS2_PLACEMENT_3D('',#2075,#1617,#1618);
#1348=AXIS2_PLACEMENT_3D('',#2076,#1619,#1620);
#1349=AXIS2_PLACEMENT_3D('',#2077,#1621,#1622);
#1350=AXIS2_PLACEMENT_3D('',#2078,#1623,#1624);
#1351=AXIS2_PLACEMENT_3D('',#2081,#1626,#1627);
#1352=AXIS2_PLACEMENT_3D('',#2082,#1628,#1629);
#1353=AXIS2_PLACEMENT_3D('',#2084,#1630,#1631);
#1354=AXIS2_PLACEMENT_3D('',#2085,#1632,#1633);
#1355=AXIS2_PLACEMENT_3D('',#2086,#1634,#1635);
#1356=AXIS2_PLACEMENT_3D('',#2089,#1637,#1638);
#1357=AXIS2_PLACEMENT_3D('',#2090,#1639,#1640);
#1358=AXIS2_PLACEMENT_3D('',#2093,#1641,#1642);
#1359=AXIS2_PLACEMENT_3D('',#2094,#1643,#1644);
#1360=AXIS2_PLACEMENT_3D('',#2095,#1645,#1646);
#1361=AXIS2_PLACEMENT_3D('',#2096,#1647,#1648);
#1362=AXIS2_PLACEMENT_3D('',#2099,#1650,#1651);
#1363=AXIS2_PLACEMENT_3D('',#2100,#1652,#1653);
#1364=AXIS2_PLACEMENT_3D('',#2103,#1654,#1655);
#1365=AXIS2_PLACEMENT_3D('',#2104,#1656,#1657);
#1366=AXIS2_PLACEMENT_3D('',#2105,#1658,#1659);
#1367=AXIS2_PLACEMENT_3D('',#2106,#1660,#1661);
#1368=AXIS2_PLACEMENT_3D('',#2109,#1663,#1664);
#1369=AXIS2_PLACEMENT_3D('',#2110,#1665,#1666);
#1370=AXIS2_PLACEMENT_3D('',#2113,#1668,#1669);
#1371=AXIS2_PLACEMENT_3D('',#2114,#1670,#1671);
#1372=AXIS2_PLACEMENT_3D('',#2117,#1673,#1674);
#1373=AXIS2_PLACEMENT_3D('',#2118,#1675,#1676);
#1374=AXIS2_PLACEMENT_3D('',#2121,#1678,#1679);
#1375=AXIS2_PLACEMENT_3D('',#2122,#1680,#1681);
#1376=AXIS2_PLACEMENT_3D('',#2125,#1683,#1684);
#1377=AXIS2_PLACEMENT_3D('',#2126,#1685,#1686);
#1378=AXIS2_PLACEMENT_3D('',#2129,#1688,#1689);
#1379=AXIS2_PLACEMENT_3D('',#2130,#1690,#1691);
#1380=AXIS2_PLACEMENT_3D('',#2133,#1692,#1693);
#1381=AXIS2_PLACEMENT_3D('',#2134,#1694,#1695);
#1382=AXIS2_PLACEMENT_3D('',#2135,#1696,#1697);
#1383=AXIS2_PLACEMENT_3D('',#2136,#1698,#1699);
#1384=AXIS2_PLACEMENT_3D('',#2138,#1700,#1701);
#1385=AXIS2_PLACEMENT_3D('',#2140,#1703,#1704);
#1386=AXIS2_PLACEMENT_3D('',#2143,#1706,#1707);
#1387=AXIS2_PLACEMENT_3D('',#2144,#1708,#1709);
#1388=AXIS2_PLACEMENT_3D('',#2147,#1710,#1711);
#1389=AXIS2_PLACEMENT_3D('',#2149,#1712,#1713);
#1390=AXIS2_PLACEMENT_3D('',#2151,#1714,#1715);
#1391=AXIS2_PLACEMENT_3D('',#2152,#1716,#1717);
#1392=AXIS2_PLACEMENT_3D('',#2153,#1718,#1719);
#1393=AXIS2_PLACEMENT_3D('',#2154,#1720,#1721);
#1394=AXIS2_PLACEMENT_3D('',#2155,#1722,#1723);
#1395=AXIS2_PLACEMENT_3D('',#2169,#1724,#1725);
#1396=AXIS2_PLACEMENT_3D('',#2171,#1726,#1727);
#1397=AXIS2_PLACEMENT_3D('',#2172,#1728,#1729);
#1398=AXIS2_PLACEMENT_3D('',#2173,#1730,#1731);
#1399=AXIS2_PLACEMENT_3D('',#2176,#1732,#1733);
#1400=AXIS2_PLACEMENT_3D('',#2177,#1734,#1735);
#1401=AXIS2_PLACEMENT_3D('',#2178,#1736,#1737);
#1402=AXIS2_PLACEMENT_3D('',#2179,#1738,#1739);
#1403=AXIS2_PLACEMENT_3D('',#2194,#1740,#1741);
#1404=AXIS2_PLACEMENT_3D('',#2195,#1742,#1743);
#1405=AXIS2_PLACEMENT_3D('',#2196,#1744,#1745);
#1406=AXIS2_PLACEMENT_3D('',#2197,#1746,#1747);
#1407=AXIS2_PLACEMENT_3D('',#2211,#1748,#1749);
#1408=AXIS2_PLACEMENT_3D('',#2212,#1750,#1751);
#1409=AXIS2_PLACEMENT_3D('',#2213,#1752,#1753);
#1410=AXIS2_PLACEMENT_3D('',#2215,#1754,#1755);
#1411=AXIS2_PLACEMENT_3D('',#2222,#1756,#1757);
#1412=AXIS2_PLACEMENT_3D('',#2223,#1758,#1759);
#1413=AXIS2_PLACEMENT_3D('',#2237,#1760,#1761);
#1414=AXIS2_PLACEMENT_3D('',#2251,#1762,#1763);
#1415=AXIS2_PLACEMENT_3D('',#2253,#1764,#1765);
#1416=AXIS2_PLACEMENT_3D('',#2254,#1766,#1767);
#1417=AXIS2_PLACEMENT_3D('',#2255,#1768,#1769);
#1418=AXIS2_PLACEMENT_3D('',#2258,#1770,#1771);
#1419=AXIS2_PLACEMENT_3D('',#2259,#1772,#1773);
#1420=AXIS2_PLACEMENT_3D('',#2260,#1774,#1775);
#1421=AXIS2_PLACEMENT_3D('',#2261,#1776,#1777);
#1422=AXIS2_PLACEMENT_3D('',#2276,#1778,#1779);
#1423=AXIS2_PLACEMENT_3D('',#2277,#1780,#1781);
#1424=AXIS2_PLACEMENT_3D('',#2278,#1782,#1783);
#1425=AXIS2_PLACEMENT_3D('',#2279,#1784,#1785);
#1426=AXIS2_PLACEMENT_3D('',#2293,#1786,#1787);
#1427=AXIS2_PLACEMENT_3D('',#2294,#1788,#1789);
#1428=AXIS2_PLACEMENT_3D('',#2295,#1790,#1791);
#1429=AXIS2_PLACEMENT_3D('',#2297,#1792,#1793);
#1430=AXIS2_PLACEMENT_3D('',#2304,#1794,#1795);
#1431=AXIS2_PLACEMENT_3D('',#2305,#1796,#1797);
#1432=AXIS2_PLACEMENT_3D('',#2314,#1798,#1799);
#1433=AXIS2_PLACEMENT_3D('',#2328,#1800,#1801);
#1434=AXIS2_PLACEMENT_3D('',#2330,#1802,#1803);
#1435=AXIS2_PLACEMENT_3D('',#2331,#1804,#1805);
#1436=AXIS2_PLACEMENT_3D('',#2332,#1806,#1807);
#1437=AXIS2_PLACEMENT_3D('',#2335,#1808,#1809);
#1438=AXIS2_PLACEMENT_3D('',#2336,#1810,#1811);
#1439=AXIS2_PLACEMENT_3D('',#2337,#1812,#1813);
#1440=AXIS2_PLACEMENT_3D('',#2338,#1814,#1815);
#1441=AXIS2_PLACEMENT_3D('',#2353,#1816,#1817);
#1442=AXIS2_PLACEMENT_3D('',#2354,#1818,#1819);
#1443=AXIS2_PLACEMENT_3D('',#2355,#1820,#1821);
#1444=AXIS2_PLACEMENT_3D('',#2356,#1822,#1823);
#1445=AXIS2_PLACEMENT_3D('',#2370,#1824,#1825);
#1446=AXIS2_PLACEMENT_3D('',#2371,#1826,#1827);
#1447=AXIS2_PLACEMENT_3D('',#2372,#1828,#1829);
#1448=AXIS2_PLACEMENT_3D('',#2374,#1830,#1831);
#1449=AXIS2_PLACEMENT_3D('',#2381,#1832,#1833);
#1450=AXIS2_PLACEMENT_3D('',#2382,#1834,#1835);
#1451=AXIS2_PLACEMENT_3D('',#2391,#1836,#1837);
#1452=AXIS2_PLACEMENT_3D('',#2405,#1838,#1839);
#1453=AXIS2_PLACEMENT_3D('',#2407,#1840,#1841);
#1454=AXIS2_PLACEMENT_3D('',#2408,#1842,#1843);
#1455=AXIS2_PLACEMENT_3D('',#2409,#1844,#1845);
#1456=AXIS2_PLACEMENT_3D('',#2412,#1846,#1847);
#1457=AXIS2_PLACEMENT_3D('',#2413,#1848,#1849);
#1458=AXIS2_PLACEMENT_3D('',#2414,#1850,#1851);
#1459=AXIS2_PLACEMENT_3D('',#2415,#1852,#1853);
#1460=AXIS2_PLACEMENT_3D('',#2430,#1854,#1855);
#1461=AXIS2_PLACEMENT_3D('',#2431,#1856,#1857);
#1462=AXIS2_PLACEMENT_3D('',#2432,#1858,#1859);
#1463=AXIS2_PLACEMENT_3D('',#2433,#1860,#1861);
#1464=AXIS2_PLACEMENT_3D('',#2447,#1862,#1863);
#1465=AXIS2_PLACEMENT_3D('',#2448,#1864,#1865);
#1466=AXIS2_PLACEMENT_3D('',#2449,#1866,#1867);
#1467=AXIS2_PLACEMENT_3D('',#2451,#1868,#1869);
#1468=AXIS2_PLACEMENT_3D('',#2458,#1870,#1871);
#1469=AXIS2_PLACEMENT_3D('',#2459,#1872,#1873);
#1470=AXIS2_PLACEMENT_3D('',#2468,#1874,#1875);
#1471=AXIS2_PLACEMENT_3D('',#2482,#1876,#1877);
#1472=AXIS2_PLACEMENT_3D('',#2484,#1878,#1879);
#1473=AXIS2_PLACEMENT_3D('',#2485,#1880,#1881);
#1474=AXIS2_PLACEMENT_3D('',#2486,#1882,#1883);
#1475=AXIS2_PLACEMENT_3D('',#2489,#1884,#1885);
#1476=AXIS2_PLACEMENT_3D('',#2490,#1886,#1887);
#1477=AXIS2_PLACEMENT_3D('',#2491,#1888,#1889);
#1478=AXIS2_PLACEMENT_3D('',#2492,#1890,#1891);
#1479=AXIS2_PLACEMENT_3D('',#2507,#1892,#1893);
#1480=AXIS2_PLACEMENT_3D('',#2508,#1894,#1895);
#1481=AXIS2_PLACEMENT_3D('',#2509,#1896,#1897);
#1482=AXIS2_PLACEMENT_3D('',#2510,#1898,#1899);
#1483=AXIS2_PLACEMENT_3D('',#2524,#1900,#1901);
#1484=AXIS2_PLACEMENT_3D('',#2525,#1902,#1903);
#1485=AXIS2_PLACEMENT_3D('',#2526,#1904,#1905);
#1486=AXIS2_PLACEMENT_3D('',#2528,#1906,#1907);
#1487=AXIS2_PLACEMENT_3D('',#2535,#1908,#1909);
#1488=AXIS2_PLACEMENT_3D('',#2536,#1910,#1911);
#1489=AXIS2_PLACEMENT_3D('',#2545,#1912,#1913);
#1490=AXIS2_PLACEMENT_3D('',#2559,#1914,#1915);
#1491=AXIS2_PLACEMENT_3D('',#2561,#1916,#1917);
#1492=AXIS2_PLACEMENT_3D('',#2562,#1918,#1919);
#1493=AXIS2_PLACEMENT_3D('',#2563,#1920,#1921);
#1494=AXIS2_PLACEMENT_3D('',#2566,#1922,#1923);
#1495=AXIS2_PLACEMENT_3D('',#2567,#1924,#1925);
#1496=AXIS2_PLACEMENT_3D('',#2568,#1926,#1927);
#1497=AXIS2_PLACEMENT_3D('',#2569,#1928,#1929);
#1498=AXIS2_PLACEMENT_3D('',#2584,#1930,#1931);
#1499=AXIS2_PLACEMENT_3D('',#2585,#1932,#1933);
#1500=AXIS2_PLACEMENT_3D('',#2586,#1934,#1935);
#1501=AXIS2_PLACEMENT_3D('',#2587,#1936,#1937);
#1502=AXIS2_PLACEMENT_3D('',#2601,#1938,#1939);
#1503=AXIS2_PLACEMENT_3D('',#2602,#1940,#1941);
#1504=AXIS2_PLACEMENT_3D('',#2603,#1942,#1943);
#1505=AXIS2_PLACEMENT_3D('',#2605,#1944,#1945);
#1506=AXIS2_PLACEMENT_3D('',#2612,#1946,#1947);
#1507=AXIS2_PLACEMENT_3D('',#2613,#1948,#1949);
#1508=AXIS2_PLACEMENT_3D('',#2622,#1950,#1951);
#1509=AXIS2_PLACEMENT_3D('',#2623,#1952,#1953);
#1510=AXIS2_PLACEMENT_3D('',#2624,#1954,#1955);
#1511=AXIS2_PLACEMENT_3D('',#2627,#1956,#1957);
#1512=AXIS2_PLACEMENT_3D('',#2628,#1958,#1959);
#1513=AXIS2_PLACEMENT_3D('',#2630,#1961,#1962);
#1514=AXIS2_PLACEMENT_3D('',#2631,#1963,#1964);
#1515=AXIS2_PLACEMENT_3D('',#2632,#1965,#1966);
#1516=AXIS2_PLACEMENT_3D('',#2633,#1967,#1968);
#1517=AXIS2_PLACEMENT_3D('',#2634,#1969,#1970);
#1518=AXIS2_PLACEMENT_3D('',#2635,#1971,#1972);
#1519=AXIS2_PLACEMENT_3D('',#2636,#1973,#1974);
#1520=AXIS2_PLACEMENT_3D('',#2639,#1975,#1976);
#1521=AXIS2_PLACEMENT_3D('',#2640,#1977,#1978);
#1522=AXIS2_PLACEMENT_3D('',#2641,#1979,#1980);
#1523=AXIS2_PLACEMENT_3D('',#2644,#1981,#1982);
#1524=AXIS2_PLACEMENT_3D('',#2645,#1983,#1984);
#1525=AXIS2_PLACEMENT_3D('',#2647,#1986,#1987);
#1526=DIRECTION('axis',(0.,0.,1.));
#1527=DIRECTION('refdir',(1.,0.,0.));
#1528=DIRECTION('center_axis',(2.81027453945116E-32,-3.06161699786838E-16,
1.));
#1529=DIRECTION('ref_axis',(1.,0.,0.));
#1530=DIRECTION('center_axis',(-5.43051395550434E-17,2.65375713812511E-16,
-1.));
#1531=DIRECTION('ref_axis',(-0.499999999999999,0.866025403784439,2.56974679486586E-16));
#1532=DIRECTION('center_axis',(0.,-1.,-3.06161699786838E-16));
#1533=DIRECTION('ref_axis',(-1.,0.,0.));
#1534=DIRECTION('center_axis',(2.81027453945116E-32,-3.06161699786838E-16,
1.));
#1535=DIRECTION('ref_axis',(-0.499999999999999,0.866025403784439,2.65143809681227E-16));
#1536=DIRECTION('center_axis',(2.81027453945116E-32,-3.06161699786838E-16,
1.));
#1537=DIRECTION('ref_axis',(-0.499999999999999,0.866025403784439,2.65143809681227E-16));
#1538=DIRECTION('center_axis',(-5.43051395550434E-17,2.65375713812511E-16,
-1.));
#1539=DIRECTION('ref_axis',(-0.499999999999999,0.866025403784439,2.56974679486586E-16));
#1540=DIRECTION('center_axis',(2.81027453945116E-32,-3.06161699786838E-16,
1.));
#1541=DIRECTION('ref_axis',(1.,0.,-2.81027453945116E-32));
#1542=DIRECTION('center_axis',(2.81027453945116E-32,-3.06161699786838E-16,
1.));
#1543=DIRECTION('ref_axis',(0.609900201099892,-0.792478229794555,-2.42626481877966E-16));
#1544=DIRECTION('center_axis',(2.81027453945116E-32,-3.06161699786838E-16,
1.));
#1545=DIRECTION('ref_axis',(-0.666222480791778,-0.745753046314696,-2.2832102028092E-16));
#1546=DIRECTION('center_axis',(-2.81027453945116E-32,3.06161699786838E-16,
-1.));
#1547=DIRECTION('ref_axis',(0.9876015585747,0.156981404952379,4.80616937751462E-17));
#1548=DIRECTION('center_axis',(-2.81027453945116E-32,3.06161699786838E-16,
-1.));
#1549=DIRECTION('ref_axis',(0.,1.,3.06161699786838E-16));
#1550=DIRECTION('center_axis',(2.81027453945116E-32,-3.06161699786838E-16,
1.));
#1551=DIRECTION('ref_axis',(0.991256379498152,0.131949953028468,4.03980219059891E-17));
#1552=DIRECTION('center_axis',(2.81027453945116E-32,-3.06161699786838E-16,
1.));
#1553=DIRECTION('ref_axis',(0.31272984266227,-0.949842116095318,-2.9080527679287E-16));
#1554=DIRECTION('center_axis',(-2.81027453945116E-32,3.06161699786838E-16,
-1.));
#1555=DIRECTION('ref_axis',(0.357850894676818,0.933778741018985,2.85887286575186E-16));
#1556=DIRECTION('center_axis',(-2.65143809681227E-16,1.53080849893419E-16,
-1.));
#1557=DIRECTION('ref_axis',(0.,1.,3.06161699786838E-16));
#1558=DIRECTION('center_axis',(2.81027453945116E-32,-3.06161699786838E-16,
1.));
#1559=DIRECTION('ref_axis',(0.381356178398259,0.924428182823022,2.83024503783955E-16));
#1560=DIRECTION('center_axis',(2.81027453945116E-32,-3.06161699786838E-16,
1.));
#1561=DIRECTION('ref_axis',(0.978952323454049,-0.20408906978062,-6.24842565119494E-17));
#1562=DIRECTION('center_axis',(-2.81027453945116E-32,3.06161699786838E-16,
-1.));
#1563=DIRECTION('ref_axis',(-0.629750663897882,0.776797336066606,2.3782559280004E-16));
#1564=DIRECTION('center_axis',(-2.65143809681227E-16,1.53080849893419E-16,
-1.));
#1565=DIRECTION('ref_axis',(0.,1.,3.06161699786838E-16));
#1566=DIRECTION('center_axis',(2.81027453945116E-32,-3.06161699786838E-16,
1.));
#1567=DIRECTION('ref_axis',(-0.609900201099893,0.792478229794554,2.42626481877965E-16));
#1568=DIRECTION('center_axis',(2.81027453945116E-32,-3.06161699786838E-16,
1.));
#1569=DIRECTION('ref_axis',(0.666222480791777,0.745753046314696,2.2832102028092E-16));
#1570=DIRECTION('center_axis',(-2.81027453945116E-32,3.06161699786838E-16,
-1.));
#1571=DIRECTION('ref_axis',(-0.9876015585747,-0.156981404952379,-4.80616937751463E-17));
#1572=DIRECTION('center_axis',(-2.65143809681227E-16,1.53080849893419E-16,
-1.));
#1573=DIRECTION('ref_axis',(0.,1.,3.06161699786838E-16));
#1574=DIRECTION('center_axis',(2.81027453945116E-32,-3.06161699786838E-16,
1.));
#1575=DIRECTION('ref_axis',(-0.991256379498152,-0.131949953028468,-4.03980219059892E-17));
#1576=DIRECTION('center_axis',(2.81027453945116E-32,-3.06161699786838E-16,
1.));
#1577=DIRECTION('ref_axis',(-0.31272984266227,0.949842116095318,2.9080527679287E-16));
#1578=DIRECTION('center_axis',(-2.81027453945116E-32,3.06161699786838E-16,
-1.));
#1579=DIRECTION('ref_axis',(-0.357850894676818,-0.933778741018985,-2.85887286575186E-16));
#1580=DIRECTION('center_axis',(-2.65143809681227E-16,1.53080849893419E-16,
-1.));
#1581=DIRECTION('ref_axis',(0.,1.,3.06161699786838E-16));
#1582=DIRECTION('center_axis',(2.81027453945116E-32,-3.06161699786838E-16,
1.));
#1583=DIRECTION('ref_axis',(-0.38135617839826,-0.924428182823022,-2.83024503783955E-16));
#1584=DIRECTION('center_axis',(2.81027453945116E-32,-3.06161699786838E-16,
1.));
#1585=DIRECTION('ref_axis',(-0.978952323454049,0.204089069780622,6.24842565119498E-17));
#1586=DIRECTION('center_axis',(-2.81027453945116E-32,3.06161699786838E-16,
-1.));
#1587=DIRECTION('ref_axis',(0.629750663897882,-0.776797336066607,-2.3782559280004E-16));
#1588=DIRECTION('center_axis',(-2.65143809681227E-16,1.53080849893419E-16,
-1.));
#1589=DIRECTION('ref_axis',(0.,1.,3.06161699786838E-16));
#1590=DIRECTION('center_axis',(2.81027453945116E-32,-3.06161699786838E-16,
1.));
#1591=DIRECTION('ref_axis',(0.5,0.866025403784439,2.65143809681227E-16));
#1592=DIRECTION('center_axis',(2.81027453945116E-32,-3.06161699786838E-16,
1.));
#1593=DIRECTION('ref_axis',(0.5,0.866025403784439,2.65143809681227E-16));
#1594=DIRECTION('center_axis',(2.81027453945116E-32,-3.06161699786838E-16,
1.));
#1595=DIRECTION('ref_axis',(0.5,-0.866025403784439,-2.65143809681227E-16));
#1596=DIRECTION('center_axis',(2.81027453945116E-32,-3.06161699786838E-16,
1.));
#1597=DIRECTION('ref_axis',(0.5,-0.866025403784439,-2.65143809681227E-16));
#1598=DIRECTION('center_axis',(2.81027453945116E-32,-3.06161699786838E-16,
1.));
#1599=DIRECTION('ref_axis',(-1.,-8.6039842986604E-48,2.81027453945116E-32));
#1600=DIRECTION('center_axis',(2.81027453945116E-32,-3.06161699786838E-16,
1.));
#1601=DIRECTION('ref_axis',(-1.,8.68543829182522E-17,5.46942309027006E-32));
#1602=DIRECTION('center_axis',(2.81027453945116E-32,-3.06161699786838E-16,
1.));
#1603=DIRECTION('ref_axis',(-1.,8.68543829182522E-17,5.46942309027006E-32));
#1604=DIRECTION('center_axis',(2.81027453945116E-32,-3.06161699786838E-16,
1.));
#1605=DIRECTION('ref_axis',(-0.500000000000001,-0.866025403784438,-2.65143809681227E-16));
#1606=DIRECTION('center_axis',(2.81027453945116E-32,-3.06161699786838E-16,
1.));
#1607=DIRECTION('ref_axis',(-0.500000000000001,-0.866025403784438,-2.65143809681227E-16));
#1608=DIRECTION('center_axis',(2.81027453945116E-32,-3.06161699786838E-16,
1.));
#1609=DIRECTION('ref_axis',(1.,8.68543829182508E-17,-1.51125988632296E-33));
#1610=DIRECTION('center_axis',(0.,0.,1.));
#1611=DIRECTION('ref_axis',(-0.499999999999999,0.866025403784439,1.81481927985694E-16));
#1612=DIRECTION('',(-0.37262065676255,0.64539790946242,-0.666794859469825));
#1613=DIRECTION('center_axis',(-2.81027453945116E-32,3.06161699786838E-16,
-1.));
#1614=DIRECTION('ref_axis',(-0.499999999999999,0.866025403784439,0.));
#1615=DIRECTION('center_axis',(2.81027453945116E-32,-3.06161699786838E-16,
1.));
#1616=DIRECTION('ref_axis',(1.,0.,0.));
#1617=DIRECTION('center_axis',(-2.11070574257467E-16,3.19680853367554E-16,
-1.));
#1618=DIRECTION('ref_axis',(0.500000000000001,0.866025403784438,1.71316452991057E-16));
#1619=DIRECTION('center_axis',(0.,-1.,-3.06161699786838E-16));
#1620=DIRECTION('ref_axis',(-1.,0.,0.));
#1621=DIRECTION('center_axis',(-2.11070574257467E-16,3.19680853367554E-16,
-1.));
#1622=DIRECTION('ref_axis',(0.500000000000001,0.866025403784438,1.71316452991057E-16));
#1623=DIRECTION('center_axis',(0.,0.,1.));
#1624=DIRECTION('ref_axis',(0.500000000000001,0.866025403784438,1.81481927985694E-16));
#1625=DIRECTION('',(0.372620656762552,0.645397909462423,-0.666794859469821));
#1626=DIRECTION('center_axis',(-2.81027453945116E-32,3.06161699786838E-16,
-1.));
#1627=DIRECTION('ref_axis',(0.5,0.866025403784438,0.));
#1628=DIRECTION('center_axis',(2.81027453945116E-32,-3.06161699786838E-16,
1.));
#1629=DIRECTION('ref_axis',(1.,0.,0.));
#1630=DIRECTION('center_axis',(0.,-4.28291132477641E-16,-1.));
#1631=DIRECTION('ref_axis',(1.,0.,0.));
#1632=DIRECTION('center_axis',(0.,-1.,-3.06161699786838E-16));
#1633=DIRECTION('ref_axis',(-1.,0.,0.));
#1634=DIRECTION('center_axis',(0.,0.,1.));
#1635=DIRECTION('ref_axis',(1.,-1.70803542250024E-16,-5.50284999948266E-32));
#1636=DIRECTION('',(0.745241313525105,-3.60241172610598E-17,-0.66679485946982));
#1637=DIRECTION('center_axis',(-2.81027453945116E-32,3.06161699786838E-16,
-1.));
#1638=DIRECTION('ref_axis',(1.,-1.70803542250024E-16,0.));
#1639=DIRECTION('center_axis',(2.81027453945116E-32,-3.06161699786838E-16,
1.));
#1640=DIRECTION('ref_axis',(1.,0.,0.));
#1641=DIRECTION('center_axis',(9.40592608214539E-17,3.51033940308039E-16,
-1.));
#1642=DIRECTION('ref_axis',(0.500000000000001,-0.866025403784438,-2.56974679486585E-16));
#1643=DIRECTION('center_axis',(0.,-1.,-3.06161699786838E-16));
#1644=DIRECTION('ref_axis',(-1.,0.,0.));
#1645=DIRECTION('center_axis',(9.40592608214539E-17,3.51033940308039E-16,
-1.));
#1646=DIRECTION('ref_axis',(0.500000000000001,-0.866025403784438,-2.56974679486585E-16));
#1647=DIRECTION('center_axis',(0.,0.,1.));
#1648=DIRECTION('ref_axis',(0.5,-0.866025403784439,-1.81481927985694E-16));
#1649=DIRECTION('',(0.372620656762552,-0.645397909462423,-0.666794859469821));
#1650=DIRECTION('center_axis',(-2.81027453945116E-32,3.06161699786838E-16,
-1.));
#1651=DIRECTION('ref_axis',(0.5,-0.866025403784439,0.));
#1652=DIRECTION('center_axis',(2.81027453945116E-32,-3.06161699786838E-16,
1.));
#1653=DIRECTION('ref_axis',(1.,0.,0.));
#1654=DIRECTION('center_axis',(1.71316452991057E-16,2.96728800752996E-16,
-1.));
#1655=DIRECTION('ref_axis',(-0.500000000000001,-0.866025403784438,-3.42632905982114E-16));
#1656=DIRECTION('center_axis',(0.,-1.,-3.06161699786838E-16));
#1657=DIRECTION('ref_axis',(-1.,0.,0.));
#1658=DIRECTION('center_axis',(1.71316452991057E-16,2.96728800752996E-16,
-1.));
#1659=DIRECTION('ref_axis',(-0.500000000000001,-0.866025403784438,-3.42632905982114E-16));
#1660=DIRECTION('center_axis',(0.,0.,1.));
#1661=DIRECTION('ref_axis',(-0.5,-0.866025403784439,-1.81481927985694E-16));
#1662=DIRECTION('',(-0.37262065676255,-0.64539790946242,-0.666794859469825));
#1663=DIRECTION('center_axis',(-2.81027453945116E-32,3.06161699786838E-16,
-1.));
#1664=DIRECTION('ref_axis',(-0.5,-0.866025403784439,0.));
#1665=DIRECTION('center_axis',(0.,0.,-1.));
#1666=DIRECTION('ref_axis',(-0.499999999999999,0.866025403784439,0.));
#1667=DIRECTION('',(0.,0.,-1.));
#1668=DIRECTION('center_axis',(0.,-3.06161699786838E-16,1.));
#1669=DIRECTION('ref_axis',(-0.499999999999999,0.866025403784439,0.));
#1670=DIRECTION('center_axis',(0.,0.,-1.));
#1671=DIRECTION('ref_axis',(0.5,0.866025403784438,0.));
#1672=DIRECTION('',(0.,0.,-1.));
#1673=DIRECTION('center_axis',(0.,-3.06161699786838E-16,1.));
#1674=DIRECTION('ref_axis',(0.5,0.866025403784438,0.));
#1675=DIRECTION('center_axis',(0.,0.,-1.));
#1676=DIRECTION('ref_axis',(1.,-1.70803542250024E-16,0.));
#1677=DIRECTION('',(0.,0.,-1.));
#1678=DIRECTION('center_axis',(0.,-3.06161699786838E-16,1.));
#1679=DIRECTION('ref_axis',(1.,-1.70803542250024E-16,0.));
#1680=DIRECTION('center_axis',(0.,0.,-1.));
#1681=DIRECTION('ref_axis',(0.5,-0.866025403784439,0.));
#1682=DIRECTION('',(0.,0.,-1.));
#1683=DIRECTION('center_axis',(0.,-3.06161699786838E-16,1.));
#1684=DIRECTION('ref_axis',(0.5,-0.866025403784439,0.));
#1685=DIRECTION('center_axis',(0.,0.,-1.));
#1686=DIRECTION('ref_axis',(-0.5,-0.866025403784439,0.));
#1687=DIRECTION('',(0.,0.,-1.));
#1688=DIRECTION('center_axis',(0.,-3.06161699786838E-16,1.));
#1689=DIRECTION('ref_axis',(-0.5,-0.866025403784439,0.));
#1690=DIRECTION('center_axis',(2.81027453945116E-32,-3.06161699786838E-16,
1.));
#1691=DIRECTION('ref_axis',(1.,0.,0.));
#1692=DIRECTION('center_axis',(0.,5.99607585468701E-16,-1.));
#1693=DIRECTION('ref_axis',(-1.,0.,0.));
#1694=DIRECTION('center_axis',(0.,-1.,-3.06161699786838E-16));
#1695=DIRECTION('ref_axis',(-1.,0.,0.));
#1696=DIRECTION('center_axis',(0.,5.99607585468701E-16,-1.));
#1697=DIRECTION('ref_axis',(-1.,0.,0.));
#1698=DIRECTION('center_axis',(2.81027453945116E-32,0.,1.));
#1699=DIRECTION('ref_axis',(-1.,-5.88913488403455E-48,1.92353742748841E-32));
#1700=DIRECTION('center_axis',(-2.81027453945116E-32,3.06161699786838E-16,
-1.));
#1701=DIRECTION('ref_axis',(-1.,0.,0.));
#1702=DIRECTION('',(0.745241313525099,-9.12657389200881E-17,0.666794859469827));
#1703=DIRECTION('center_axis',(0.,0.,-1.));
#1704=DIRECTION('ref_axis',(-1.,0.,0.));
#1705=DIRECTION('',(0.,0.,-1.));
#1706=DIRECTION('center_axis',(0.,-3.06161699786838E-16,1.));
#1707=DIRECTION('ref_axis',(-1.,0.,0.));
#1708=DIRECTION('center_axis',(1.40513726972558E-32,-3.06161699786838E-16,
1.));
#1709=DIRECTION('ref_axis',(1.,0.,0.));
#1710=DIRECTION('center_axis',(0.,3.06161699786838E-16,-1.));
#1711=DIRECTION('ref_axis',(-1.,0.,0.));
#1712=DIRECTION('center_axis',(1.22464679914735E-16,-1.,-3.06161699786838E-16));
#1713=DIRECTION('ref_axis',(-1.,-1.22464679914735E-16,0.));
#1714=DIRECTION('center_axis',(1.40513726972558E-32,-3.06161699786838E-16,
1.));
#1715=DIRECTION('ref_axis',(-1.,1.61540769969693E-32,0.));
#1716=DIRECTION('center_axis',(1.40513726972558E-32,-3.06161699786838E-16,
1.));
#1717=DIRECTION('ref_axis',(-1.,1.61540769969693E-32,0.));
#1718=DIRECTION('center_axis',(0.,3.06161699786838E-16,-1.));
#1719=DIRECTION('ref_axis',(-1.,0.,0.));
#1720=DIRECTION('center_axis',(0.,-3.06161699786838E-16,1.));
#1721=DIRECTION('ref_axis',(1.,0.,0.));
#1722=DIRECTION('center_axis',(-1.40513726972558E-32,3.06161699786838E-16,
-1.));
#1723=DIRECTION('ref_axis',(-1.,0.,0.));
#1724=DIRECTION('center_axis',(-1.40513726972558E-32,3.06161699786838E-16,
-1.));
#1725=DIRECTION('ref_axis',(-0.991256983323877,-0.13194541678909,-4.46414888197012E-17));
#1726=DIRECTION('center_axis',(-0.321494681430919,-0.946911384349999,0.));
#1727=DIRECTION('ref_axis',(0.848249293936427,-0.287996998489242,0.444444444444455));
#1728=DIRECTION('center_axis',(0.,-3.06161699786838E-16,1.));
#1729=DIRECTION('ref_axis',(-0.991256983323877,-0.131945416789091,-4.03966330832308E-17));
#1730=DIRECTION('center_axis',(-1.40513726972558E-32,3.06161699786838E-16,
-1.));
#1731=DIRECTION('ref_axis',(0.666222480791779,0.745753046314695,3.24812342167584E-16));
#1732=DIRECTION('center_axis',(0.904819751412074,0.425794806749204,0.));
#1733=DIRECTION('ref_axis',(-0.381429719988782,0.810543339070614,0.444444444444453));
#1734=DIRECTION('center_axis',(0.,3.06161699786838E-16,-1.));
#1735=DIRECTION('ref_axis',(0.666222480791778,0.745753046314696,2.2832102028092E-16));
#1736=DIRECTION('center_axis',(1.40513726972558E-32,-3.06161699786838E-16,
1.));
#1737=DIRECTION('ref_axis',(0.666222480791777,0.745753046314697,2.11049597968389E-16));
#1738=DIRECTION('center_axis',(1.40513726972558E-32,-3.06161699786838E-16,
1.));
#1739=DIRECTION('ref_axis',(1.,0.,0.));
#1740=DIRECTION('center_axis',(0.,3.06161699786838E-16,-1.));
#1741=DIRECTION('ref_axis',(-0.602693254932717,0.797972957222616,2.44308756967206E-16));
#1742=DIRECTION('center_axis',(1.40513726972558E-32,-3.06161699786838E-16,
1.));
#1743=DIRECTION('ref_axis',(-0.602693254932717,0.797972957222616,2.496472949571E-16));
#1744=DIRECTION('center_axis',(2.81027453945116E-32,-3.06161699786838E-16,
1.));
#1745=DIRECTION('ref_axis',(1.,0.,0.));
#1746=DIRECTION('center_axis',(-0.904819751412074,-0.425794806749204,0.));
#1747=DIRECTION('ref_axis',(0.,0.,-1.));
#1748=DIRECTION('center_axis',(2.81027453945116E-32,-3.06161699786838E-16,
1.));
#1749=DIRECTION('ref_axis',(1.,0.,0.));
#1750=DIRECTION('center_axis',(0.321494681430921,0.946911384349999,0.));
#1751=DIRECTION('ref_axis',(0.,0.,-1.));
#1752=DIRECTION('center_axis',(0.,3.06161699786838E-16,-1.));
#1753=DIRECTION('ref_axis',(0.,-1.,-3.06161699786838E-16));
#1754=DIRECTION('center_axis',(0.,3.06161699786838E-16,-1.));
#1755=DIRECTION('ref_axis',(0.,1.,3.06161699786838E-16));
#1756=DIRECTION('center_axis',(0.,3.06161699786838E-16,-1.));
#1757=DIRECTION('ref_axis',(0.,-1.,-3.06161699786838E-16));
#1758=DIRECTION('center_axis',(-2.81027453945116E-32,3.06161699786838E-16,
-1.));
#1759=DIRECTION('ref_axis',(-1.,0.,0.));
#1760=DIRECTION('center_axis',(-1.40513726972558E-32,3.06161699786838E-16,
-1.));
#1761=DIRECTION('ref_axis',(-1.,0.,0.));
#1762=DIRECTION('center_axis',(-1.40513726972558E-32,3.06161699786838E-16,
-1.));
#1763=DIRECTION('ref_axis',(-0.381360408809661,-0.92442643763175,-2.90169677328058E-16));
#1764=DIRECTION('center_axis',(0.659301973264329,-0.751878253475762,0.));
#1765=DIRECTION('ref_axis',(0.673537363873569,0.590606938046538,0.44444444444445));
#1766=DIRECTION('center_axis',(0.,-3.06161699786838E-16,1.));
#1767=DIRECTION('ref_axis',(-0.381360408809661,-0.92442643763175,-2.83023969473228E-16));
#1768=DIRECTION('center_axis',(-1.40513726972558E-32,3.06161699786838E-16,
-1.));
#1769=DIRECTION('ref_axis',(-1.,0.,0.));
#1770=DIRECTION('center_axis',(0.0836607562617418,0.996494293943379,0.));
#1771=DIRECTION('ref_axis',(-0.892665982497807,0.0749438422666378,0.444444444444454));
#1772=DIRECTION('center_axis',(0.,3.06161699786838E-16,-1.));
#1773=DIRECTION('ref_axis',(-0.31272984266227,0.949842116095318,2.9080527679287E-16));
#1774=DIRECTION('center_axis',(1.40513726972558E-32,-3.06161699786838E-16,
1.));
#1775=DIRECTION('ref_axis',(-0.31272984266227,0.949842116095318,2.11049597968389E-16));
#1776=DIRECTION('center_axis',(1.40513726972558E-32,-3.06161699786838E-16,
1.));
#1777=DIRECTION('ref_axis',(-0.991795756812839,-0.127832612302368,-3.9868839566033E-17));
#1778=DIRECTION('center_axis',(0.,3.06161699786838E-16,-1.));
#1779=DIRECTION('ref_axis',(-0.992411479954137,-0.122961190849956,-3.76460071984364E-17));
#1780=DIRECTION('center_axis',(1.40513726972558E-32,-3.06161699786838E-16,
1.));
#1781=DIRECTION('ref_axis',(-0.992411479954137,-0.122961190849956,-3.99435671931359E-17));
#1782=DIRECTION('center_axis',(2.81027453945116E-32,-3.06161699786838E-16,
1.));
#1783=DIRECTION('ref_axis',(-0.991325083250736,-0.131432793921158,-3.8310412036179E-17));
#1784=DIRECTION('center_axis',(-0.0836607562617417,-0.996494293943379,0.));
#1785=DIRECTION('ref_axis',(0.,0.,-1.));
#1786=DIRECTION('center_axis',(2.81027453945116E-32,-3.06161699786838E-16,
1.));
#1787=DIRECTION('ref_axis',(1.,0.,0.));
#1788=DIRECTION('center_axis',(-0.659301973264328,0.751878253475762,0.));
#1789=DIRECTION('ref_axis',(0.,0.,-1.));
#1790=DIRECTION('center_axis',(0.,3.06161699786838E-16,-1.));
#1791=DIRECTION('ref_axis',(0.,-1.,-3.06161699786838E-16));
#1792=DIRECTION('center_axis',(0.,3.06161699786838E-16,-1.));
#1793=DIRECTION('ref_axis',(0.,1.,3.06161699786838E-16));
#1794=DIRECTION('center_axis',(0.,3.06161699786838E-16,-1.));
#1795=DIRECTION('ref_axis',(0.,-1.,-3.06161699786838E-16));
#1796=DIRECTION('center_axis',(-2.81027453945116E-32,3.06161699786838E-16,
-1.));
#1797=DIRECTION('ref_axis',(-1.,0.,0.));
#1798=DIRECTION('center_axis',(-1.40513726972558E-32,3.06161699786838E-16,
-1.));
#1799=DIRECTION('ref_axis',(-1.,0.,0.));
#1800=DIRECTION('center_axis',(-1.40513726972558E-32,3.06161699786838E-16,
-1.));
#1801=DIRECTION('ref_axis',(0.609896574514216,-0.79248102084266,-2.45528188508357E-16));
#1802=DIRECTION('center_axis',(0.980796654695251,0.19503313087423,0.));
#1803=DIRECTION('ref_axis',(-0.174711930062854,0.878603936535788,0.444444444444444));
#1804=DIRECTION('center_axis',(0.,-3.06161699786838E-16,1.));
#1805=DIRECTION('ref_axis',(0.609896574514216,-0.79248102084266,-2.42627336389998E-16));
#1806=DIRECTION('center_axis',(-1.40513726972558E-32,3.06161699786838E-16,
-1.));
#1807=DIRECTION('ref_axis',(-1.,0.,0.));
#1808=DIRECTION('center_axis',(-0.821158995150334,0.570699487194175,1.58400927706186E-16));
#1809=DIRECTION('ref_axis',(-0.511236262509026,-0.735599496803979,0.444444444444449));
#1810=DIRECTION('center_axis',(0.,3.06161699786838E-16,-1.));
#1811=DIRECTION('ref_axis',(-0.978952323454049,0.204089069780622,6.24842565119498E-17));
#1812=DIRECTION('center_axis',(1.40513726972558E-32,-3.06161699786838E-16,
1.));
#1813=DIRECTION('ref_axis',(-0.978952323454049,0.204089069780622,0.));
#1814=DIRECTION('center_axis',(1.40513726972558E-32,-3.06161699786838E-16,
1.));
#1815=DIRECTION('ref_axis',(1.,0.,0.));
#1816=DIRECTION('center_axis',(0.,3.06161699786838E-16,-1.));
#1817=DIRECTION('ref_axis',(-0.38971822502142,-0.920934148072572,-2.81954764165642E-16));
#1818=DIRECTION('center_axis',(1.40513726972558E-32,-3.06161699786838E-16,
1.));
#1819=DIRECTION('ref_axis',(-0.38971822502142,-0.920934148072572,-2.79604970351952E-16));
#1820=DIRECTION('center_axis',(2.81027453945116E-32,-3.06161699786838E-16,
1.));
#1821=DIRECTION('ref_axis',(1.,0.,0.));
#1822=DIRECTION('center_axis',(0.821158995150335,-0.570699487194174,-1.26720742164948E-16));
#1823=DIRECTION('ref_axis',(0.,2.2204460492503E-16,-1.));
#1824=DIRECTION('center_axis',(2.81027453945116E-32,-3.06161699786838E-16,
1.));
#1825=DIRECTION('ref_axis',(-0.978952323454049,0.204089069780621,8.88178419700126E-17));
#1826=DIRECTION('center_axis',(-0.98079665469525,-0.195033130874237,0.));
#1827=DIRECTION('ref_axis',(0.,0.,-1.));
#1828=DIRECTION('center_axis',(0.,3.06161699786838E-16,-1.));
#1829=DIRECTION('ref_axis',(0.,1.,3.06161699786838E-16));
#1830=DIRECTION('center_axis',(0.,3.06161699786838E-16,-1.));
#1831=DIRECTION('ref_axis',(0.,1.,3.06161699786838E-16));
#1832=DIRECTION('center_axis',(0.,3.06161699786838E-16,-1.));
#1833=DIRECTION('ref_axis',(0.,1.,3.06161699786838E-16));
#1834=DIRECTION('center_axis',(-2.81027453945116E-32,3.06161699786838E-16,
-1.));
#1835=DIRECTION('ref_axis',(-1.,0.,0.));
#1836=DIRECTION('center_axis',(-1.40513726972558E-32,3.06161699786838E-16,
-1.));
#1837=DIRECTION('ref_axis',(0.989016975142747,0.147801971838982,4.97754356229746E-17));
#1838=DIRECTION('center_axis',(-1.40513726972558E-32,3.06161699786838E-16,
-1.));
#1839=DIRECTION('ref_axis',(0.991256983323877,0.131945416789091,4.46414888197012E-17));
#1840=DIRECTION('center_axis',(0.321494681430923,0.946911384349998,0.));
#1841=DIRECTION('ref_axis',(-0.848249293936431,0.287996998489248,0.444444444444444));
#1842=DIRECTION('center_axis',(0.,-3.06161699786838E-16,1.));
#1843=DIRECTION('ref_axis',(0.991256983323877,0.131945416789091,4.03966330832309E-17));
#1844=DIRECTION('center_axis',(-1.40513726972558E-32,3.06161699786838E-16,
-1.));
#1845=DIRECTION('ref_axis',(-1.,0.,0.));
#1846=DIRECTION('center_axis',(-0.904819751412075,-0.425794806749204,0.));
#1847=DIRECTION('ref_axis',(0.381429719988783,-0.810543339070618,0.444444444444445));
#1848=DIRECTION('center_axis',(0.,3.06161699786838E-16,-1.));
#1849=DIRECTION('ref_axis',(-0.666222480791778,-0.745753046314696,-2.2832102028092E-16));
#1850=DIRECTION('center_axis',(1.40513726972558E-32,-3.06161699786838E-16,
1.));
#1851=DIRECTION('ref_axis',(-0.666222480791778,-0.745753046314696,-2.11049597968389E-16));
#1852=DIRECTION('center_axis',(1.40513726972558E-32,-3.06161699786838E-16,
1.));
#1853=DIRECTION('ref_axis',(1.,0.,0.));
#1854=DIRECTION('center_axis',(0.,3.06161699786838E-16,-1.));
#1855=DIRECTION('ref_axis',(0.602693254932717,-0.797972957222616,-2.44308756967206E-16));
#1856=DIRECTION('center_axis',(1.40513726972558E-32,-3.06161699786838E-16,
1.));
#1857=DIRECTION('ref_axis',(0.602693254932717,-0.797972957222616,-2.39661403158816E-16));
#1858=DIRECTION('center_axis',(2.81027453945116E-32,-3.06161699786838E-16,
1.));
#1859=DIRECTION('ref_axis',(1.,0.,0.));
#1860=DIRECTION('center_axis',(0.904819751412075,0.425794806749203,0.));
#1861=DIRECTION('ref_axis',(0.,0.,-1.));
#1862=DIRECTION('center_axis',(2.81027453945116E-32,-3.06161699786838E-16,
1.));
#1863=DIRECTION('ref_axis',(-0.666222480791778,-0.745753046314696,-2.66453525910038E-16));
#1864=DIRECTION('center_axis',(-0.321494681430922,-0.946911384349998,0.));
#1865=DIRECTION('ref_axis',(0.,0.,-1.));
#1866=DIRECTION('center_axis',(0.,3.06161699786838E-16,-1.));
#1867=DIRECTION('ref_axis',(0.,1.,3.06161699786838E-16));
#1868=DIRECTION('center_axis',(0.,3.06161699786838E-16,-1.));
#1869=DIRECTION('ref_axis',(0.,1.,3.06161699786838E-16));
#1870=DIRECTION('center_axis',(0.,3.06161699786838E-16,-1.));
#1871=DIRECTION('ref_axis',(0.,1.,3.06161699786838E-16));
#1872=DIRECTION('center_axis',(-2.81027453945116E-32,3.06161699786838E-16,
-1.));
#1873=DIRECTION('ref_axis',(0.984186214614174,0.177136938449954,5.32907051820075E-17));
#1874=DIRECTION('center_axis',(-1.40513726972558E-32,3.06161699786838E-16,
-1.));
#1875=DIRECTION('ref_axis',(-1.,0.,0.));
#1876=DIRECTION('center_axis',(-1.40513726972558E-32,3.06161699786838E-16,
-1.));
#1877=DIRECTION('ref_axis',(0.381360408809661,0.92442643763175,2.90169677328058E-16));
#1878=DIRECTION('center_axis',(-0.659301973264328,0.751878253475763,0.));
#1879=DIRECTION('ref_axis',(-0.67353736387357,-0.590606938046537,0.44444444444445));
#1880=DIRECTION('center_axis',(0.,-3.06161699786838E-16,1.));
#1881=DIRECTION('ref_axis',(0.381360408809661,0.92442643763175,2.83023969473228E-16));
#1882=DIRECTION('center_axis',(-1.40513726972558E-32,3.06161699786838E-16,
-1.));
#1883=DIRECTION('ref_axis',(-1.,0.,0.));
#1884=DIRECTION('center_axis',(-0.0836607562617432,-0.996494293943379,0.));
#1885=DIRECTION('ref_axis',(0.89266598249781,-0.0749438422666394,0.444444444444446));
#1886=DIRECTION('center_axis',(0.,3.06161699786838E-16,-1.));
#1887=DIRECTION('ref_axis',(0.31272984266227,-0.949842116095318,-2.9080527679287E-16));
#1888=DIRECTION('center_axis',(1.40513726972558E-32,-3.06161699786838E-16,
1.));
#1889=DIRECTION('ref_axis',(0.31272984266227,-0.949842116095318,-2.11049597968389E-16));
#1890=DIRECTION('center_axis',(1.40513726972558E-32,-3.06161699786838E-16,
1.));
#1891=DIRECTION('ref_axis',(1.,0.,0.));
#1892=DIRECTION('center_axis',(0.,3.06161699786838E-16,-1.));
#1893=DIRECTION('ref_axis',(0.992411479954137,0.122961190849956,3.76460071984364E-17));
#1894=DIRECTION('center_axis',(1.40513726972558E-32,-3.06161699786838E-16,
1.));
#1895=DIRECTION('ref_axis',(0.992411479954137,0.122961190849956,3.9943567193136E-17));
#1896=DIRECTION('center_axis',(2.81027453945116E-32,-3.06161699786838E-16,
1.));
#1897=DIRECTION('ref_axis',(1.,0.,0.));
#1898=DIRECTION('center_axis',(0.0836607562617423,0.996494293943379,0.));
#1899=DIRECTION('ref_axis',(0.,0.,-1.));
#1900=DIRECTION('center_axis',(2.81027453945116E-32,-3.06161699786838E-16,
1.));
#1901=DIRECTION('ref_axis',(1.,0.,0.));
#1902=DIRECTION('center_axis',(0.659301973264328,-0.751878253475763,0.));
#1903=DIRECTION('ref_axis',(0.,0.,-1.));
#1904=DIRECTION('center_axis',(0.,3.06161699786838E-16,-1.));
#1905=DIRECTION('ref_axis',(0.,1.,3.06161699786838E-16));
#1906=DIRECTION('center_axis',(0.,3.06161699786838E-16,-1.));
#1907=DIRECTION('ref_axis',(0.,1.,3.06161699786838E-16));
#1908=DIRECTION('center_axis',(0.,3.06161699786838E-16,-1.));
#1909=DIRECTION('ref_axis',(0.,1.,3.06161699786838E-16));
#1910=DIRECTION('center_axis',(-2.81027453945116E-32,3.06161699786838E-16,
-1.));
#1911=DIRECTION('ref_axis',(-1.,0.,0.));
#1912=DIRECTION('center_axis',(-1.40513726972558E-32,3.06161699786838E-16,
-1.));
#1913=DIRECTION('ref_axis',(-1.,0.,0.));
#1914=DIRECTION('center_axis',(-1.40513726972558E-32,3.06161699786838E-16,
-1.));
#1915=DIRECTION('ref_axis',(-0.609896574514217,0.79248102084266,2.45528188508357E-16));
#1916=DIRECTION('center_axis',(-0.980796654695249,-0.195033130874239,0.));
#1917=DIRECTION('ref_axis',(0.17471193006286,-0.878603936535778,0.44444444444446));
#1918=DIRECTION('center_axis',(0.,-3.06161699786838E-16,1.));
#1919=DIRECTION('ref_axis',(-0.609896574514217,0.79248102084266,2.42627336389998E-16));
#1920=DIRECTION('center_axis',(-1.40513726972558E-32,3.06161699786838E-16,
-1.));
#1921=DIRECTION('ref_axis',(0.978952323454049,-0.20408906978062,0.));
#1922=DIRECTION('center_axis',(0.821158995150335,-0.570699487194173,-1.58400927706185E-16));
#1923=DIRECTION('ref_axis',(0.511236262509025,0.73559949680398,0.444444444444449));
#1924=DIRECTION('center_axis',(0.,3.06161699786838E-16,-1.));
#1925=DIRECTION('ref_axis',(0.978952323454049,-0.20408906978062,-6.24842565119494E-17));
#1926=DIRECTION('center_axis',(1.40513726972558E-32,-3.06161699786838E-16,
1.));
#1927=DIRECTION('ref_axis',(0.978952323454049,-0.20408906978062,0.));
#1928=DIRECTION('center_axis',(1.40513726972558E-32,-3.06161699786838E-16,
1.));
#1929=DIRECTION('ref_axis',(1.,0.,0.));
#1930=DIRECTION('center_axis',(0.,3.06161699786838E-16,-1.));
#1931=DIRECTION('ref_axis',(0.38971822502142,0.920934148072572,2.81954764165642E-16));
#1932=DIRECTION('center_axis',(1.40513726972558E-32,-3.06161699786838E-16,
1.));
#1933=DIRECTION('ref_axis',(0.38971822502142,0.920934148072572,2.79604970351952E-16));
#1934=DIRECTION('center_axis',(2.81027453945116E-32,-3.06161699786838E-16,
1.));
#1935=DIRECTION('ref_axis',(1.,0.,0.));
#1936=DIRECTION('center_axis',(-0.821158995150335,0.570699487194174,1.26720742164948E-16));
#1937=DIRECTION('ref_axis',(0.,2.2204460492503E-16,-1.));
#1938=DIRECTION('center_axis',(2.81027453945116E-32,-3.06161699786838E-16,
1.));
#1939=DIRECTION('ref_axis',(1.,0.,0.));
#1940=DIRECTION('center_axis',(0.98079665469525,0.195033130874234,0.));
#1941=DIRECTION('ref_axis',(0.,0.,-1.));
#1942=DIRECTION('center_axis',(0.,3.06161699786838E-16,-1.));
#1943=DIRECTION('ref_axis',(0.,-1.,-3.06161699786838E-16));
#1944=DIRECTION('center_axis',(0.,3.06161699786838E-16,-1.));
#1945=DIRECTION('ref_axis',(0.,1.,3.06161699786838E-16));
#1946=DIRECTION('center_axis',(0.,3.06161699786838E-16,-1.));
#1947=DIRECTION('ref_axis',(0.,-1.,-3.06161699786838E-16));
#1948=DIRECTION('center_axis',(-2.81027453945116E-32,3.06161699786838E-16,
-1.));
#1949=DIRECTION('ref_axis',(-1.,0.,0.));
#1950=DIRECTION('center_axis',(-2.81027453945116E-32,3.06161699786838E-16,
-1.));
#1951=DIRECTION('ref_axis',(-1.,0.,0.));
#1952=DIRECTION('center_axis',(-1.22464679914735E-16,-1.,-3.06161699786838E-16));
#1953=DIRECTION('ref_axis',(1.,-1.22464679914735E-16,0.));
#1954=DIRECTION('center_axis',(0.,3.06161699786838E-16,-1.));
#1955=DIRECTION('ref_axis',(0.,1.,3.06161699786838E-16));
#1956=DIRECTION('center_axis',(0.,3.06161699786838E-16,-1.));
#1957=DIRECTION('ref_axis',(1.,0.,0.));
#1958=DIRECTION('center_axis',(0.,3.06161699786838E-16,-1.));
#1959=DIRECTION('ref_axis',(1.,0.,0.));
#1960=DIRECTION('',(0.,-3.06161699786838E-16,1.));
#1961=DIRECTION('center_axis',(0.,-3.06161699786838E-16,1.));
#1962=DIRECTION('ref_axis',(1.,0.,0.));
#1963=DIRECTION('center_axis',(0.,-3.06161699786838E-16,1.));
#1964=DIRECTION('ref_axis',(1.,0.,0.));
#1965=DIRECTION('center_axis',(0.,-3.06161699786838E-16,1.));
#1966=DIRECTION('ref_axis',(1.,0.,0.));
#1967=DIRECTION('center_axis',(0.,-3.06161699786838E-16,1.));
#1968=DIRECTION('ref_axis',(1.,0.,0.));
#1969=DIRECTION('center_axis',(0.,-3.06161699786838E-16,1.));
#1970=DIRECTION('ref_axis',(1.,0.,0.));
#1971=DIRECTION('center_axis',(0.,-3.06161699786838E-16,1.));
#1972=DIRECTION('ref_axis',(1.,0.,0.));
#1973=DIRECTION('center_axis',(0.,3.06161699786838E-16,-1.));
#1974=DIRECTION('ref_axis',(-1.,0.,0.));
#1975=DIRECTION('center_axis',(0.,3.06161699786838E-16,-1.));
#1976=DIRECTION('ref_axis',(1.,0.,0.));
#1977=DIRECTION('center_axis',(0.,3.06161699786838E-16,-1.));
#1978=DIRECTION('ref_axis',(1.,0.,0.));
#1979=DIRECTION('center_axis',(0.,3.06161699786838E-16,-1.));
#1980=DIRECTION('ref_axis',(0.,1.,3.06161699786838E-16));
#1981=DIRECTION('center_axis',(0.,3.06161699786838E-16,-1.));
#1982=DIRECTION('ref_axis',(1.,0.,0.));
#1983=DIRECTION('center_axis',(0.,3.06161699786838E-16,-1.));
#1984=DIRECTION('ref_axis',(1.,0.,0.));
#1985=DIRECTION('',(0.,-3.06161699786838E-16,1.));
#1986=DIRECTION('center_axis',(0.,3.06161699786838E-16,-1.));
#1987=DIRECTION('ref_axis',(-1.,0.,0.));
#1988=CARTESIAN_POINT('',(0.,0.,0.));
#1989=CARTESIAN_POINT('Origin',(43.301270189222,25.,2.00000000000001));
#1990=CARTESIAN_POINT('',(46.5415398925735,19.3876882435689,3.4904826270502));
#1991=CARTESIAN_POINT('',(36.8207307825188,25.,3.49048262705021));
#1992=CARTESIAN_POINT('Origin',(43.301270189222,25.,3.49048262705021));
#1993=CARTESIAN_POINT('',(35.4871410635791,25.,4.));
#1994=CARTESIAN_POINT('Origin',(35.4871410635791,25.,2.00000000000001));
#1995=CARTESIAN_POINT('',(47.2083347520434,18.2327656687414,4.));
#1996=CARTESIAN_POINT('Origin',(43.301270189222,25.,4.));
#1997=CARTESIAN_POINT('Origin',(43.301270189222,25.,4.));
#1998=CARTESIAN_POINT('Origin',(43.301270189222,25.,3.49048262705021));
#1999=CARTESIAN_POINT('Origin',(-3.78929427996161,39.9078406009942,4.00000000000001));
#2000=CARTESIAN_POINT('',(17.6039707861942,20.5316443857087,4.));
#2001=CARTESIAN_POINT('',(55.9437127376262,49.9529879499711,4.));
#2002=CARTESIAN_POINT('Origin',(-30.6891108675445,123.155099261702,4.00000000000003));
#2003=CARTESIAN_POINT('',(7.30867435295018,29.7290026320312,4.));
#2004=CARTESIAN_POINT('Origin',(14.4105097355752,27.3177925212993,4.));
#2005=CARTESIAN_POINT('',(-0.838498867579953,74.9953126511855,4.00000000000002));
#2006=CARTESIAN_POINT('Origin',(-37.6696164036747,45.,4.00000000000001));
#2007=CARTESIAN_POINT('',(-15.2887001907999,73.4251703877889,4.00000000000002));
#2008=CARTESIAN_POINT('Origin',(0.,7.65404249467103E-16,3.99999999999999));
#2009=CARTESIAN_POINT('',(-8.97894022639483,25.5113081011777,4.));
#2010=CARTESIAN_POINT('Origin',(-122.,35.,4.));
#2011=CARTESIAN_POINT('',(-22.0917343320384,21.1939989736583,4.));
#2012=CARTESIAN_POINT('Origin',(-16.4526474309702,26.1387637731407,4.));
#2013=CARTESIAN_POINT('',(-65.3670953544731,36.771495005224,4.00000000000001));
#2014=CARTESIAN_POINT('Origin',(-57.8059513721371,-10.1228447563973,3.99999999999999));
#2015=CARTESIAN_POINT('',(-71.2324129284261,23.4721824378178,4.00000000000001));
#2016=CARTESIAN_POINT('Origin',(0.,7.65404249467101E-16,4.));
#2017=CARTESIAN_POINT('',(-26.5829110125891,4.97966371546892,4.));
#2018=CARTESIAN_POINT('Origin',(-91.3108891324554,-88.1550992617015,3.99999999999997));
#2019=CARTESIAN_POINT('',(-29.4004086849886,-8.53500365837297,3.99999999999999));
#2020=CARTESIAN_POINT('Origin',(-30.8631571665454,-1.1790287481586,3.99999999999999));
#2021=CARTESIAN_POINT('',(-64.5285964868932,-38.2238176459615,4.));
#2022=CARTESIAN_POINT('Origin',(-20.1363349684624,-55.1228447563973,3.99999999999998));
#2023=CARTESIAN_POINT('',(-55.9437127376262,-49.9529879499712,4.));
#2024=CARTESIAN_POINT('Origin',(0.,7.65404249467101E-16,4.));
#2025=CARTESIAN_POINT('',(-17.6039707861942,-20.5316443857088,3.99999999999999));
#2026=CARTESIAN_POINT('Origin',(30.6891108675446,-123.155099261702,3.99999999999996));
#2027=CARTESIAN_POINT('',(-7.30867435295019,-29.7290026320313,3.99999999999998));
#2028=CARTESIAN_POINT('Origin',(-14.4105097355752,-27.3177925212993,3.99999999999999));
#2029=CARTESIAN_POINT('',(0.838498867579935,-74.9953126511855,3.99999999999999));
#2030=CARTESIAN_POINT('Origin',(37.6696164036747,-45.,3.99999999999998));
#2031=CARTESIAN_POINT('',(15.2887001907998,-73.4251703877889,3.99999999999999));
#2032=CARTESIAN_POINT('Origin',(0.,7.65404249467101E-16,4.));
#2033=CARTESIAN_POINT('',(8.97894022639483,-25.5113081011777,3.99999999999999));
#2034=CARTESIAN_POINT('Origin',(122.,-35.,3.99999999999998));
#2035=CARTESIAN_POINT('',(22.0917343320384,-21.1939989736583,3.99999999999999));
#2036=CARTESIAN_POINT('Origin',(16.4526474309702,-26.1387637731407,3.99999999999999));
#2037=CARTESIAN_POINT('',(65.3670953544731,-36.7714950052241,3.99999999999999));
#2038=CARTESIAN_POINT('Origin',(57.8059513721371,10.1228447563973,4.));
#2039=CARTESIAN_POINT('',(71.2324129284261,-23.4721824378178,3.99999999999999));
#2040=CARTESIAN_POINT('Origin',(0.,7.65404249467101E-16,4.));
#2041=CARTESIAN_POINT('',(26.5829110125891,-4.97966371546894,3.99999999999999));
#2042=CARTESIAN_POINT('Origin',(91.3108891324554,88.1550992617015,4.00000000000002));
#2043=CARTESIAN_POINT('',(29.4004086849886,8.53500365837295,4.));
#2044=CARTESIAN_POINT('Origin',(30.8631571665454,1.17902874815857,3.99999999999999));
#2045=CARTESIAN_POINT('',(64.5285964868932,38.2238176459614,4.));
#2046=CARTESIAN_POINT('Origin',(20.1363349684624,55.1228447563973,4.00000000000001));
#2047=CARTESIAN_POINT('Origin',(0.,7.65404249467101E-16,4.));
#2048=CARTESIAN_POINT('',(39.3942056264005,-31.7672343312586,3.99999999999998));
#2049=CARTESIAN_POINT('',(35.4871410635791,-25.,3.99999999999999));
#2050=CARTESIAN_POINT('Origin',(43.3012701892219,-25.,3.99999999999999));
#2051=CARTESIAN_POINT('Origin',(43.3012701892219,-25.,3.99999999999999));
#2052=CARTESIAN_POINT('',(-47.2083347520434,-18.2327656687414,3.99999999999999));
#2053=CARTESIAN_POINT('',(-51.1153993148648,-25.,3.99999999999999));
#2054=CARTESIAN_POINT('Origin',(-43.3012701892219,-25.,3.99999999999999));
#2055=CARTESIAN_POINT('Origin',(-43.3012701892219,-25.,3.99999999999999));
#2056=CARTESIAN_POINT('',(17.5,9.18485099360518E-16,3.99999999999999));
#2057=CARTESIAN_POINT('Origin',(-2.55872777460368E-32,-1.22464679914735E-15,
3.99999999999999));
#2058=CARTESIAN_POINT('',(7.81412912564281,50.,4.00000000000001));
#2059=CARTESIAN_POINT('',(-7.81412912564281,50.,4.00000000000001));
#2060=CARTESIAN_POINT('Origin',(9.55493343413395E-32,50.,4.00000000000001));
#2061=CARTESIAN_POINT('Origin',(9.55493343413395E-32,50.,4.00000000000001));
#2062=CARTESIAN_POINT('',(-39.3942056264005,31.7672343312586,4.));
#2063=CARTESIAN_POINT('',(-51.1153993148647,25.,4.));
#2064=CARTESIAN_POINT('Origin',(-43.3012701892219,25.,4.));
#2065=CARTESIAN_POINT('Origin',(-43.3012701892219,25.,4.));
#2066=CARTESIAN_POINT('',(-7.81412912564285,-50.,3.99999999999998));
#2067=CARTESIAN_POINT('Origin',(-8.88178419700125E-15,-50.,3.99999999999998));
#2068=CARTESIAN_POINT('Origin',(43.301270189222,25.,2.3));
#2069=CARTESIAN_POINT('',(44.926270189222,22.1854174377005,0.600000000000008));
#2070=CARTESIAN_POINT('',(45.876270189222,20.5399691705101,2.3));
#2071=CARTESIAN_POINT('Origin',(43.301270189222,25.,0.600000000000008));
#2072=CARTESIAN_POINT('Origin',(43.3012701892219,-25.,2.00000000000001));
#2073=CARTESIAN_POINT('',(40.0610004858703,-30.6123117564311,3.49048262705021));
#2074=CARTESIAN_POINT('',(36.8207307825187,-25.,3.49048262705021));
#2075=CARTESIAN_POINT('Origin',(43.3012701892219,-25.,3.49048262705021));
#2076=CARTESIAN_POINT('Origin',(35.4871410635791,-25.,2.00000000000001));
#2077=CARTESIAN_POINT('Origin',(43.3012701892219,-25.,3.49048262705021));
#2078=CARTESIAN_POINT('Origin',(43.3012701892219,-25.,2.3));
#2079=CARTESIAN_POINT('',(41.6762701892219,-27.8145825622994,0.600000000000024));
#2080=CARTESIAN_POINT('',(40.7262701892219,-29.4600308294899,2.3));
#2081=CARTESIAN_POINT('Origin',(43.3012701892219,-25.,0.600000000000024));
#2082=CARTESIAN_POINT('Origin',(-8.88178419700125E-15,-50.,2.00000000000001));
#2083=CARTESIAN_POINT('',(-6.48053940670321,-50.,3.49048262705021));
#2084=CARTESIAN_POINT('Origin',(-8.88178419700125E-15,-50.,3.49048262705021));
#2085=CARTESIAN_POINT('Origin',(-7.81412912564285,-50.,2.00000000000001));
#2086=CARTESIAN_POINT('Origin',(-8.88178419700125E-15,-50.,2.30000000000001));
#2087=CARTESIAN_POINT('',(-3.25000000000001,-50.,0.600000000000034));
#2088=CARTESIAN_POINT('',(-5.15000000000001,-50.,2.30000000000001));
#2089=CARTESIAN_POINT('Origin',(-8.88178419700125E-15,-50.,0.600000000000034));
#2090=CARTESIAN_POINT('Origin',(-43.3012701892219,-25.,2.00000000000001));
#2091=CARTESIAN_POINT('',(-46.5415398925735,-19.3876882435689,3.49048262705021));
#2092=CARTESIAN_POINT('',(-49.7818095959251,-25.,3.49048262705021));
#2093=CARTESIAN_POINT('Origin',(-43.3012701892219,-25.,3.49048262705021));
#2094=CARTESIAN_POINT('Origin',(-51.1153993148648,-25.,2.00000000000001));
#2095=CARTESIAN_POINT('Origin',(-43.3012701892219,-25.,3.49048262705021));
#2096=CARTESIAN_POINT('Origin',(-43.3012701892219,-25.,2.30000000000001));
#2097=CARTESIAN_POINT('',(-44.9262701892219,-22.1854174377006,0.600000000000028));
#2098=CARTESIAN_POINT('',(-45.8762701892219,-20.5399691705101,2.30000000000001));
#2099=CARTESIAN_POINT('Origin',(-43.3012701892219,-25.,0.600000000000028));
#2100=CARTESIAN_POINT('Origin',(-43.3012701892219,25.,2.00000000000001));
#2101=CARTESIAN_POINT('',(-40.0610004858703,30.6123117564311,3.49048262705021));
#2102=CARTESIAN_POINT('',(-49.7818095959251,25.,3.4904826270502));
#2103=CARTESIAN_POINT('Origin',(-43.3012701892219,25.,3.4904826270502));
#2104=CARTESIAN_POINT('Origin',(-51.1153993148647,25.,2.00000000000001));
#2105=CARTESIAN_POINT('Origin',(-43.3012701892219,25.,3.4904826270502));
#2106=CARTESIAN_POINT('Origin',(-43.3012701892219,25.,2.30000000000001));
#2107=CARTESIAN_POINT('',(-41.6762701892219,27.8145825622994,0.600000000000013));
#2108=CARTESIAN_POINT('',(-40.7262701892219,29.4600308294899,2.30000000000001));
#2109=CARTESIAN_POINT('Origin',(-43.3012701892219,25.,0.600000000000013));
#2110=CARTESIAN_POINT('Origin',(43.301270189222,25.,6.50000000000001));
#2111=CARTESIAN_POINT('',(44.926270189222,22.1854174377005,-1.49999999999999));
#2112=CARTESIAN_POINT('',(44.926270189222,22.1854174377005,6.50000000000001));
#2113=CARTESIAN_POINT('Origin',(43.301270189222,25.,-1.49999999999999));
#2114=CARTESIAN_POINT('Origin',(43.3012701892219,-25.,6.50000000000001));
#2115=CARTESIAN_POINT('',(41.6762701892219,-27.8145825622994,-1.49999999999999));
#2116=CARTESIAN_POINT('',(41.6762701892219,-27.8145825622994,6.50000000000001));
#2117=CARTESIAN_POINT('Origin',(43.3012701892219,-25.,-1.49999999999999));
#2118=CARTESIAN_POINT('Origin',(-8.88178419700125E-15,-50.,6.50000000000001));
#2119=CARTESIAN_POINT('',(-3.25000000000001,-50.,-1.49999999999999));
#2120=CARTESIAN_POINT('',(-3.25000000000001,-50.,6.50000000000001));
#2121=CARTESIAN_POINT('Origin',(-8.88178419700125E-15,-50.,-1.49999999999999));
#2122=CARTESIAN_POINT('Origin',(-43.3012701892219,-25.,6.50000000000001));
#2123=CARTESIAN_POINT('',(-44.9262701892219,-22.1854174377006,-1.49999999999999));
#2124=CARTESIAN_POINT('',(-44.9262701892219,-22.1854174377006,6.50000000000001));
#2125=CARTESIAN_POINT('Origin',(-43.3012701892219,-25.,-1.49999999999999));
#2126=CARTESIAN_POINT('Origin',(-43.3012701892219,25.,6.50000000000001));
#2127=CARTESIAN_POINT('',(-41.6762701892219,27.8145825622994,-1.49999999999999));
#2128=CARTESIAN_POINT('',(-41.6762701892219,27.8145825622994,6.50000000000001));
#2129=CARTESIAN_POINT('Origin',(-43.3012701892219,25.,-1.49999999999999));
#2130=CARTESIAN_POINT('Origin',(3.93438435523163E-32,50.,2.00000000000001));
#2131=CARTESIAN_POINT('',(6.48053940670316,50.,3.4904826270502));
#2132=CARTESIAN_POINT('',(-6.48053940670316,50.,3.4904826270502));
#2133=CARTESIAN_POINT('Origin',(0.,50.,3.4904826270502));
#2134=CARTESIAN_POINT('Origin',(-7.81412912564281,50.,2.00000000000001));
#2135=CARTESIAN_POINT('Origin',(0.,50.,3.4904826270502));
#2136=CARTESIAN_POINT('Origin',(4.77746671706698E-32,50.,2.30000000000001));
#2137=CARTESIAN_POINT('',(3.25,50.,0.600000000000003));
#2138=CARTESIAN_POINT('Origin',(0.,50.,0.600000000000003));
#2139=CARTESIAN_POINT('',(5.15,50.,2.30000000000001));
#2140=CARTESIAN_POINT('Origin',(0.,50.,6.50000000000001));
#2141=CARTESIAN_POINT('',(3.25,50.,-1.49999999999999));
#2142=CARTESIAN_POINT('',(3.25,50.,6.50000000000001));
#2143=CARTESIAN_POINT('Origin',(0.,50.,-1.49999999999999));
#2144=CARTESIAN_POINT('Origin',(1.65668403457305E-32,-1.37772764904077E-15,
4.49999999999999));
#2145=CARTESIAN_POINT('',(13.4688711258507,-3.63951203985458E-15,6.49999999999999));
#2146=CARTESIAN_POINT('',(-13.4688711258507,-3.63951203985458E-15,6.49999999999999));
#2147=CARTESIAN_POINT('Origin',(1.65668403457305E-32,-1.99005104861445E-15,
6.49999999999999));
#2148=CARTESIAN_POINT('',(-15.260483958806,-3.51874166554375E-15,5.38888888888888));
#2149=CARTESIAN_POINT('Origin',(-13.4688711258507,-3.0271886402809E-15,
4.49999999999999));
#2150=CARTESIAN_POINT('',(15.260483958806,2.18998901174499E-16,5.38888888888888));
#2151=CARTESIAN_POINT('Origin',(1.34443130796737E-32,-1.64987138218463E-15,
5.38888888888888));
#2152=CARTESIAN_POINT('Origin',(1.34443130796737E-32,-1.64987138218463E-15,
5.38888888888888));
#2153=CARTESIAN_POINT('Origin',(1.65668403457305E-32,-1.99005104861445E-15,
6.49999999999999));
#2154=CARTESIAN_POINT('Origin',(0.,75.,6.50000000000002));
#2155=CARTESIAN_POINT('Origin',(37.6696164036747,-45.,4.49999999999998));
#2156=CARTESIAN_POINT('',(-5.73597736047478,-72.7742987854924,6.49999999999997));
#2157=CARTESIAN_POINT('',(-2.69642328885093,-74.0620421779638,5.38888888888992));
#2158=CARTESIAN_POINT('Ctrl Pts',(-5.73597736047479,-72.7742987854924,6.49999999999997));
#2159=CARTESIAN_POINT('Ctrl Pts',(-5.62706255283724,-72.7828833116404,6.49999999999997));
#2160=CARTESIAN_POINT('Ctrl Pts',(-5.51839576984356,-72.7969134058998,6.49430369185053));
#2161=CARTESIAN_POINT('Ctrl Pts',(-5.05039532287099,-72.876081981693,6.45003982399337));
#2162=CARTESIAN_POINT('Ctrl Pts',(-4.6636985026752,-72.991230305727,6.36102918918513));
#2163=CARTESIAN_POINT('Ctrl Pts',(-3.75156046889846,-73.3682295190903,6.03784198432968));
#2164=CARTESIAN_POINT('Ctrl Pts',(-3.26167498130259,-73.6489310389526,5.78014843503469));
#2165=CARTESIAN_POINT('Ctrl Pts',(-2.79169968588834,-73.9899002270595,5.45746897479235));
#2166=CARTESIAN_POINT('Ctrl Pts',(-2.74362504763385,-74.0257874316632,5.4234022646812));
#2167=CARTESIAN_POINT('Ctrl Pts',(-2.69642328885057,-74.0620421779641,5.38888888889072));
#2168=CARTESIAN_POINT('',(-9.4292975877913,-29.0090101358081,5.38888888888889));
#2169=CARTESIAN_POINT('Origin',(37.6696164036747,-45.,5.38888888888888));
#2170=CARTESIAN_POINT('',(-11.1257961756641,-28.4330161388297,6.49999999999998));
#2171=CARTESIAN_POINT('Origin',(-11.1257961756641,-28.4330161388297,4.49999999999998));
#2172=CARTESIAN_POINT('Origin',(37.6696164036747,-45.,6.49999999999998));
#2173=CARTESIAN_POINT('Origin',(-14.4105097355752,-27.3177925212993,4.49999999999998));
#2174=CARTESIAN_POINT('',(-16.6503964862222,-22.5580027333853,5.38888888888888));
#2175=CARTESIAN_POINT('',(-15.8875370462447,-24.1790894115266,6.49999999999999));
#2176=CARTESIAN_POINT('Origin',(-15.8875370462447,-24.1790894115266,4.49999999999999));
#2177=CARTESIAN_POINT('Origin',(-14.4105097355752,-27.3177925212993,6.49999999999999));
#2178=CARTESIAN_POINT('Origin',(-14.4105097355752,-27.3177925212993,5.38888888888888));
#2179=CARTESIAN_POINT('Origin',(30.6891108675446,-123.155099261702,4.49999999999996));
#2180=CARTESIAN_POINT('',(-53.8367405229366,-50.931936542683,5.38888888889417));
#2181=CARTESIAN_POINT('',(-51.8571146387757,-51.3793699975085,6.49999999999998));
#2182=CARTESIAN_POINT('Ctrl Pts',(-53.836740522939,-50.931936542684,5.388888888897));
#2183=CARTESIAN_POINT('Ctrl Pts',(-53.8071990459907,-50.9200118420347,5.418543887897));
#2184=CARTESIAN_POINT('Ctrl Pts',(-53.7773323700574,-50.9088915801398,5.44787955255994));
#2185=CARTESIAN_POINT('Ctrl Pts',(-53.5016877179783,-50.8147904752475,5.71272556780645));
#2186=CARTESIAN_POINT('Ctrl Pts',(-53.2440348231948,-50.787756728577,5.91818083605613));
#2187=CARTESIAN_POINT('Ctrl Pts',(-52.7919642943377,-50.8395758861103,6.20858920018274));
#2188=CARTESIAN_POINT('Ctrl Pts',(-52.5895858657577,-50.8960699732294,6.3150902018087));
#2189=CARTESIAN_POINT('Ctrl Pts',(-52.2248534029542,-51.0752453233152,6.4514845595872));
#2190=CARTESIAN_POINT('Ctrl Pts',(-52.0671743928056,-51.1828161765098,6.48881300571925));
#2191=CARTESIAN_POINT('Ctrl Pts',(-51.9011100084872,-51.3359476086713,6.49928920136823));
#2192=CARTESIAN_POINT('Ctrl Pts',(-51.8788430019549,-51.3574395958638,6.49999999999998));
#2193=CARTESIAN_POINT('Ctrl Pts',(-51.8571146387757,-51.3793699975085,6.49999999999998));
#2194=CARTESIAN_POINT('Origin',(30.6891108675446,-123.155099261702,6.49999999999996));
#2195=CARTESIAN_POINT('Origin',(30.6891108675446,-123.155099261702,5.38888888888887));
#2196=CARTESIAN_POINT('Origin',(30.6891108675446,-123.155099261702,6.50000000000001));
#2197=CARTESIAN_POINT('Origin',(-17.6039707861942,-20.5316443857088,6.50000000000001));
#2198=CARTESIAN_POINT('',(-54.9246692980682,-51.0713295548278,4.50000000000025));
#2199=CARTESIAN_POINT('Ctrl Pts',(-55.9437127376262,-49.9529879499711,4.00000000000003));
#2200=CARTESIAN_POINT('Ctrl Pts',(-55.7336036755459,-50.1882948153855,4.00000000000002));
#2201=CARTESIAN_POINT('Ctrl Pts',(-55.5236282026692,-50.4203653457433,4.05854040676969));
#2202=CARTESIAN_POINT('Ctrl Pts',(-55.1825590620609,-50.7930083572188,4.25536522406901));
#2203=CARTESIAN_POINT('Ctrl Pts',(-55.0478348277989,-50.9388711667588,4.3653524511508));
#2204=CARTESIAN_POINT('Ctrl Pts',(-54.9246692980714,-51.0713295548246,4.49999999999684));
#2205=CARTESIAN_POINT('Ctrl Pts',(-54.9246692980681,-51.0713295548277,4.50000000000022));
#2206=CARTESIAN_POINT('Ctrl Pts',(-54.6992730547578,-51.1020417271027,4.64415070204349));
#2207=CARTESIAN_POINT('Ctrl Pts',(-54.4781247191826,-51.0945269606263,4.81062107435845));
#2208=CARTESIAN_POINT('Ctrl Pts',(-54.1191830202287,-51.0300323216305,5.11624325317303));
#2209=CARTESIAN_POINT('Ctrl Pts',(-53.9746030299236,-50.9875860665541,5.25049660357048));
#2210=CARTESIAN_POINT('Ctrl Pts',(-53.836740522939,-50.9319365426839,5.38888888889701));
#2211=CARTESIAN_POINT('Origin',(-14.4105097355752,-27.3177925212993,6.50000000000001));
#2212=CARTESIAN_POINT('Origin',(-7.30867435295019,-29.7290026320313,6.50000000000001));
#2213=CARTESIAN_POINT('Origin',(0.,3.06161699786845E-16,5.49999999999999));
#2214=CARTESIAN_POINT('',(-1.07913554129578,-74.9922360412226,4.5000000002808));
#2215=CARTESIAN_POINT('Origin',(0.,6.12323399573682E-16,4.5));
#2216=CARTESIAN_POINT('Ctrl Pts',(-2.69642328885057,-74.0620421779641,5.38888888889071));
#2217=CARTESIAN_POINT('Ctrl Pts',(-2.6448152449465,-74.1016813055529,5.35115368878397));
#2218=CARTESIAN_POINT('Ctrl Pts',(-2.59209004346925,-74.1409436894464,5.313778745375));
#2219=CARTESIAN_POINT('Ctrl Pts',(-2.09580679117427,-74.4991010321305,4.97280268616678));
#2220=CARTESIAN_POINT('Ctrl Pts',(-1.5983625227574,-74.7760405587765,4.7087022182871));
#2221=CARTESIAN_POINT('Ctrl Pts',(-1.07913554125148,-74.9922360410998,4.5000000002638));
#2222=CARTESIAN_POINT('Origin',(0.,6.90253292068385E-30,6.49999999999999));
#2223=CARTESIAN_POINT('Origin',(37.6696164036747,-45.,6.50000000000001));
#2224=CARTESIAN_POINT('',(9.26801507625211E-15,-75.,4.08760107421837));
#2225=CARTESIAN_POINT('Ctrl Pts',(-1.07913554124052,-74.9922360413639,4.5000000003785));
#2226=CARTESIAN_POINT('Ctrl Pts',(-1.02548804359696,-74.9930080268981,4.46853642883741));
#2227=CARTESIAN_POINT('Ctrl Pts',(-0.970881220360381,-74.9937361544205,
4.43857223736277));
#2228=CARTESIAN_POINT('Ctrl Pts',(-0.628579548448662,-74.99791461441,4.26283680065765));
#2229=CARTESIAN_POINT('Ctrl Pts',(-0.319033750095103,-75.,4.1554635743637));
#2230=CARTESIAN_POINT('Ctrl Pts',(2.76861866765898E-14,-75.,4.08760107421837));
#2231=CARTESIAN_POINT('Ctrl Pts',(2.80678258413047E-14,-75.,4.08760107421837));
#2232=CARTESIAN_POINT('Ctrl Pts',(0.123504156410232,-75.,4.06133018334918));
#2233=CARTESIAN_POINT('Ctrl Pts',(0.248432045370293,-74.9996936918995,4.04098914289347));
#2234=CARTESIAN_POINT('Ctrl Pts',(0.527678455526176,-74.9983010967874,4.00889171765746));
#2235=CARTESIAN_POINT('Ctrl Pts',(0.682929762451293,-74.997052020139,4.));
#2236=CARTESIAN_POINT('Ctrl Pts',(0.838498867579935,-74.9953126511855,4.));
#2237=CARTESIAN_POINT('Origin',(57.8059513721371,10.1228447563973,4.5));
#2238=CARTESIAN_POINT('',(60.156402810598,-41.3546515024498,6.49999999999998));
#2239=CARTESIAN_POINT('',(62.7913983378455,-39.3661921564829,5.38888888889002));
#2240=CARTESIAN_POINT('Ctrl Pts',(60.156402810598,-41.3546515024498,6.49999999999998));
#2241=CARTESIAN_POINT('Ctrl Pts',(60.2195310874924,-41.2628221696994,6.49999999999998));
#2242=CARTESIAN_POINT('Ctrl Pts',(60.2874431706529,-41.174039480747,6.49407372153742));
#2243=CARTESIAN_POINT('Ctrl Pts',(60.5939063146273,-40.8048061003846,6.44852253948445));
#2244=CARTESIAN_POINT('Ctrl Pts',(60.8900637130574,-40.5257575948209,6.35785108529325));
#2245=CARTESIAN_POINT('Ctrl Pts',(61.6744901760817,-39.9259951308018,6.03198961584069));
#2246=CARTESIAN_POINT('Ctrl Pts',(62.1602735923546,-39.6443652579081,5.77489980802212));
#2247=CARTESIAN_POINT('Ctrl Pts',(62.6860701298063,-39.4105771869265,5.45450937884703));
#2248=CARTESIAN_POINT('Ctrl Pts',(62.7387885067162,-39.3879546497797,5.42190334965579));
#2249=CARTESIAN_POINT('Ctrl Pts',(62.7913983378459,-39.3661921564827,5.38888888889088));
#2250=CARTESIAN_POINT('',(20.4078909223545,-22.6705163187746,5.38888888888888));
#2251=CARTESIAN_POINT('Origin',(57.8059513721371,10.1228447563973,5.38888888888889));
#2252=CARTESIAN_POINT('',(19.0608161946073,-23.8517301948677,6.49999999999999));
#2253=CARTESIAN_POINT('Origin',(19.0608161946073,-23.8517301948677,4.49999999999999));
#2254=CARTESIAN_POINT('Origin',(57.8059513721371,10.1228447563973,6.5));
#2255=CARTESIAN_POINT('Origin',(16.4526474309702,-26.1387637731407,4.49999999999999));
#2256=CARTESIAN_POINT('',(11.2106051826394,-25.6986677068443,5.38888888888888));
#2257=CARTESIAN_POINT('',(12.995937147635,-25.8485553913776,6.49999999999999));
#2258=CARTESIAN_POINT('Origin',(12.995937147635,-25.8485553913776,4.49999999999999));
#2259=CARTESIAN_POINT('Origin',(16.4526474309702,-26.1387637731407,6.49999999999999));
#2260=CARTESIAN_POINT('Origin',(16.4526474309702,-26.1387637731407,5.38888888888888));
#2261=CARTESIAN_POINT('Origin',(122.,-35.,4.49999999999998));
#2262=CARTESIAN_POINT('',(17.1899806484321,-72.0899532211557,5.38888888889416));
#2263=CARTESIAN_POINT('',(18.5672823288945,-70.5992636428959,6.49999999999997));
#2264=CARTESIAN_POINT('Ctrl Pts',(17.1899806484317,-72.0899532211583,5.38888888889699));
#2265=CARTESIAN_POINT('Ctrl Pts',(17.1944225319307,-72.0584197048926,5.41853213385941));
#2266=CARTESIAN_POINT('Ctrl Pts',(17.199722998667,-72.0270066794481,5.4478562998157));
#2267=CARTESIAN_POINT('Ctrl Pts',(17.2560392232984,-71.7412697679886,5.71267704573479));
#2268=CARTESIAN_POINT('Ctrl Pts',(17.3614373296603,-71.5046318787994,5.91812363680344));
#2269=CARTESIAN_POINT('Ctrl Pts',(17.6323179280663,-71.1390394924234,6.20853730048171));
#2270=CARTESIAN_POINT('Ctrl Pts',(17.7824233441997,-70.9920151035836,6.31504708865895));
#2271=CARTESIAN_POINT('Ctrl Pts',(18.1199467712518,-70.7657189746907,6.45146090102219));
#2272=CARTESIAN_POINT('Ctrl Pts',(18.291941921844,-70.682941334313,6.48879921814521));
#2273=CARTESIAN_POINT('Ctrl Pts',(18.5076190069016,-70.6156709930936,6.49928774827815));
#2274=CARTESIAN_POINT('Ctrl Pts',(18.5373953581787,-70.6071237790305,6.49999999999997));
#2275=CARTESIAN_POINT('Ctrl Pts',(18.5672823288945,-70.5992636428959,6.49999999999997));
#2276=CARTESIAN_POINT('Origin',(122.,-35.,6.49999999999998));
#2277=CARTESIAN_POINT('Origin',(122.,-35.,5.38888888888888));
#2278=CARTESIAN_POINT('Origin',(122.,-35.,6.50000000000001));
#2279=CARTESIAN_POINT('Origin',(8.97894022639483,-25.5113081011777,6.50000000000001));
#2280=CARTESIAN_POINT('',(16.7667341504938,-73.1018236840001,4.50000000000025));
#2281=CARTESIAN_POINT('Ctrl Pts',(15.2887001907998,-73.425170387789,3.99999999999999));
#2282=CARTESIAN_POINT('Ctrl Pts',(15.5975212705415,-73.3608671948126,3.99999999999998));
#2283=CARTESIAN_POINT('Ctrl Pts',(15.9034733935206,-73.2950616160321,4.0585346563868));
#2284=CARTESIAN_POINT('Ctrl Pts',(16.3967299197568,-73.1860080698523,4.25535040688052));
#2285=CARTESIAN_POINT('Ctrl Pts',(16.5904271320377,-73.1422617026207,4.36534334360707));
#2286=CARTESIAN_POINT('Ctrl Pts',(16.7667341504894,-73.1018236840013,4.49999999999683));
#2287=CARTESIAN_POINT('Ctrl Pts',(16.7667341504937,-73.1018236840001,4.50000000000021));
#2288=CARTESIAN_POINT('Ctrl Pts',(16.9056721010343,-72.922442709644,4.64378054239371));
#2289=CARTESIAN_POINT('Ctrl Pts',(17.0095619514872,-72.7277051499128,4.80976707414902));
#2290=CARTESIAN_POINT('Ctrl Pts',(17.1334581291391,-72.3846537700522,5.11528033502653));
#2291=CARTESIAN_POINT('Ctrl Pts',(17.1691691753307,-72.237696611038,5.25000195155421));
#2292=CARTESIAN_POINT('Ctrl Pts',(17.1899806484317,-72.0899532211583,5.38888888889699));
#2293=CARTESIAN_POINT('Origin',(16.4526474309702,-26.1387637731407,6.50000000000001));
#2294=CARTESIAN_POINT('Origin',(22.0917343320384,-21.1939989736583,6.5));
#2295=CARTESIAN_POINT('Origin',(0.,3.06161699786845E-16,5.49999999999999));
#2296=CARTESIAN_POINT('',(64.4056137276597,-38.4306768134893,4.50000000027506));
#2297=CARTESIAN_POINT('Origin',(0.,6.12323399573682E-16,4.5));
#2298=CARTESIAN_POINT('Ctrl Pts',(62.7913983378459,-39.3661921564827,5.38888888889088));
#2299=CARTESIAN_POINT('Ctrl Pts',(62.8527600877008,-39.3408093593662,5.35038230106209));
#2300=CARTESIAN_POINT('Ctrl Pts',(62.9143642975901,-39.3142227400521,5.31225049752657));
#2301=CARTESIAN_POINT('Ctrl Pts',(63.4726101670312,-39.0631322559197,4.97150852855453));
#2302=CARTESIAN_POINT('Ctrl Pts',(63.9598558487915,-38.7714123948645,4.70819481021497));
#2303=CARTESIAN_POINT('Ctrl Pts',(64.4056137275772,-38.4306768133916,4.50000000025841));
#2304=CARTESIAN_POINT('Origin',(0.,6.90253292068385E-30,6.49999999999999));
#2305=CARTESIAN_POINT('Origin',(57.8059513721371,10.1228447563973,6.50000000000001));
#2306=CARTESIAN_POINT('Ctrl Pts',(64.4056137278066,-38.4306768135116,4.50000000037076));
#2307=CARTESIAN_POINT('Ctrl Pts',(64.433389034751,-38.3841284350139,4.46821255058272));
#2308=CARTESIAN_POINT('Ctrl Pts',(64.461615276926,-38.3367094856195,4.43795538181623));
#2309=CARTESIAN_POINT('Ctrl Pts',(64.6936913623947,-37.9458187177273,4.20491325498413));
#2310=CARTESIAN_POINT('Ctrl Pts',(64.9165565343121,-37.5638623469789,4.07752228789324));
#2311=CARTESIAN_POINT('Ctrl Pts',(65.2154755296364,-37.0400459024574,4.00875271149812));
#2312=CARTESIAN_POINT('Ctrl Pts',(65.2914157155525,-36.9060274242354,3.99999999999999));
#2313=CARTESIAN_POINT('Ctrl Pts',(65.3670953544731,-36.7714950052241,3.99999999999999));
#2314=CARTESIAN_POINT('Origin',(20.1363349684624,55.1228447563973,4.50000000000001));
#2315=CARTESIAN_POINT('',(65.8923801710729,31.4196472830426,6.5));
#2316=CARTESIAN_POINT('',(65.4878216266967,34.6958500214811,5.38888888888992));
#2317=CARTESIAN_POINT('Ctrl Pts',(65.8923801710729,31.4196472830426,6.5));
#2318=CARTESIAN_POINT('Ctrl Pts',(65.8447825659791,31.5194676108081,6.5));
#2319=CARTESIAN_POINT('Ctrl Pts',(65.8021409964999,31.6218638594071,6.49416356409481));
#2320=CARTESIAN_POINT('Ctrl Pts',(65.6360339496101,32.0698822182468,6.44911477734937));
#2321=CARTESIAN_POINT('Ctrl Pts',(65.5424330794787,32.4645010256942,6.35909293908079));
#2322=CARTESIAN_POINT('Ctrl Pts',(65.4143091798738,33.4434053957965,6.03427585722829));
#2323=CARTESIAN_POINT('Ctrl Pts',(65.4129747130687,34.0061223890648,5.77695151926784));
#2324=CARTESIAN_POINT('Ctrl Pts',(65.4733559347117,34.5804170671727,5.45566736377804));
#2325=CARTESIAN_POINT('Ctrl Pts',(65.4802311213445,34.6384048494696,5.42248971737394));
#2326=CARTESIAN_POINT('Ctrl Pts',(65.4878216266968,34.6958500214815,5.38888888889069));
#2327=CARTESIAN_POINT('',(29.8371885101457,6.33849381703349,5.38888888888888));
#2328=CARTESIAN_POINT('Origin',(20.1363349684624,55.1228447563973,5.3888888888889));
#2329=CARTESIAN_POINT('',(30.1866123702714,4.58128594396191,6.49999999999999));
#2330=CARTESIAN_POINT('Origin',(30.1866123702714,4.58128594396191,4.49999999999999));
#2331=CARTESIAN_POINT('Origin',(20.1363349684624,55.1228447563973,6.50000000000001));
#2332=CARTESIAN_POINT('Origin',(30.8631571665454,1.17902874815857,4.49999999999999));
#2333=CARTESIAN_POINT('',(27.8610016688616,-3.14066497345898,5.38888888888889));
#2334=CARTESIAN_POINT('',(28.8834741938797,-1.66946597985103,6.49999999999999));
#2335=CARTESIAN_POINT('Origin',(28.8834741938797,-1.66946597985103,4.49999999999999));
#2336=CARTESIAN_POINT('Origin',(30.8631571665454,1.17902874815857,6.49999999999999));
#2337=CARTESIAN_POINT('Origin',(30.8631571665454,1.17902874815857,5.38888888888889));
#2338=CARTESIAN_POINT('Origin',(91.3108891324554,88.1550992617015,4.50000000000002));
#2339=CARTESIAN_POINT('',(71.0267211713687,-21.1580166784727,5.38888888889416));
#2340=CARTESIAN_POINT('',(70.4243969676702,-19.2198936453874,6.49999999999999));
#2341=CARTESIAN_POINT('Ctrl Pts',(71.0267211713708,-21.1580166784744,5.38888888889699));
#2342=CARTESIAN_POINT('Ctrl Pts',(71.0017017586098,-21.1384566670709,5.4184512293977));
#2343=CARTESIAN_POINT('Ctrl Pts',(70.9772130638073,-21.1182170606676,5.4476962454103));
#2344=CARTESIAN_POINT('Ctrl Pts',(70.7580476776519,-20.9267504601012,5.71234136964212));
#2345=CARTESIAN_POINT('Ctrl Pts',(70.6058336722431,-20.7172982635831,5.91772698205617));
#2346=CARTESIAN_POINT('Ctrl Pts',(70.4245688883527,-20.3001112190095,6.2081766811469));
#2347=CARTESIAN_POINT('Ctrl Pts',(70.3722236478991,-20.0966362885699,6.31474730998654));
#2348=CARTESIAN_POINT('Ctrl Pts',(70.3448635574301,-19.6912079064212,6.45129626143078));
#2349=CARTESIAN_POINT('Ctrl Pts',(70.3591071799111,-19.5008562422131,6.48870321956484));
#2350=CARTESIAN_POINT('Ctrl Pts',(70.4086683413092,-19.2801936792479,6.49927760390483));
#2351=CARTESIAN_POINT('Ctrl Pts',(70.4162028190142,-19.249918160008,6.49999999999999));
#2352=CARTESIAN_POINT('Ctrl Pts',(70.4243969676702,-19.2198936453874,6.49999999999999));
#2353=CARTESIAN_POINT('Origin',(91.3108891324554,88.1550992617015,6.50000000000002));
#2354=CARTESIAN_POINT('Origin',(91.3108891324554,88.1550992617015,5.3888888888889));
#2355=CARTESIAN_POINT('Origin',(91.3108891324554,88.1550992617015,6.50000000000001));
#2356=CARTESIAN_POINT('Origin',(26.5829110125891,-4.97966371546894,6.5));
#2357=CARTESIAN_POINT('',(71.691403448562,-22.0304941291723,4.50000000000027));
#2358=CARTESIAN_POINT('Ctrl Pts',(71.232412928426,-23.4721824378179,3.99999999999997));
#2359=CARTESIAN_POINT('Ctrl Pts',(71.3311361867939,-23.1725811576928,3.99999999999996));
#2360=CARTESIAN_POINT('Ctrl Pts',(71.4271237923434,-22.8747133615688,4.05853574359275));
#2361=CARTESIAN_POINT('Ctrl Pts',(71.5793086536414,-22.3930145507871,4.25535320836013));
#2362=CARTESIAN_POINT('Ctrl Pts',(71.6382709701976,-22.2033972842407,4.36534506557806));
#2363=CARTESIAN_POINT('Ctrl Pts',(71.6914034485608,-22.0304941291766,4.49999999999685));
#2364=CARTESIAN_POINT('Ctrl Pts',(71.6914034485619,-22.0304941291723,4.50000000000023));
#2365=CARTESIAN_POINT('Ctrl Pts',(71.6054822542013,-21.8203778990787,4.64385033844297));
#2366=CARTESIAN_POINT('Ctrl Pts',(71.4887079974656,-21.632958148011,4.80992808100953));
#2367=CARTESIAN_POINT('Ctrl Pts',(71.2535305958692,-21.3541762544192,5.11546189291278));
#2368=CARTESIAN_POINT('Ctrl Pts',(71.1441860284933,-21.2498499267895,5.25009521950585));
#2369=CARTESIAN_POINT('Ctrl Pts',(71.0267211713708,-21.1580166784744,5.388888888897));
#2370=CARTESIAN_POINT('Origin',(30.8631571665454,1.17902874815857,6.50000000000001));
#2371=CARTESIAN_POINT('Origin',(29.4004086849886,8.53500365837295,6.49999999999999));
#2372=CARTESIAN_POINT('Origin',(0.,3.06161699786845E-16,5.49999999999999));
#2373=CARTESIAN_POINT('',(65.4847492689471,36.5615592277181,4.5000000002826));
#2374=CARTESIAN_POINT('Origin',(0.,6.12323399573682E-16,4.5));
#2375=CARTESIAN_POINT('Ctrl Pts',(65.4878216266968,34.6958500214815,5.38888888889068));
#2376=CARTESIAN_POINT('Ctrl Pts',(65.4962930991452,34.7599623788819,5.35138829050751));
#2377=CARTESIAN_POINT('Ctrl Pts',(65.5038906660082,34.8248440142896,5.31424358957757));
#2378=CARTESIAN_POINT('Ctrl Pts',(65.5660317874727,35.4336781816746,4.97319607622589));
#2379=CARTESIAN_POINT('Ctrl Pts',(65.5571854315366,36.0033858448541,4.70885633683182));
#2380=CARTESIAN_POINT('Ctrl Pts',(65.4847492688178,36.5615592276949,4.5000000002655));
#2381=CARTESIAN_POINT('Origin',(0.,6.90253292068385E-30,6.49999999999999));
#2382=CARTESIAN_POINT('Origin',(20.1363349684624,55.1228447563973,6.50000000000001));
#2383=CARTESIAN_POINT('Ctrl Pts',(65.4847492690424,36.5615592278373,4.50000000038092));
#2384=CARTESIAN_POINT('Ctrl Pts',(65.4586783052899,36.6082544607702,4.46863774908782));
#2385=CARTESIAN_POINT('Ctrl Pts',(65.4320930593378,36.655753303676,4.43876527531791));
#2386=CARTESIAN_POINT('Ctrl Pts',(65.2103943977683,37.0508121394657,4.2061065533794));
#2387=CARTESIAN_POINT('Ctrl Pts',(64.9914980982448,37.4340420507389,4.07851462739893));
#2388=CARTESIAN_POINT('Ctrl Pts',(64.6869807479611,37.9554771744228,4.00893534240161));
#2389=CARTESIAN_POINT('Ctrl Pts',(64.608081645652,38.0896325736134,4.));
#2390=CARTESIAN_POINT('Ctrl Pts',(64.5285964868932,38.2238176459614,4.));
#2391=CARTESIAN_POINT('Origin',(-37.6696164036747,45.,4.50000000000001));
#2392=CARTESIAN_POINT('',(5.73597736047479,72.7742987854924,6.50000000000002));
#2393=CARTESIAN_POINT('',(2.69642328885091,74.0620421779638,5.38888888888996));
#2394=CARTESIAN_POINT('Ctrl Pts',(5.73597736047479,72.7742987854924,6.50000000000002));
#2395=CARTESIAN_POINT('Ctrl Pts',(5.62706255283723,72.7828833116405,6.50000000000002));
#2396=CARTESIAN_POINT('Ctrl Pts',(5.51839576984356,72.7969134058998,6.49430369185057));
#2397=CARTESIAN_POINT('Ctrl Pts',(5.05039532287219,72.8760819816928,6.45003982399353));
#2398=CARTESIAN_POINT('Ctrl Pts',(4.66369850267658,72.9912303057265,6.36102918918566));
#2399=CARTESIAN_POINT('Ctrl Pts',(3.75156046889846,73.3682295190903,6.03784198432973));
#2400=CARTESIAN_POINT('Ctrl Pts',(3.26167498130258,73.6489310389526,5.78014843503472));
#2401=CARTESIAN_POINT('Ctrl Pts',(2.79169968588835,73.9899002270595,5.45746897479239));
#2402=CARTESIAN_POINT('Ctrl Pts',(2.74362504763384,74.0257874316632,5.42340226468125));
#2403=CARTESIAN_POINT('Ctrl Pts',(2.69642328885055,74.0620421779641,5.38888888889075));
#2404=CARTESIAN_POINT('',(9.42929758779125,29.0090101358081,5.38888888888889));
#2405=CARTESIAN_POINT('Origin',(-37.6696164036747,45.,5.3888888888889));
#2406=CARTESIAN_POINT('',(11.1257961756641,28.4330161388296,6.5));
#2407=CARTESIAN_POINT('Origin',(11.1257961756641,28.4330161388296,4.5));
#2408=CARTESIAN_POINT('Origin',(-37.6696164036747,45.,6.50000000000001));
#2409=CARTESIAN_POINT('Origin',(14.4105097355752,27.3177925212993,4.5));
#2410=CARTESIAN_POINT('',(16.6503964862222,22.5580027333853,5.38888888888889));
#2411=CARTESIAN_POINT('',(15.8875370462447,24.1790894115265,6.5));
#2412=CARTESIAN_POINT('Origin',(15.8875370462447,24.1790894115265,4.5));
#2413=CARTESIAN_POINT('Origin',(14.4105097355752,27.3177925212993,6.5));
#2414=CARTESIAN_POINT('Origin',(14.4105097355752,27.3177925212993,5.38888888888889));
#2415=CARTESIAN_POINT('Origin',(-30.6891108675445,123.155099261702,4.50000000000003));
#2416=CARTESIAN_POINT('',(53.8367405229367,50.9319365426829,5.38888888889417));
#2417=CARTESIAN_POINT('',(51.8571146387757,51.3793699975085,6.50000000000001));
#2418=CARTESIAN_POINT('Ctrl Pts',(53.8367405229391,50.9319365426839,5.388888888897));
#2419=CARTESIAN_POINT('Ctrl Pts',(53.8071990459908,50.9200118420346,5.41854388789701));
#2420=CARTESIAN_POINT('Ctrl Pts',(53.7773323700574,50.9088915801398,5.44787955255997));
#2421=CARTESIAN_POINT('Ctrl Pts',(53.5016877179794,50.8147904752478,5.71272556780551));
#2422=CARTESIAN_POINT('Ctrl Pts',(53.2440348231958,50.7877567285768,5.91818083605551));
#2423=CARTESIAN_POINT('Ctrl Pts',(52.7919642943377,50.8395758861102,6.20858920018281));
#2424=CARTESIAN_POINT('Ctrl Pts',(52.5895858657577,50.8960699732294,6.31509020180874));
#2425=CARTESIAN_POINT('Ctrl Pts',(52.2248534029544,51.0752453233151,6.4514845595872));
#2426=CARTESIAN_POINT('Ctrl Pts',(52.0671743928057,51.1828161765097,6.48881300571927));
#2427=CARTESIAN_POINT('Ctrl Pts',(51.9011100084873,51.3359476086712,6.49928920136826));
#2428=CARTESIAN_POINT('Ctrl Pts',(51.878843001955,51.3574395958638,6.50000000000001));
#2429=CARTESIAN_POINT('Ctrl Pts',(51.8571146387757,51.3793699975085,6.50000000000001));
#2430=CARTESIAN_POINT('Origin',(-30.6891108675445,123.155099261702,6.50000000000003));
#2431=CARTESIAN_POINT('Origin',(-30.6891108675445,123.155099261702,5.38888888888891));
#2432=CARTESIAN_POINT('Origin',(-30.6891108675445,123.155099261702,6.50000000000001));
#2433=CARTESIAN_POINT('Origin',(17.6039707861942,20.5316443857087,6.5));
#2434=CARTESIAN_POINT('',(54.9246692980682,51.0713295548278,4.50000000000027));
#2435=CARTESIAN_POINT('Ctrl Pts',(55.9437127376263,49.952987949971,3.99999999999998));
#2436=CARTESIAN_POINT('Ctrl Pts',(55.733603675546,50.1882948153855,3.99999999999998));
#2437=CARTESIAN_POINT('Ctrl Pts',(55.5236282026693,50.4203653457432,4.05854040676964));
#2438=CARTESIAN_POINT('Ctrl Pts',(55.1825590620609,50.7930083572187,4.25536522406897));
#2439=CARTESIAN_POINT('Ctrl Pts',(55.0478348277989,50.9388711667588,4.36535245115079));
#2440=CARTESIAN_POINT('Ctrl Pts',(54.9246692980714,51.0713295548246,4.49999999999686));
#2441=CARTESIAN_POINT('Ctrl Pts',(54.9246692980681,51.0713295548277,4.50000000000023));
#2442=CARTESIAN_POINT('Ctrl Pts',(54.6992730547576,51.1020417271027,4.64415070204362));
#2443=CARTESIAN_POINT('Ctrl Pts',(54.4781247191825,51.0945269606263,4.81062107435861));
#2444=CARTESIAN_POINT('Ctrl Pts',(54.1191830202287,51.0300323216305,5.11624325317306));
#2445=CARTESIAN_POINT('Ctrl Pts',(53.9746030299236,50.987586066554,5.25049660357053));
#2446=CARTESIAN_POINT('Ctrl Pts',(53.8367405229391,50.9319365426839,5.38888888889702));
#2447=CARTESIAN_POINT('Origin',(14.4105097355752,27.3177925212993,6.50000000000001));
#2448=CARTESIAN_POINT('Origin',(7.30867435295018,29.7290026320312,6.5));
#2449=CARTESIAN_POINT('Origin',(0.,3.06161699786845E-16,5.49999999999999));
#2450=CARTESIAN_POINT('',(1.07913554129581,74.9922360412226,4.50000000028084));
#2451=CARTESIAN_POINT('Origin',(0.,6.12323399573684E-16,4.49999999999999));
#2452=CARTESIAN_POINT('Ctrl Pts',(2.69642328885055,74.0620421779641,5.38888888889073));
#2453=CARTESIAN_POINT('Ctrl Pts',(2.64481524494647,74.101681305553,5.35115368878399));
#2454=CARTESIAN_POINT('Ctrl Pts',(2.59209004346922,74.1409436894464,5.31377874537502));
#2455=CARTESIAN_POINT('Ctrl Pts',(2.09580679117429,74.4991010321304,4.97280268616683));
#2456=CARTESIAN_POINT('Ctrl Pts',(1.59836252275744,74.7760405587765,4.70870221828716));
#2457=CARTESIAN_POINT('Ctrl Pts',(1.0791355412515,74.9922360410998,4.50000000026385));
#2458=CARTESIAN_POINT('Origin',(0.,6.90253292068385E-30,6.49999999999999));
#2459=CARTESIAN_POINT('Origin',(-37.6696164036747,45.,6.50000000000001));
#2460=CARTESIAN_POINT('Ctrl Pts',(1.07913554124055,74.9922360413639,4.50000000037854));
#2461=CARTESIAN_POINT('Ctrl Pts',(1.02548804359698,74.9930080268981,4.46853642883745));
#2462=CARTESIAN_POINT('Ctrl Pts',(0.970881220360371,74.9937361544205,4.4385722373628));
#2463=CARTESIAN_POINT('Ctrl Pts',(0.517525199115568,74.9992702494928,4.20582222497927));
#2464=CARTESIAN_POINT('Ctrl Pts',(0.0759807643323354,75.0013115307568,4.07827813041968));
#2465=CARTESIAN_POINT('Ctrl Pts',(-0.527678455526209,74.9983010967874,4.00889171765748));
#2466=CARTESIAN_POINT('Ctrl Pts',(-0.682929762451318,74.997052020139,4.00000000000001));
#2467=CARTESIAN_POINT('Ctrl Pts',(-0.838498867579953,74.9953126511855,4.00000000000001));
#2468=CARTESIAN_POINT('Origin',(-57.8059513721371,-10.1228447563973,4.49999999999999));
#2469=CARTESIAN_POINT('',(-60.1564028105981,41.3546515024498,6.50000000000001));
#2470=CARTESIAN_POINT('',(-62.7913983378455,39.3661921564829,5.38888888889004));
#2471=CARTESIAN_POINT('Ctrl Pts',(-60.1564028105981,41.3546515024498,6.50000000000001));
#2472=CARTESIAN_POINT('Ctrl Pts',(-60.2195310874924,41.2628221696994,6.50000000000001));
#2473=CARTESIAN_POINT('Ctrl Pts',(-60.2874431706529,41.1740394807469,6.49407372153744));
#2474=CARTESIAN_POINT('Ctrl Pts',(-60.5939063146274,40.8048061003845,6.44852253948447));
#2475=CARTESIAN_POINT('Ctrl Pts',(-60.8900637130575,40.5257575948208,6.35785108529325));
#2476=CARTESIAN_POINT('Ctrl Pts',(-61.6744901760818,39.9259951308018,6.03198961584071));
#2477=CARTESIAN_POINT('Ctrl Pts',(-62.1602735923547,39.6443652579081,5.77489980802213));
#2478=CARTESIAN_POINT('Ctrl Pts',(-62.6860701298064,39.4105771869265,5.45450937884706));
#2479=CARTESIAN_POINT('Ctrl Pts',(-62.7387885067162,39.3879546497796,5.42190334965581));
#2480=CARTESIAN_POINT('Ctrl Pts',(-62.7913983378459,39.3661921564827,5.3888888888909));
#2481=CARTESIAN_POINT('',(-20.4078909223545,22.6705163187746,5.38888888888889));
#2482=CARTESIAN_POINT('Origin',(-57.8059513721371,-10.1228447563973,5.38888888888888));
#2483=CARTESIAN_POINT('',(-19.0608161946073,23.8517301948677,6.5));
#2484=CARTESIAN_POINT('Origin',(-19.0608161946073,23.8517301948677,4.5));
#2485=CARTESIAN_POINT('Origin',(-57.8059513721371,-10.1228447563973,6.49999999999999));
#2486=CARTESIAN_POINT('Origin',(-16.4526474309702,26.1387637731407,4.5));
#2487=CARTESIAN_POINT('',(-11.2106051826394,25.6986677068442,5.38888888888889));
#2488=CARTESIAN_POINT('',(-12.995937147635,25.8485553913775,6.5));
#2489=CARTESIAN_POINT('Origin',(-12.995937147635,25.8485553913775,4.5));
#2490=CARTESIAN_POINT('Origin',(-16.4526474309702,26.1387637731407,6.5));
#2491=CARTESIAN_POINT('Origin',(-16.4526474309702,26.1387637731407,5.38888888888889));
#2492=CARTESIAN_POINT('Origin',(-122.,35.,4.5));
#2493=CARTESIAN_POINT('',(-17.1899806484321,72.0899532211557,5.38888888889419));
#2494=CARTESIAN_POINT('',(-18.5672823288945,70.5992636428959,6.50000000000002));
#2495=CARTESIAN_POINT('Ctrl Pts',(-17.1899806484318,72.0899532211583,5.38888888889703));
#2496=CARTESIAN_POINT('Ctrl Pts',(-17.1944225319307,72.0584197048926,5.41853213385944));
#2497=CARTESIAN_POINT('Ctrl Pts',(-17.199722998667,72.0270066794481,5.44785629981574));
#2498=CARTESIAN_POINT('Ctrl Pts',(-17.2560392232987,71.7412697679874,5.71267704573599));
#2499=CARTESIAN_POINT('Ctrl Pts',(-17.3614373296611,71.5046318787984,5.91812363680425));
#2500=CARTESIAN_POINT('Ctrl Pts',(-17.6323179280664,71.1390394924234,6.20853730048175));
#2501=CARTESIAN_POINT('Ctrl Pts',(-17.7824233441998,70.9920151035836,6.31504708865899));
#2502=CARTESIAN_POINT('Ctrl Pts',(-18.1199467712518,70.7657189746907,6.45146090102221));
#2503=CARTESIAN_POINT('Ctrl Pts',(-18.291941921844,70.682941334313,6.48879921814525));
#2504=CARTESIAN_POINT('Ctrl Pts',(-18.5076190069017,70.6156709930936,6.4992877482782));
#2505=CARTESIAN_POINT('Ctrl Pts',(-18.5373953581787,70.6071237790305,6.50000000000001));
#2506=CARTESIAN_POINT('Ctrl Pts',(-18.5672823288945,70.5992636428959,6.50000000000001));
#2507=CARTESIAN_POINT('Origin',(-122.,35.,6.5));
#2508=CARTESIAN_POINT('Origin',(-122.,35.,5.38888888888889));
#2509=CARTESIAN_POINT('Origin',(-122.,35.,6.50000000000001));
#2510=CARTESIAN_POINT('Origin',(-8.97894022639483,25.5113081011777,6.50000000000001));
#2511=CARTESIAN_POINT('',(-16.7667341504939,73.1018236840001,4.5000000000003));
#2512=CARTESIAN_POINT('Ctrl Pts',(-15.2887001907998,73.425170387789,4.00000000000002));
#2513=CARTESIAN_POINT('Ctrl Pts',(-15.5975212705415,73.3608671948126,4.00000000000001));
#2514=CARTESIAN_POINT('Ctrl Pts',(-15.9034733935207,73.2950616160321,4.05853465638682));
#2515=CARTESIAN_POINT('Ctrl Pts',(-16.3967299197569,73.1860080698522,4.25535040688055));
#2516=CARTESIAN_POINT('Ctrl Pts',(-16.5904271320378,73.1422617026207,4.36534334360712));
#2517=CARTESIAN_POINT('Ctrl Pts',(-16.7667341504895,73.1018236840013,4.49999999999689));
#2518=CARTESIAN_POINT('Ctrl Pts',(-16.7667341504938,73.101823684,4.50000000000026));
#2519=CARTESIAN_POINT('Ctrl Pts',(-16.9056721010344,72.922442709644,4.64378054239376));
#2520=CARTESIAN_POINT('Ctrl Pts',(-17.0095619514873,72.7277051499127,4.80976707414908));
#2521=CARTESIAN_POINT('Ctrl Pts',(-17.1334581291391,72.3846537700521,5.11528033502656));
#2522=CARTESIAN_POINT('Ctrl Pts',(-17.1691691753307,72.237696611038,5.25000195155424));
#2523=CARTESIAN_POINT('Ctrl Pts',(-17.1899806484318,72.0899532211583,5.38888888889702));
#2524=CARTESIAN_POINT('Origin',(-16.4526474309702,26.1387637731407,6.50000000000001));
#2525=CARTESIAN_POINT('Origin',(-22.0917343320384,21.1939989736583,6.50000000000002));
#2526=CARTESIAN_POINT('Origin',(0.,3.06161699786845E-16,5.49999999999999));
#2527=CARTESIAN_POINT('',(-64.4056137276597,38.4306768134893,4.50000000027508));
#2528=CARTESIAN_POINT('Origin',(0.,6.12323399573682E-16,4.5));
#2529=CARTESIAN_POINT('Ctrl Pts',(-62.7913983378459,39.3661921564827,5.38888888889089));
#2530=CARTESIAN_POINT('Ctrl Pts',(-62.8527600877009,39.3408093593661,5.35038230106211));
#2531=CARTESIAN_POINT('Ctrl Pts',(-62.9143642975901,39.3142227400521,5.3122504975266));
#2532=CARTESIAN_POINT('Ctrl Pts',(-63.4726101670311,39.0631322559197,4.97150852855466));
#2533=CARTESIAN_POINT('Ctrl Pts',(-63.9598558487914,38.7714123948645,4.70819481021507));
#2534=CARTESIAN_POINT('Ctrl Pts',(-64.4056137275772,38.4306768133915,4.50000000025844));
#2535=CARTESIAN_POINT('Origin',(0.,6.90253292068385E-30,6.49999999999999));
#2536=CARTESIAN_POINT('Origin',(-57.8059513721371,-10.1228447563973,6.50000000000001));
#2537=CARTESIAN_POINT('Ctrl Pts',(-64.4056137278066,38.4306768135115,4.50000000037079));
#2538=CARTESIAN_POINT('Ctrl Pts',(-64.433389034751,38.3841284350139,4.46821255058275));
#2539=CARTESIAN_POINT('Ctrl Pts',(-64.4616152769261,38.3367094856195,4.43795538181626));
#2540=CARTESIAN_POINT('Ctrl Pts',(-64.6936913623947,37.9458187177273,4.20491325498417));
#2541=CARTESIAN_POINT('Ctrl Pts',(-64.9165565343121,37.5638623469789,4.07752228789327));
#2542=CARTESIAN_POINT('Ctrl Pts',(-65.2154755296364,37.0400459024573,4.00875271149815));
#2543=CARTESIAN_POINT('Ctrl Pts',(-65.2914157155525,36.9060274242353,4.00000000000002));
#2544=CARTESIAN_POINT('Ctrl Pts',(-65.3670953544731,36.771495005224,4.00000000000002));
#2545=CARTESIAN_POINT('Origin',(-20.1363349684624,-55.1228447563973,4.49999999999998));
#2546=CARTESIAN_POINT('',(-65.8923801710728,-31.4196472830426,6.49999999999998));
#2547=CARTESIAN_POINT('',(-65.4878216266967,-34.6958500214811,5.38888888888991));
#2548=CARTESIAN_POINT('Ctrl Pts',(-65.8923801710728,-31.4196472830426,6.49999999999998));
#2549=CARTESIAN_POINT('Ctrl Pts',(-65.8447825659791,-31.5194676108081,6.49999999999998));
#2550=CARTESIAN_POINT('Ctrl Pts',(-65.8021409964999,-31.6218638594071,6.4941635640948));
#2551=CARTESIAN_POINT('Ctrl Pts',(-65.6360339496099,-32.0698822182473,6.44911477734931));
#2552=CARTESIAN_POINT('Ctrl Pts',(-65.5424330794786,-32.4645010256949,6.35909293908057));
#2553=CARTESIAN_POINT('Ctrl Pts',(-65.4143091798737,-33.4434053957966,6.03427585722828));
#2554=CARTESIAN_POINT('Ctrl Pts',(-65.4129747130686,-34.0061223890649,5.77695151926781));
#2555=CARTESIAN_POINT('Ctrl Pts',(-65.4733559347117,-34.5804170671727,5.45566736377802));
#2556=CARTESIAN_POINT('Ctrl Pts',(-65.4802311213445,-34.6384048494696,5.42248971737393));
#2557=CARTESIAN_POINT('Ctrl Pts',(-65.4878216266967,-34.6958500214815,5.38888888889068));
#2558=CARTESIAN_POINT('',(-29.8371885101457,-6.33849381703347,5.38888888888889));
#2559=CARTESIAN_POINT('Origin',(-20.1363349684624,-55.1228447563973,5.38888888888888));
#2560=CARTESIAN_POINT('',(-30.1866123702715,-4.58128594396196,6.49999999999999));
#2561=CARTESIAN_POINT('Origin',(-30.1866123702715,-4.58128594396196,4.49999999999999));
#2562=CARTESIAN_POINT('Origin',(-20.1363349684624,-55.1228447563973,6.49999999999998));
#2563=CARTESIAN_POINT('Origin',(-30.8631571665454,-1.1790287481586,4.49999999999999));
#2564=CARTESIAN_POINT('',(-27.8610016688616,3.14066497345896,5.38888888888889));
#2565=CARTESIAN_POINT('',(-28.8834741938797,1.669465979851,6.49999999999999));
#2566=CARTESIAN_POINT('Origin',(-28.8834741938797,1.669465979851,4.49999999999999));
#2567=CARTESIAN_POINT('Origin',(-30.8631571665454,-1.1790287481586,6.49999999999999));
#2568=CARTESIAN_POINT('Origin',(-30.8631571665454,-1.1790287481586,5.38888888888889));
#2569=CARTESIAN_POINT('Origin',(-91.3108891324554,-88.1550992617015,4.49999999999997));
#2570=CARTESIAN_POINT('',(-71.0267211713687,21.1580166784727,5.3888888888942));
#2571=CARTESIAN_POINT('',(-70.4243969676702,19.2198936453874,6.5));
#2572=CARTESIAN_POINT('Ctrl Pts',(-71.0267211713708,21.1580166784744,5.38888888889703));
#2573=CARTESIAN_POINT('Ctrl Pts',(-71.0017017586098,21.1384566670709,5.41845122939774));
#2574=CARTESIAN_POINT('Ctrl Pts',(-70.9772130638073,21.1182170606676,5.4476962454103));
#2575=CARTESIAN_POINT('Ctrl Pts',(-70.7580476776511,20.9267504601006,5.71234136964303));
#2576=CARTESIAN_POINT('Ctrl Pts',(-70.6058336722427,20.7172982635822,5.91772698205678));
#2577=CARTESIAN_POINT('Ctrl Pts',(-70.4245688883527,20.3001112190094,6.20817668114694));
#2578=CARTESIAN_POINT('Ctrl Pts',(-70.3722236478992,20.0966362885698,6.31474730998655));
#2579=CARTESIAN_POINT('Ctrl Pts',(-70.3448635574302,19.6912079064214,6.45129626143074));
#2580=CARTESIAN_POINT('Ctrl Pts',(-70.3591071799111,19.5008562422131,6.48870321956485));
#2581=CARTESIAN_POINT('Ctrl Pts',(-70.4086683413092,19.2801936792479,6.49927760390484));
#2582=CARTESIAN_POINT('Ctrl Pts',(-70.4162028190142,19.249918160008,6.5));
#2583=CARTESIAN_POINT('Ctrl Pts',(-70.4243969676702,19.2198936453874,6.5));
#2584=CARTESIAN_POINT('Origin',(-91.3108891324554,-88.1550992617015,6.49999999999997));
#2585=CARTESIAN_POINT('Origin',(-91.3108891324554,-88.1550992617015,5.38888888888887));
#2586=CARTESIAN_POINT('Origin',(-91.3108891324554,-88.1550992617015,6.50000000000001));
#2587=CARTESIAN_POINT('Origin',(-26.5829110125891,4.97966371546892,6.50000000000001));
#2588=CARTESIAN_POINT('',(-71.691403448562,22.0304941291723,4.50000000000028));
#2589=CARTESIAN_POINT('Ctrl Pts',(-71.232412928426,23.4721824378179,4.00000000000004));
#2590=CARTESIAN_POINT('Ctrl Pts',(-71.3311361867939,23.1725811576928,4.00000000000003));
#2591=CARTESIAN_POINT('Ctrl Pts',(-71.4271237923434,22.8747133615688,4.05853574359282));
#2592=CARTESIAN_POINT('Ctrl Pts',(-71.5793086536414,22.3930145507871,4.25535320836018));
#2593=CARTESIAN_POINT('Ctrl Pts',(-71.6382709701976,22.2033972842408,4.36534506557809));
#2594=CARTESIAN_POINT('Ctrl Pts',(-71.6914034485608,22.0304941291767,4.49999999999687));
#2595=CARTESIAN_POINT('Ctrl Pts',(-71.6914034485619,22.0304941291723,4.50000000000024));
#2596=CARTESIAN_POINT('Ctrl Pts',(-71.6054822542013,21.8203778990788,4.64385033844293));
#2597=CARTESIAN_POINT('Ctrl Pts',(-71.4887079974656,21.632958148011,4.80992808100951));
#2598=CARTESIAN_POINT('Ctrl Pts',(-71.2535305958692,21.3541762544192,5.11546189291281));
#2599=CARTESIAN_POINT('Ctrl Pts',(-71.1441860284933,21.2498499267895,5.25009521950587));
#2600=CARTESIAN_POINT('Ctrl Pts',(-71.0267211713708,21.1580166784743,5.38888888889703));
#2601=CARTESIAN_POINT('Origin',(-30.8631571665454,-1.1790287481586,6.50000000000001));
#2602=CARTESIAN_POINT('Origin',(-29.4004086849886,-8.53500365837297,6.50000000000002));
#2603=CARTESIAN_POINT('Origin',(0.,3.06161699786845E-16,5.49999999999999));
#2604=CARTESIAN_POINT('',(-65.484749268947,-36.5615592277182,4.50000000028259));
#2605=CARTESIAN_POINT('Origin',(0.,6.12323399573682E-16,4.5));
#2606=CARTESIAN_POINT('Ctrl Pts',(-65.4878216266967,-34.6958500214815,5.38888888889068));
#2607=CARTESIAN_POINT('Ctrl Pts',(-65.4962930991452,-34.759962378882,5.35138829050751));
#2608=CARTESIAN_POINT('Ctrl Pts',(-65.5038906660081,-34.8248440142896,5.31424358957757));
#2609=CARTESIAN_POINT('Ctrl Pts',(-65.5660317874727,-35.4336781816747,4.97319607622583));
#2610=CARTESIAN_POINT('Ctrl Pts',(-65.5571854315366,-36.0033858448543,4.70885633683177));
#2611=CARTESIAN_POINT('Ctrl Pts',(-65.4847492688177,-36.561559227695,4.50000000026549));
#2612=CARTESIAN_POINT('Origin',(0.,6.90253292068385E-30,6.49999999999999));
#2613=CARTESIAN_POINT('Origin',(-20.1363349684624,-55.1228447563973,6.50000000000001));
#2614=CARTESIAN_POINT('Ctrl Pts',(-65.4847492690423,-36.5615592278374,4.50000000038091));
#2615=CARTESIAN_POINT('Ctrl Pts',(-65.4586783052898,-36.6082544607703,4.46863774908782));
#2616=CARTESIAN_POINT('Ctrl Pts',(-65.4320930593378,-36.6557533036761,4.43876527531791));
#2617=CARTESIAN_POINT('Ctrl Pts',(-65.2103943977682,-37.0508121394657,4.20610655337942));
#2618=CARTESIAN_POINT('Ctrl Pts',(-64.9914980982447,-37.4340420507389,4.07851462739895));
#2619=CARTESIAN_POINT('Ctrl Pts',(-64.6869807479611,-37.9554771744228,4.00893534240162));
#2620=CARTESIAN_POINT('Ctrl Pts',(-64.608081645652,-38.0896325736134,4.00000000000001));
#2621=CARTESIAN_POINT('Ctrl Pts',(-64.5285964868932,-38.2238176459615,4.00000000000001));
#2622=CARTESIAN_POINT('Origin',(4.46695857402421E-32,-1.99005104861445E-15,
6.49999999999999));
#2623=CARTESIAN_POINT('Origin',(17.5,-4.13318294712231E-15,6.49999999999999));
#2624=CARTESIAN_POINT('Origin',(0.,1.22464679914736E-15,2.49999999999999));
#2625=CARTESIAN_POINT('',(0.,75.,-1.49999999999998));
#2626=CARTESIAN_POINT('',(-9.18485099360515E-15,-75.,-1.50000000000003));
#2627=CARTESIAN_POINT('Origin',(0.,2.44929359829471E-15,-1.50000000000001));
#2628=CARTESIAN_POINT('Origin',(0.,2.44929359829471E-15,-1.50000000000001));
#2629=CARTESIAN_POINT('',(-9.18485099360515E-15,-75.,2.49999999999997));
#2630=CARTESIAN_POINT('Origin',(0.,75.,6.50000000000002));
#2631=CARTESIAN_POINT('Origin',(0.,75.,6.50000000000002));
#2632=CARTESIAN_POINT('Origin',(0.,75.,6.50000000000002));
#2633=CARTESIAN_POINT('Origin',(0.,75.,6.50000000000002));
#2634=CARTESIAN_POINT('Origin',(0.,75.,6.50000000000002));
#2635=CARTESIAN_POINT('Origin',(0.,75.,6.50000000000002));
#2636=CARTESIAN_POINT('Origin',(0.,29.65,-1.49999999999999));
#2637=CARTESIAN_POINT('',(0.,29.65,-1.49999999999999));
#2638=CARTESIAN_POINT('',(-3.6310777594719E-15,-29.65,-1.50000000000001));
#2639=CARTESIAN_POINT('Origin',(0.,2.44929359829471E-15,-1.5));
#2640=CARTESIAN_POINT('Origin',(0.,2.44929359829471E-15,-1.5));
#2641=CARTESIAN_POINT('Origin',(0.,3.21469784776181E-15,-4.));
#2642=CARTESIAN_POINT('',(0.,29.65,-6.49999999999999));
#2643=CARTESIAN_POINT('',(-3.6310777594719E-15,-29.65,-6.5));
#2644=CARTESIAN_POINT('Origin',(0.,3.9801020972289E-15,-6.5));
#2645=CARTESIAN_POINT('Origin',(0.,3.9801020972289E-15,-6.5));
#2646=CARTESIAN_POINT('',(-3.6310777594719E-15,-29.65,-4.));
#2647=CARTESIAN_POINT('Origin',(0.,4.44089209850063E-15,-6.50000000000002));
#2648=UNCERTAINTY_MEASURE_WITH_UNIT(LENGTH_MEASURE(0.01),#2652,
'DISTANCE_ACCURACY_VALUE',
'Maximum model space distance between geometric entities at asserted c
onnectivities');
#2649=UNCERTAINTY_MEASURE_WITH_UNIT(LENGTH_MEASURE(0.01),#2652,
'DISTANCE_ACCURACY_VALUE',
'Maximum model space distance between geometric entities at asserted c
onnectivities');
#2650=(
GEOMETRIC_REPRESENTATION_CONTEXT(3)
GLOBAL_UNCERTAINTY_ASSIGNED_CONTEXT((#2648))
GLOBAL_UNIT_ASSIGNED_CONTEXT((#2652,#2655,#2654))
REPRESENTATION_CONTEXT('','3D')
);
#2651=(
GEOMETRIC_REPRESENTATION_CONTEXT(3)
GLOBAL_UNCERTAINTY_ASSIGNED_CONTEXT((#2649))
GLOBAL_UNIT_ASSIGNED_CONTEXT((#2652,#2655,#2654))
REPRESENTATION_CONTEXT('','3D')
);
#2652=(
LENGTH_UNIT()
NAMED_UNIT(*)
SI_UNIT(.MILLI.,.METRE.)
);
#2653=(
LENGTH_UNIT()
NAMED_UNIT(*)
SI_UNIT(.CENTI.,.METRE.)
);
#2654=(
NAMED_UNIT(*)
SI_UNIT($,.STERADIAN.)
SOLID_ANGLE_UNIT()
);
#2655=(
NAMED_UNIT(*)
PLANE_ANGLE_UNIT()
SI_UNIT($,.RADIAN.)
);
#2656=SHAPE_DEFINITION_REPRESENTATION(#2657,#2658);
#2657=PRODUCT_DEFINITION_SHAPE('',$,#2660);
#2658=SHAPE_REPRESENTATION('',(#1302),#2650);
#2659=PRODUCT_DEFINITION_CONTEXT('part definition',#2664,'design');
#2660=PRODUCT_DEFINITION('\X2\041F043B0430044104420438043D0430\X0\ \X2\0443043F043E04400430\X0\ 
1,7','\X2\041F043B0430044104420438043D0430\X0\ \X2\0443043F043E04400430\X0\ 
1,7',#2661,#2659);
#2661=PRODUCT_DEFINITION_FORMATION('',$,#2666);
#2662=PRODUCT_RELATED_PRODUCT_CATEGORY(
'\X2\041F043B0430044104420438043D0430\X0\ \X2\0443043F043E04400430\X0\ 
1,7','\X2\041F043B0430044104420438043D0430\X0\ \X2\0443043F043E04400430\X0\ 
1,7',(#2666));
#2663=APPLICATION_PROTOCOL_DEFINITION('international standard',
'automotive_design',2009,#2664);
#2664=APPLICATION_CONTEXT(
'Core Data for Automotive Mechanical Design Process');
#2665=PRODUCT_CONTEXT('part definition',#2664,'mechanical');
#2666=PRODUCT('\X2\041F043B0430044104420438043D0430\X0\ \X2\0443043F043E04400430\X0\ 
1,7','\X2\041F043B0430044104420438043D0430\X0\ \X2\0443043F043E04400430\X0\ 
1,7',$,(#2665));
#2667=PRESENTATION_STYLE_ASSIGNMENT((#2668));
#2668=SURFACE_STYLE_USAGE(.BOTH.,#2669);
#2669=SURFACE_SIDE_STYLE('',(#2670));
#2670=SURFACE_STYLE_FILL_AREA(#2671);
#2671=FILL_AREA_STYLE('',(#2672));
#2672=FILL_AREA_STYLE_COLOUR('',#2673);
#2673=COLOUR_RGB('',1.,0.890196078431372,0.709803921568627);
ENDSEC;
END-ISO-10303-21;
