ISO-10303-21;
HEADER;
/* Generated by software containing ST-Developer
 * from STEP Tools, Inc. (www.steptools.com) 
 */

FILE_DESCRIPTION(
/* description */ (''),
/* implementation_level */ '2;1');

FILE_NAME(
/* name */ 
'D:\\Programm\\YandexDisk\\YandexDisk\\\X2\041704300433044004430437043A0438\X0\\\
\X2\041F0440043E0435043A0442044B\X0\\\Siemens\\\X2\04200443043A043E044F0442043A0430\X0\.
stp',
/* time_stamp */ '2019-08-12T20:05:28+03:00',
/* author */ ('Alexey'),
/* organization */ (''),
/* preprocessor_version */ 'ST-DEVELOPER v17',
/* originating_system */ 'Autodesk Inventor 2019',
/* authorisation */ '');

FILE_SCHEMA (('AUTOMOTIVE_DESIGN { 1 0 10303 214 3 1 1 }'));
ENDSEC;

DATA;
#10=MECHANICAL_DESIGN_GEOMETRIC_PRESENTATION_REPRESENTATION('',(#13),#2085);
#11=SHAPE_REPRESENTATION_RELATIONSHIP('SRR','None',#2092,#12);
#12=ADVANCED_BREP_SHAPE_REPRESENTATION('',(#14),#2084);
#13=STYLED_ITEM('',(#2101),#14);
#14=MANIFOLD_SOLID_BREP('\X2\04220432043504400434043E0435\X0\ \X2\04420435043B043E\X0\1',
#865);
#15=B_SPLINE_SURFACE_WITH_KNOTS('',3,3,((#1400,#1401,#1402,#1403),(#1404,
#1405,#1406,#1407),(#1408,#1409,#1410,#1411),(#1412,#1413,#1414,#1415),
(#1416,#1417,#1418,#1419)),.UNSPECIFIED.,.F.,.F.,.F.,(4,1,4),(4,4),(0.,
0.571428571428571,1.),(0.,0.469348036120019),.UNSPECIFIED.);
#16=B_SPLINE_SURFACE_WITH_KNOTS('',3,3,((#1464,#1465,#1466,#1467),(#1468,
#1469,#1470,#1471),(#1472,#1473,#1474,#1475),(#1476,#1477,#1478,#1479),
(#1480,#1481,#1482,#1483)),.UNSPECIFIED.,.F.,.F.,.F.,(4,1,4),(4,4),(0.,
0.571428571428571,1.),(0.,0.469348036120016),.UNSPECIFIED.);
#17=B_SPLINE_SURFACE_WITH_KNOTS('',3,3,((#1572,#1573,#1574,#1575,#1576),
(#1577,#1578,#1579,#1580,#1581),(#1582,#1583,#1584,#1585,#1586),(#1587,
#1588,#1589,#1590,#1591),(#1592,#1593,#1594,#1595,#1596)),.UNSPECIFIED.,
 .F.,.F.,.F.,(4,1,4),(4,1,4),(0.,0.571428571428571,1.),(-0.678421792998532,
-0.451133526414342,-0.148082504302089),.UNSPECIFIED.);
#18=B_SPLINE_SURFACE_WITH_KNOTS('',3,3,((#1604,#1605,#1606,#1607),(#1608,
#1609,#1610,#1611),(#1612,#1613,#1614,#1615),(#1616,#1617,#1618,#1619),
(#1620,#1621,#1622,#1623)),.UNSPECIFIED.,.F.,.F.,.F.,(4,1,4),(4,4),(0.,
0.571428571428571,1.),(0.,0.469348036120015),.UNSPECIFIED.);
#19=B_SPLINE_SURFACE_WITH_KNOTS('',3,3,((#1646,#1647,#1648,#1649),(#1650,
#1651,#1652,#1653),(#1654,#1655,#1656,#1657),(#1658,#1659,#1660,#1661),
(#1662,#1663,#1664,#1665)),.UNSPECIFIED.,.F.,.F.,.F.,(4,1,4),(4,4),(0.,
0.571428571428571,1.),(0.,0.469348036120019),.UNSPECIFIED.);
#20=B_SPLINE_SURFACE_WITH_KNOTS('',3,3,((#1667,#1668,#1669,#1670,#1671),
(#1672,#1673,#1674,#1675,#1676),(#1677,#1678,#1679,#1680,#1681),(#1682,
#1683,#1684,#1685,#1686),(#1687,#1688,#1689,#1690,#1691)),.UNSPECIFIED.,
 .F.,.F.,.F.,(4,1,4),(4,1,4),(0.,0.571428571428571,1.),(-3.45732575365774E-11,
0.303051254670204,0.530339695698787),.UNSPECIFIED.);
#21=B_SPLINE_SURFACE_WITH_KNOTS('',3,3,((#1699,#1700,#1701,#1702,#1703,
#1704,#1705,#1706,#1707,#1708,#1709,#1710,#1711,#1712,#1713),(#1714,#1715,
#1716,#1717,#1718,#1719,#1720,#1721,#1722,#1723,#1724,#1725,#1726,#1727,
#1728),(#1729,#1730,#1731,#1732,#1733,#1734,#1735,#1736,#1737,#1738,#1739,
#1740,#1741,#1742,#1743),(#1744,#1745,#1746,#1747,#1748,#1749,#1750,#1751,
#1752,#1753,#1754,#1755,#1756,#1757,#1758),(#1759,#1760,#1761,#1762,#1763,
#1764,#1765,#1766,#1767,#1768,#1769,#1770,#1771,#1772,#1773)),
 .UNSPECIFIED.,.F.,.F.,.F.,(4,1,4),(4,1,1,1,1,1,1,1,1,1,1,1,4),(0.,0.571428571428571,
1.),(0.557485958182964,0.634747221428774,0.712008484674584,0.789269747920394,
0.866531011166204,1.17557606414944,1.48462111713268,2.10271122309916,2.4117562760824,
2.48901753932821,2.56627880257402,2.64354006581983,2.72080132906564),
 .UNSPECIFIED.);
#22=B_SPLINE_SURFACE_WITH_KNOTS('',3,3,((#1806,#1807,#1808,#1809,#1810),
(#1811,#1812,#1813,#1814,#1815),(#1816,#1817,#1818,#1819,#1820),(#1821,
#1822,#1823,#1824,#1825),(#1826,#1827,#1828,#1829,#1830)),.UNSPECIFIED.,
 .F.,.F.,.F.,(4,1,4),(4,1,4),(0.,0.571428571428571,1.),(-1.96007913612624E-16,
0.227288441013766,0.530339695698787),.UNSPECIFIED.);
#23=B_SPLINE_SURFACE_WITH_KNOTS('',3,3,((#1836,#1837,#1838,#1839,#1840,
#1841,#1842,#1843,#1844,#1845,#1846),(#1847,#1848,#1849,#1850,#1851,#1852,
#1853,#1854,#1855,#1856,#1857),(#1858,#1859,#1860,#1861,#1862,#1863,#1864,
#1865,#1866,#1867,#1868),(#1869,#1870,#1871,#1872,#1873,#1874,#1875,#1876,
#1877,#1878,#1879),(#1880,#1881,#1882,#1883,#1884,#1885,#1886,#1887,#1888,
#1889,#1890)),.UNSPECIFIED.,.F.,.F.,.F.,(4,1,4),(4,1,1,1,1,1,1,1,4),(0.0797861753495364,
0.605622646578373,1.),(-8.15334689184967,-7.7962057895653,-7.43906468728093,
-7.08192358499656,-6.90335303385438,-6.72478248271219,-6.36764138042782,
-6.01050027814345,-5.65335917585908),.UNSPECIFIED.);
#24=B_SPLINE_SURFACE_WITH_KNOTS('',3,3,((#1891,#1892,#1893,#1894,#1895,
#1896,#1897,#1898,#1899,#1900,#1901,#1902,#1903,#1904,#1905),(#1906,#1907,
#1908,#1909,#1910,#1911,#1912,#1913,#1914,#1915,#1916,#1917,#1918,#1919,
#1920),(#1921,#1922,#1923,#1924,#1925,#1926,#1927,#1928,#1929,#1930,#1931,
#1932,#1933,#1934,#1935),(#1936,#1937,#1938,#1939,#1940,#1941,#1942,#1943,
#1944,#1945,#1946,#1947,#1948,#1949,#1950),(#1951,#1952,#1953,#1954,#1955,
#1956,#1957,#1958,#1959,#1960,#1961,#1962,#1963,#1964,#1965)),
 .UNSPECIFIED.,.F.,.F.,.F.,(4,1,4),(4,1,1,1,1,1,1,1,1,1,1,1,4),(0.,0.571428571428571,
1.),(0.557485958182964,0.634747221428774,0.712008484674584,0.789269747920394,
0.866531011166204,1.17557606414944,1.48462111713268,2.10271122309916,2.4117562760824,
2.48901753932821,2.56627880257402,2.64354006581983,2.72080132906564),
 .UNSPECIFIED.);
#25=B_SPLINE_SURFACE_WITH_KNOTS('',3,3,((#1998,#1999,#2000,#2001,#2002),
(#2003,#2004,#2005,#2006,#2007),(#2008,#2009,#2010,#2011,#2012),(#2013,
#2014,#2015,#2016,#2017),(#2018,#2019,#2020,#2021,#2022)),.UNSPECIFIED.,
 .F.,.F.,.F.,(4,1,4),(4,1,4),(0.,0.571428571428571,1.),(-0.678421792998535,
-0.451133526414345,-0.148082504302091),.UNSPECIFIED.);
#26=B_SPLINE_SURFACE_WITH_KNOTS('',3,3,((#2032,#2033,#2034,#2035,#2036,
#2037,#2038,#2039,#2040,#2041),(#2042,#2043,#2044,#2045,#2046,#2047,#2048,
#2049,#2050,#2051),(#2052,#2053,#2054,#2055,#2056,#2057,#2058,#2059,#2060,
#2061),(#2062,#2063,#2064,#2065,#2066,#2067,#2068,#2069,#2070,#2071),(#2072,
#2073,#2074,#2075,#2076,#2077,#2078,#2079,#2080,#2081)),.UNSPECIFIED.,.F.,
 .F.,.F.,(4,1,4),(4,1,1,1,1,1,1,4),(0.0797861753495364,0.474163528771164,
1.),(-8.15334689184967,-7.7962057895653,-7.43906468728093,-7.08192358499656,
-6.72478248271219,-6.36764138042782,-6.01050027814344,-5.65335917585907),
 .UNSPECIFIED.);
#27=B_SPLINE_CURVE_WITH_KNOTS('',3,(#1293,#1294,#1295,#1296),
 .UNSPECIFIED.,.F.,.F.,(4,4),(0.,0.469348036120019),.UNSPECIFIED.);
#28=B_SPLINE_CURVE_WITH_KNOTS('',3,(#1298,#1299,#1300,#1301),
 .UNSPECIFIED.,.F.,.F.,(4,4),(-5.93722300995203,-5.81551960858551),
 .UNSPECIFIED.);
#29=B_SPLINE_CURVE_WITH_KNOTS('',3,(#1303,#1304,#1305,#1306,#1307,#1308,
#1309,#1310,#1311,#1312,#1313),.UNSPECIFIED.,.F.,.F.,(4,1,1,1,1,1,1,1,4),
(-7.8693540625057,-7.7962057895653,-7.43906468728093,-7.08192358499656,
-6.90335303385438,-6.72478248271219,-6.36764138042782,-6.01050027814345,
-5.93722300995202),.UNSPECIFIED.);
#30=B_SPLINE_CURVE_WITH_KNOTS('',3,(#1315,#1316,#1317,#1318),
 .UNSPECIFIED.,.F.,.F.,(4,4),(-7.99088238760124,-7.8693540625057),
 .UNSPECIFIED.);
#31=B_SPLINE_CURVE_WITH_KNOTS('',3,(#1320,#1321,#1322,#1323),
 .UNSPECIFIED.,.F.,.F.,(4,4),(-0.469348036120016,0.),.UNSPECIFIED.);
#32=B_SPLINE_CURVE_WITH_KNOTS('',3,(#1348,#1349,#1350,#1351),
 .UNSPECIFIED.,.F.,.F.,(4,4),(-0.469348036120019,0.),.UNSPECIFIED.);
#33=B_SPLINE_CURVE_WITH_KNOTS('',3,(#1371,#1372,#1373,#1374),
 .UNSPECIFIED.,.F.,.F.,(4,4),(0.,0.469348036120015),.UNSPECIFIED.);
#34=B_SPLINE_CURVE_WITH_KNOTS('',3,(#1376,#1377,#1378,#1379),
 .UNSPECIFIED.,.F.,.F.,(4,4),(-5.93723835344119,-5.81553050729934),
 .UNSPECIFIED.);
#35=B_SPLINE_CURVE_WITH_KNOTS('',3,(#1381,#1382,#1383,#1384,#1385,#1386,
#1387,#1388,#1389,#1390),.UNSPECIFIED.,.F.,.F.,(4,1,1,1,1,1,1,4),(-7.86957151733535,
-7.7962057895653,-7.43906468728093,-7.08192358499656,-6.72478248271219,
-6.36764138042782,-6.01050027814344,-5.93723835344119),.UNSPECIFIED.);
#36=B_SPLINE_CURVE_WITH_KNOTS('',3,(#1391,#1392,#1393,#1394),
 .UNSPECIFIED.,.F.,.F.,(4,4),(-7.99098302788009,-7.86957151733535),
 .UNSPECIFIED.);
#37=B_SPLINE_CURVE_WITH_KNOTS('',3,(#1423,#1424,#1425,#1426),
 .UNSPECIFIED.,.F.,.F.,(4,4),(-0.469348036120019,0.),.UNSPECIFIED.);
#38=B_SPLINE_CURVE_WITH_KNOTS('',3,(#1486,#1487,#1488,#1489),
 .UNSPECIFIED.,.F.,.F.,(4,4),(0.,0.469348036120016),.UNSPECIFIED.);
#39=B_SPLINE_CURVE_WITH_KNOTS('',3,(#1496,#1497,#1498,#1499),
 .UNSPECIFIED.,.F.,.F.,(4,4),(0.,0.469348036120019),.UNSPECIFIED.);
#40=B_SPLINE_CURVE_WITH_KNOTS('',3,(#1501,#1502,#1503,#1504,#1505),
 .UNSPECIFIED.,.F.,.F.,(4,1,4),(0.148082504430764,0.451133526414345,0.678421792998535),
 .UNSPECIFIED.);
#41=B_SPLINE_CURVE_WITH_KNOTS('',3,(#1510,#1511,#1512,#1513,#1514),
 .UNSPECIFIED.,.F.,.F.,(4,1,4),(-1.96007913612624E-16,0.227288441013766,
0.530339695571315),.UNSPECIFIED.);
#42=B_SPLINE_CURVE_WITH_KNOTS('',3,(#1553,#1554,#1555,#1556,#1557),
 .UNSPECIFIED.,.F.,.F.,(4,1,4),(0.148082504430762,0.451133526414342,0.678421792998532),
 .UNSPECIFIED.);
#43=B_SPLINE_CURVE_WITH_KNOTS('',3,(#1561,#1562,#1563,#1564,#1565),
 .UNSPECIFIED.,.F.,.F.,(4,1,4),(-3.45732575365774E-11,0.303051254670204,
0.530339695571315),.UNSPECIFIED.);
#44=B_SPLINE_CURVE_WITH_KNOTS('',3,(#1567,#1568,#1569,#1570),
 .UNSPECIFIED.,.F.,.F.,(4,4),(-0.469348036120015,0.),.UNSPECIFIED.);
#45=B_SPLINE_CURVE_WITH_KNOTS('',3,(#1598,#1599,#1600,#1601,#1602),
 .UNSPECIFIED.,.F.,.F.,(4,1,4),(-0.678421792998532,-0.451133526414342,-0.148082504302089),
 .UNSPECIFIED.);
#46=B_SPLINE_CURVE_WITH_KNOTS('',3,(#1694,#1695,#1696,#1697,#1698),
 .UNSPECIFIED.,.F.,.F.,(4,1,4),(-0.530339695698787,-0.303051254670204,3.45732575365774E-11),
 .UNSPECIFIED.);
#47=B_SPLINE_CURVE_WITH_KNOTS('',3,(#1775,#1776,#1777,#1778,#1779,#1780,
#1781,#1782,#1783,#1784,#1785,#1786,#1787,#1788,#1789),.UNSPECIFIED.,.F.,
 .F.,(4,1,1,1,1,1,1,1,1,1,1,1,4),(0.557485958182964,0.634747221428774,0.712008484674584,
0.789269747920394,0.866531011166204,1.17557606414944,1.48462111713268,2.10271122309916,
2.4117562760824,2.48901753932821,2.56627880257402,2.64354006581983,2.72080132906564),
 .UNSPECIFIED.);
#48=B_SPLINE_CURVE_WITH_KNOTS('',3,(#1791,#1792,#1793,#1794,#1795,#1796,
#1797,#1798,#1799,#1800,#1801,#1802,#1803,#1804,#1805),.UNSPECIFIED.,.F.,
 .F.,(4,1,1,1,1,1,1,1,1,1,1,1,4),(-2.72080132906564,-2.64354006581983,-2.56627880257402,
-2.48901753932821,-2.4117562760824,-2.10271122309916,-1.48462111713268,
-1.17557606414944,-0.866531011166204,-0.789269747920394,-0.712008484674584,
-0.634747221428774,-0.557485958182964),.UNSPECIFIED.);
#49=B_SPLINE_CURVE_WITH_KNOTS('',3,(#1831,#1832,#1833,#1834,#1835),
 .UNSPECIFIED.,.F.,.F.,(4,1,4),(-0.530339695698787,-0.227288441013766,1.96007913612624E-16),
 .UNSPECIFIED.);
#50=B_SPLINE_CURVE_WITH_KNOTS('',3,(#1968,#1969,#1970,#1971,#1972,#1973,
#1974,#1975,#1976,#1977,#1978,#1979,#1980,#1981,#1982),.UNSPECIFIED.,.F.,
 .F.,(4,1,1,1,1,1,1,1,1,1,1,1,4),(0.557485958182964,0.634747221428774,0.712008484674584,
0.789269747920394,0.866531011166204,1.17557606414944,1.48462111713268,2.10271122309916,
2.4117562760824,2.48901753932821,2.56627880257402,2.64354006581983,2.72080132906564),
 .UNSPECIFIED.);
#51=B_SPLINE_CURVE_WITH_KNOTS('',3,(#1983,#1984,#1985,#1986,#1987,#1988,
#1989,#1990,#1991,#1992,#1993,#1994,#1995,#1996,#1997),.UNSPECIFIED.,.F.,
 .F.,(4,1,1,1,1,1,1,1,1,1,1,1,4),(-2.72080132906564,-2.64354006581983,-2.56627880257402,
-2.48901753932821,-2.4117562760824,-2.10271122309916,-1.48462111713268,
-1.17557606414944,-0.866531011166204,-0.789269747920394,-0.712008484674584,
-0.634747221428774,-0.557485958182964),.UNSPECIFIED.);
#52=B_SPLINE_CURVE_WITH_KNOTS('',3,(#2023,#2024,#2025,#2026,#2027),
 .UNSPECIFIED.,.F.,.F.,(4,1,4),(-0.678421792998535,-0.451133526414345,-0.148082504302091),
 .UNSPECIFIED.);
#53=CYLINDRICAL_SURFACE('',#903,2.25);
#54=CYLINDRICAL_SURFACE('',#918,3.);
#55=CYLINDRICAL_SURFACE('',#923,1.);
#56=CYLINDRICAL_SURFACE('',#928,1.);
#57=CYLINDRICAL_SURFACE('',#933,1.);
#58=CYLINDRICAL_SURFACE('',#938,1.);
#59=CYLINDRICAL_SURFACE('',#943,1.);
#60=CYLINDRICAL_SURFACE('',#952,5.);
#61=CYLINDRICAL_SURFACE('',#955,5.);
#62=CYLINDRICAL_SURFACE('',#958,5.);
#63=CYLINDRICAL_SURFACE('',#961,5.);
#64=CYLINDRICAL_SURFACE('',#971,1.);
#65=CYLINDRICAL_SURFACE('',#975,1.);
#66=CYLINDRICAL_SURFACE('',#979,1.);
#67=CYLINDRICAL_SURFACE('',#983,1.);
#68=CYLINDRICAL_SURFACE('',#987,1.);
#69=CYLINDRICAL_SURFACE('',#993,10.);
#70=LINE('',#1275,#104);
#71=LINE('',#1289,#105);
#72=LINE('',#1325,#106);
#73=LINE('',#1329,#107);
#74=LINE('',#1333,#108);
#75=LINE('',#1337,#109);
#76=LINE('',#1340,#110);
#77=LINE('',#1353,#111);
#78=LINE('',#1357,#112);
#79=LINE('',#1361,#113);
#80=LINE('',#1365,#114);
#81=LINE('',#1369,#115);
#82=LINE('',#1397,#116);
#83=LINE('',#1431,#117);
#84=LINE('',#1439,#118);
#85=LINE('',#1447,#119);
#86=LINE('',#1455,#120);
#87=LINE('',#1463,#121);
#88=LINE('',#1516,#122);
#89=LINE('',#1519,#123);
#90=LINE('',#1522,#124);
#91=LINE('',#1525,#125);
#92=LINE('',#1526,#126);
#93=LINE('',#1529,#127);
#94=LINE('',#1533,#128);
#95=LINE('',#1534,#129);
#96=LINE('',#1537,#130);
#97=LINE('',#1541,#131);
#98=LINE('',#1542,#132);
#99=LINE('',#1545,#133);
#100=LINE('',#1547,#134);
#101=LINE('',#1628,#135);
#102=LINE('',#1645,#136);
#103=LINE('',#2029,#137);
#104=VECTOR('',#1022,7.5);
#105=VECTOR('',#1039,2.25);
#106=VECTOR('',#1042,10.);
#107=VECTOR('',#1045,10.);
#108=VECTOR('',#1048,10.);
#109=VECTOR('',#1051,10.);
#110=VECTOR('',#1054,10.);
#111=VECTOR('',#1063,10.);
#112=VECTOR('',#1066,10.);
#113=VECTOR('',#1069,10.);
#114=VECTOR('',#1072,10.);
#115=VECTOR('',#1075,10.);
#116=VECTOR('',#1078,3.);
#117=VECTOR('',#1091,10.);
#118=VECTOR('',#1102,10.);
#119=VECTOR('',#1113,10.);
#120=VECTOR('',#1124,10.);
#121=VECTOR('',#1135,10.);
#122=VECTOR('',#1150,10.);
#123=VECTOR('',#1153,10.);
#124=VECTOR('',#1156,10.);
#125=VECTOR('',#1159,10.);
#126=VECTOR('',#1160,10.);
#127=VECTOR('',#1163,10.);
#128=VECTOR('',#1168,10.);
#129=VECTOR('',#1169,10.);
#130=VECTOR('',#1172,10.);
#131=VECTOR('',#1177,10.);
#132=VECTOR('',#1178,10.);
#133=VECTOR('',#1181,10.);
#134=VECTOR('',#1182,10.);
#135=VECTOR('',#1205,10.);
#136=VECTOR('',#1238,10.);
#137=VECTOR('',#1249,10.);
#138=CONICAL_SURFACE('',#894,7.5,0.507098504392337);
#139=FACE_BOUND('',#209,.T.);
#140=FACE_BOUND('',#214,.T.);
#141=FACE_BOUND('',#217,.T.);
#142=PLANE('',#892);
#143=PLANE('',#905);
#144=PLANE('',#913);
#145=PLANE('',#920);
#146=PLANE('',#951);
#147=PLANE('',#954);
#148=PLANE('',#957);
#149=PLANE('',#960);
#150=PLANE('',#963);
#151=PLANE('',#994);
#152=PLANE('',#995);
#153=FACE_OUTER_BOUND('',#207,.T.);
#154=FACE_OUTER_BOUND('',#208,.T.);
#155=FACE_OUTER_BOUND('',#210,.T.);
#156=FACE_OUTER_BOUND('',#211,.T.);
#157=FACE_OUTER_BOUND('',#212,.T.);
#158=FACE_OUTER_BOUND('',#213,.T.);
#159=FACE_OUTER_BOUND('',#215,.T.);
#160=FACE_OUTER_BOUND('',#216,.T.);
#161=FACE_OUTER_BOUND('',#218,.T.);
#162=FACE_OUTER_BOUND('',#219,.T.);
#163=FACE_OUTER_BOUND('',#220,.T.);
#164=FACE_OUTER_BOUND('',#221,.T.);
#165=FACE_OUTER_BOUND('',#222,.T.);
#166=FACE_OUTER_BOUND('',#223,.T.);
#167=FACE_OUTER_BOUND('',#224,.T.);
#168=FACE_OUTER_BOUND('',#225,.T.);
#169=FACE_OUTER_BOUND('',#226,.T.);
#170=FACE_OUTER_BOUND('',#227,.T.);
#171=FACE_OUTER_BOUND('',#228,.T.);
#172=FACE_OUTER_BOUND('',#229,.T.);
#173=FACE_OUTER_BOUND('',#230,.T.);
#174=FACE_OUTER_BOUND('',#231,.T.);
#175=FACE_OUTER_BOUND('',#232,.T.);
#176=FACE_OUTER_BOUND('',#233,.T.);
#177=FACE_OUTER_BOUND('',#234,.T.);
#178=FACE_OUTER_BOUND('',#235,.T.);
#179=FACE_OUTER_BOUND('',#236,.T.);
#180=FACE_OUTER_BOUND('',#237,.T.);
#181=FACE_OUTER_BOUND('',#238,.T.);
#182=FACE_OUTER_BOUND('',#239,.T.);
#183=FACE_OUTER_BOUND('',#240,.T.);
#184=FACE_OUTER_BOUND('',#241,.T.);
#185=FACE_OUTER_BOUND('',#242,.T.);
#186=FACE_OUTER_BOUND('',#243,.T.);
#187=FACE_OUTER_BOUND('',#244,.T.);
#188=FACE_OUTER_BOUND('',#245,.T.);
#189=FACE_OUTER_BOUND('',#246,.T.);
#190=FACE_OUTER_BOUND('',#247,.T.);
#191=FACE_OUTER_BOUND('',#248,.T.);
#192=FACE_OUTER_BOUND('',#249,.T.);
#193=FACE_OUTER_BOUND('',#250,.T.);
#194=FACE_OUTER_BOUND('',#251,.T.);
#195=FACE_OUTER_BOUND('',#252,.T.);
#196=FACE_OUTER_BOUND('',#253,.T.);
#197=FACE_OUTER_BOUND('',#254,.T.);
#198=FACE_OUTER_BOUND('',#255,.T.);
#199=FACE_OUTER_BOUND('',#256,.T.);
#200=FACE_OUTER_BOUND('',#257,.T.);
#201=FACE_OUTER_BOUND('',#258,.T.);
#202=FACE_OUTER_BOUND('',#259,.T.);
#203=FACE_OUTER_BOUND('',#260,.T.);
#204=FACE_OUTER_BOUND('',#261,.T.);
#205=FACE_OUTER_BOUND('',#262,.T.);
#206=FACE_OUTER_BOUND('',#263,.T.);
#207=EDGE_LOOP('',(#540,#541,#542,#543,#544,#545,#546));
#208=EDGE_LOOP('',(#547,#548));
#209=EDGE_LOOP('',(#549));
#210=EDGE_LOOP('',(#550,#551,#552,#553,#554,#555,#556));
#211=EDGE_LOOP('',(#557,#558,#559,#560,#561,#562));
#212=EDGE_LOOP('',(#563,#564,#565,#566,#567));
#213=EDGE_LOOP('',(#568,#569,#570,#571,#572,#573,#574,#575,#576,#577,#578,
#579,#580,#581));
#214=EDGE_LOOP('',(#582,#583));
#215=EDGE_LOOP('',(#584,#585,#586,#587));
#216=EDGE_LOOP('',(#588,#589,#590,#591,#592,#593,#594,#595,#596,#597,#598,
#599,#600,#601));
#217=EDGE_LOOP('',(#602));
#218=EDGE_LOOP('',(#603,#604,#605,#606));
#219=EDGE_LOOP('',(#607));
#220=EDGE_LOOP('',(#608,#609,#610,#611));
#221=EDGE_LOOP('',(#612,#613,#614,#615));
#222=EDGE_LOOP('',(#616,#617,#618,#619));
#223=EDGE_LOOP('',(#620,#621,#622,#623));
#224=EDGE_LOOP('',(#624,#625,#626,#627));
#225=EDGE_LOOP('',(#628,#629,#630,#631));
#226=EDGE_LOOP('',(#632,#633,#634,#635));
#227=EDGE_LOOP('',(#636,#637,#638,#639));
#228=EDGE_LOOP('',(#640,#641,#642,#643));
#229=EDGE_LOOP('',(#644,#645,#646,#647));
#230=EDGE_LOOP('',(#648,#649,#650,#651));
#231=EDGE_LOOP('',(#652,#653,#654,#655,#656,#657,#658,#659));
#232=EDGE_LOOP('',(#660,#661,#662));
#233=EDGE_LOOP('',(#663,#664,#665,#666,#667));
#234=EDGE_LOOP('',(#668,#669,#670,#671));
#235=EDGE_LOOP('',(#672,#673,#674,#675));
#236=EDGE_LOOP('',(#676,#677,#678,#679));
#237=EDGE_LOOP('',(#680,#681,#682,#683));
#238=EDGE_LOOP('',(#684,#685,#686,#687));
#239=EDGE_LOOP('',(#688,#689,#690,#691,#692));
#240=EDGE_LOOP('',(#693,#694,#695));
#241=EDGE_LOOP('',(#696,#697,#698,#699,#700,#701,#702));
#242=EDGE_LOOP('',(#703,#704,#705,#706));
#243=EDGE_LOOP('',(#707,#708,#709,#710));
#244=EDGE_LOOP('',(#711,#712,#713,#714));
#245=EDGE_LOOP('',(#715,#716,#717,#718));
#246=EDGE_LOOP('',(#719,#720,#721,#722));
#247=EDGE_LOOP('',(#723,#724,#725,#726));
#248=EDGE_LOOP('',(#727,#728,#729,#730));
#249=EDGE_LOOP('',(#731,#732,#733,#734));
#250=EDGE_LOOP('',(#735,#736,#737,#738));
#251=EDGE_LOOP('',(#739,#740,#741,#742));
#252=EDGE_LOOP('',(#743,#744,#745,#746));
#253=EDGE_LOOP('',(#747,#748,#749,#750));
#254=EDGE_LOOP('',(#751,#752,#753,#754));
#255=EDGE_LOOP('',(#755,#756,#757,#758));
#256=EDGE_LOOP('',(#759,#760,#761,#762));
#257=EDGE_LOOP('',(#763,#764,#765,#766,#767,#768));
#258=EDGE_LOOP('',(#769,#770,#771,#772));
#259=EDGE_LOOP('',(#773,#774,#775,#776));
#260=EDGE_LOOP('',(#777,#778,#779,#780,#781,#782,#783,#784,#785));
#261=EDGE_LOOP('',(#786,#787,#788));
#262=EDGE_LOOP('',(#789,#790,#791));
#263=EDGE_LOOP('',(#792,#793,#794,#795,#796,#797));
#264=CIRCLE('',#886,5.14287696356149);
#265=CIRCLE('',#887,5.14287696356149);
#266=CIRCLE('',#888,0.5);
#267=CIRCLE('',#889,4.70579832550072);
#268=CIRCLE('',#890,4.70579832550072);
#269=CIRCLE('',#891,5.14287696356149);
#270=CIRCLE('',#893,3.);
#271=CIRCLE('',#895,10.);
#272=CIRCLE('',#896,10.);
#273=CIRCLE('',#898,2.75);
#274=CIRCLE('',#899,0.5);
#275=CIRCLE('',#900,2.25);
#276=CIRCLE('',#901,2.25);
#277=CIRCLE('',#902,2.75);
#278=CIRCLE('',#904,2.25);
#279=CIRCLE('',#906,4.);
#280=CIRCLE('',#907,4.);
#281=CIRCLE('',#908,4.);
#282=CIRCLE('',#909,4.);
#283=CIRCLE('',#911,2.75);
#284=CIRCLE('',#912,0.5);
#285=CIRCLE('',#914,4.);
#286=CIRCLE('',#915,4.);
#287=CIRCLE('',#916,4.);
#288=CIRCLE('',#917,4.);
#289=CIRCLE('',#919,3.);
#290=CIRCLE('',#921,1.);
#291=CIRCLE('',#922,1.);
#292=CIRCLE('',#924,1.);
#293=CIRCLE('',#926,1.);
#294=CIRCLE('',#927,5.);
#295=CIRCLE('',#929,1.);
#296=CIRCLE('',#931,1.);
#297=CIRCLE('',#932,5.);
#298=CIRCLE('',#934,1.);
#299=CIRCLE('',#936,1.);
#300=CIRCLE('',#937,5.);
#301=CIRCLE('',#939,1.);
#302=CIRCLE('',#941,1.);
#303=CIRCLE('',#942,5.);
#304=CIRCLE('',#944,1.);
#305=CIRCLE('',#945,1.);
#306=CIRCLE('',#947,15.);
#307=CIRCLE('',#948,15.);
#308=CIRCLE('',#949,10.);
#309=CIRCLE('',#950,10.);
#310=CIRCLE('',#953,5.);
#311=CIRCLE('',#956,5.);
#312=CIRCLE('',#959,5.);
#313=CIRCLE('',#962,5.);
#314=CIRCLE('',#964,15.);
#315=CIRCLE('',#966,10.);
#316=CIRCLE('',#967,15.);
#317=CIRCLE('',#968,1.);
#318=CIRCLE('',#969,1.);
#319=CIRCLE('',#970,1.);
#320=CIRCLE('',#972,1.);
#321=CIRCLE('',#974,1.);
#322=CIRCLE('',#976,1.);
#323=CIRCLE('',#978,1.);
#324=CIRCLE('',#980,1.);
#325=CIRCLE('',#982,1.);
#326=CIRCLE('',#984,1.);
#327=CIRCLE('',#986,1.);
#328=CIRCLE('',#988,1.);
#329=CIRCLE('',#989,1.);
#330=CIRCLE('',#990,0.999999999999999);
#331=CIRCLE('',#991,1.);
#332=CIRCLE('',#992,1.);
#333=VERTEX_POINT('',#1256);
#334=VERTEX_POINT('',#1257);
#335=VERTEX_POINT('',#1259);
#336=VERTEX_POINT('',#1261);
#337=VERTEX_POINT('',#1263);
#338=VERTEX_POINT('',#1268);
#339=VERTEX_POINT('',#1271);
#340=VERTEX_POINT('',#1272);
#341=VERTEX_POINT('',#1277);
#342=VERTEX_POINT('',#1278);
#343=VERTEX_POINT('',#1280);
#344=VERTEX_POINT('',#1282);
#345=VERTEX_POINT('',#1287);
#346=VERTEX_POINT('',#1291);
#347=VERTEX_POINT('',#1292);
#348=VERTEX_POINT('',#1297);
#349=VERTEX_POINT('',#1302);
#350=VERTEX_POINT('',#1314);
#351=VERTEX_POINT('',#1319);
#352=VERTEX_POINT('',#1324);
#353=VERTEX_POINT('',#1326);
#354=VERTEX_POINT('',#1328);
#355=VERTEX_POINT('',#1330);
#356=VERTEX_POINT('',#1332);
#357=VERTEX_POINT('',#1334);
#358=VERTEX_POINT('',#1336);
#359=VERTEX_POINT('',#1338);
#360=VERTEX_POINT('',#1342);
#361=VERTEX_POINT('',#1346);
#362=VERTEX_POINT('',#1347);
#363=VERTEX_POINT('',#1352);
#364=VERTEX_POINT('',#1354);
#365=VERTEX_POINT('',#1356);
#366=VERTEX_POINT('',#1358);
#367=VERTEX_POINT('',#1360);
#368=VERTEX_POINT('',#1362);
#369=VERTEX_POINT('',#1364);
#370=VERTEX_POINT('',#1366);
#371=VERTEX_POINT('',#1368);
#372=VERTEX_POINT('',#1370);
#373=VERTEX_POINT('',#1375);
#374=VERTEX_POINT('',#1380);
#375=VERTEX_POINT('',#1396);
#376=VERTEX_POINT('',#1420);
#377=VERTEX_POINT('',#1422);
#378=VERTEX_POINT('',#1429);
#379=VERTEX_POINT('',#1433);
#380=VERTEX_POINT('',#1437);
#381=VERTEX_POINT('',#1441);
#382=VERTEX_POINT('',#1445);
#383=VERTEX_POINT('',#1449);
#384=VERTEX_POINT('',#1453);
#385=VERTEX_POINT('',#1457);
#386=VERTEX_POINT('',#1461);
#387=VERTEX_POINT('',#1484);
#388=VERTEX_POINT('',#1491);
#389=VERTEX_POINT('',#1493);
#390=VERTEX_POINT('',#1495);
#391=VERTEX_POINT('',#1500);
#392=VERTEX_POINT('',#1506);
#393=VERTEX_POINT('',#1508);
#394=VERTEX_POINT('',#1518);
#395=VERTEX_POINT('',#1520);
#396=VERTEX_POINT('',#1524);
#397=VERTEX_POINT('',#1528);
#398=VERTEX_POINT('',#1532);
#399=VERTEX_POINT('',#1536);
#400=VERTEX_POINT('',#1540);
#401=VERTEX_POINT('',#1544);
#402=VERTEX_POINT('',#1546);
#403=VERTEX_POINT('',#1552);
#404=VERTEX_POINT('',#1558);
#405=VERTEX_POINT('',#1560);
#406=VERTEX_POINT('',#1566);
#407=VERTEX_POINT('',#1597);
#408=VERTEX_POINT('',#1692);
#409=VERTEX_POINT('',#1774);
#410=VERTEX_POINT('',#1966);
#411=EDGE_CURVE('',#333,#334,#264,.T.);
#412=EDGE_CURVE('',#334,#335,#265,.T.);
#413=EDGE_CURVE('',#335,#336,#266,.T.);
#414=EDGE_CURVE('',#336,#337,#267,.T.);
#415=EDGE_CURVE('',#337,#336,#268,.T.);
#416=EDGE_CURVE('',#335,#333,#269,.T.);
#417=EDGE_CURVE('',#338,#338,#270,.T.);
#418=EDGE_CURVE('',#339,#340,#271,.T.);
#419=EDGE_CURVE('',#340,#339,#272,.T.);
#420=EDGE_CURVE('',#340,#334,#70,.T.);
#421=EDGE_CURVE('',#341,#342,#273,.T.);
#422=EDGE_CURVE('',#342,#343,#274,.T.);
#423=EDGE_CURVE('',#343,#344,#275,.T.);
#424=EDGE_CURVE('',#344,#343,#276,.T.);
#425=EDGE_CURVE('',#342,#341,#277,.T.);
#426=EDGE_CURVE('',#345,#345,#278,.T.);
#427=EDGE_CURVE('',#345,#344,#71,.T.);
#428=EDGE_CURVE('',#346,#347,#27,.T.);
#429=EDGE_CURVE('',#346,#348,#28,.F.);
#430=EDGE_CURVE('',#349,#348,#29,.T.);
#431=EDGE_CURVE('',#350,#349,#30,.T.);
#432=EDGE_CURVE('',#351,#350,#31,.T.);
#433=EDGE_CURVE('',#352,#351,#72,.T.);
#434=EDGE_CURVE('',#353,#352,#279,.T.);
#435=EDGE_CURVE('',#354,#353,#73,.T.);
#436=EDGE_CURVE('',#355,#354,#280,.T.);
#437=EDGE_CURVE('',#356,#355,#74,.T.);
#438=EDGE_CURVE('',#357,#356,#281,.T.);
#439=EDGE_CURVE('',#358,#357,#75,.T.);
#440=EDGE_CURVE('',#359,#358,#282,.T.);
#441=EDGE_CURVE('',#347,#359,#76,.T.);
#442=EDGE_CURVE('',#360,#360,#283,.T.);
#443=EDGE_CURVE('',#360,#345,#284,.T.);
#444=EDGE_CURVE('',#361,#362,#32,.T.);
#445=EDGE_CURVE('',#363,#361,#77,.T.);
#446=EDGE_CURVE('',#364,#363,#285,.T.);
#447=EDGE_CURVE('',#365,#364,#78,.T.);
#448=EDGE_CURVE('',#366,#365,#286,.T.);
#449=EDGE_CURVE('',#367,#366,#79,.T.);
#450=EDGE_CURVE('',#368,#367,#287,.T.);
#451=EDGE_CURVE('',#369,#368,#80,.T.);
#452=EDGE_CURVE('',#370,#369,#288,.T.);
#453=EDGE_CURVE('',#371,#370,#81,.T.);
#454=EDGE_CURVE('',#372,#371,#33,.T.);
#455=EDGE_CURVE('',#372,#373,#34,.F.);
#456=EDGE_CURVE('',#374,#373,#35,.T.);
#457=EDGE_CURVE('',#362,#374,#36,.T.);
#458=EDGE_CURVE('',#338,#375,#82,.T.);
#459=EDGE_CURVE('',#375,#375,#289,.T.);
#460=EDGE_CURVE('',#347,#376,#290,.T.);
#461=EDGE_CURVE('',#376,#377,#37,.T.);
#462=EDGE_CURVE('',#377,#346,#291,.T.);
#463=EDGE_CURVE('',#359,#378,#292,.T.);
#464=EDGE_CURVE('',#378,#376,#83,.T.);
#465=EDGE_CURVE('',#358,#379,#293,.T.);
#466=EDGE_CURVE('',#379,#378,#294,.T.);
#467=EDGE_CURVE('',#357,#380,#295,.T.);
#468=EDGE_CURVE('',#380,#379,#84,.T.);
#469=EDGE_CURVE('',#356,#381,#296,.T.);
#470=EDGE_CURVE('',#381,#380,#297,.T.);
#471=EDGE_CURVE('',#355,#382,#298,.T.);
#472=EDGE_CURVE('',#382,#381,#85,.T.);
#473=EDGE_CURVE('',#354,#383,#299,.T.);
#474=EDGE_CURVE('',#383,#382,#300,.T.);
#475=EDGE_CURVE('',#353,#384,#301,.T.);
#476=EDGE_CURVE('',#384,#383,#86,.T.);
#477=EDGE_CURVE('',#352,#385,#302,.T.);
#478=EDGE_CURVE('',#385,#384,#303,.T.);
#479=EDGE_CURVE('',#351,#386,#304,.T.);
#480=EDGE_CURVE('',#386,#385,#87,.T.);
#481=EDGE_CURVE('',#350,#387,#305,.T.);
#482=EDGE_CURVE('',#387,#386,#38,.T.);
#483=EDGE_CURVE('',#376,#388,#306,.T.);
#484=EDGE_CURVE('',#388,#389,#307,.T.);
#485=EDGE_CURVE('',#390,#389,#39,.T.);
#486=EDGE_CURVE('',#391,#390,#40,.T.);
#487=EDGE_CURVE('',#391,#392,#308,.T.);
#488=EDGE_CURVE('',#392,#393,#309,.T.);
#489=EDGE_CURVE('',#377,#393,#41,.T.);
#490=EDGE_CURVE('',#388,#378,#88,.T.);
#491=EDGE_CURVE('',#379,#394,#89,.T.);
#492=EDGE_CURVE('',#395,#394,#310,.T.);
#493=EDGE_CURVE('',#395,#388,#90,.T.);
#494=EDGE_CURVE('',#396,#380,#91,.T.);
#495=EDGE_CURVE('',#394,#396,#92,.T.);
#496=EDGE_CURVE('',#381,#397,#93,.T.);
#497=EDGE_CURVE('',#396,#397,#311,.T.);
#498=EDGE_CURVE('',#398,#382,#94,.T.);
#499=EDGE_CURVE('',#397,#398,#95,.T.);
#500=EDGE_CURVE('',#383,#399,#96,.T.);
#501=EDGE_CURVE('',#398,#399,#312,.T.);
#502=EDGE_CURVE('',#400,#384,#97,.T.);
#503=EDGE_CURVE('',#399,#400,#98,.T.);
#504=EDGE_CURVE('',#385,#401,#99,.T.);
#505=EDGE_CURVE('',#401,#402,#100,.T.);
#506=EDGE_CURVE('',#400,#402,#313,.T.);
#507=EDGE_CURVE('',#401,#386,#314,.T.);
#508=EDGE_CURVE('',#403,#387,#42,.T.);
#509=EDGE_CURVE('',#403,#404,#315,.T.);
#510=EDGE_CURVE('',#405,#404,#43,.T.);
#511=EDGE_CURVE('',#406,#405,#44,.T.);
#512=EDGE_CURVE('',#406,#401,#316,.T.);
#513=EDGE_CURVE('',#350,#407,#45,.T.);
#514=EDGE_CURVE('',#403,#407,#317,.T.);
#515=EDGE_CURVE('',#371,#406,#318,.T.);
#516=EDGE_CURVE('',#405,#372,#319,.T.);
#517=EDGE_CURVE('',#370,#402,#320,.T.);
#518=EDGE_CURVE('',#402,#406,#101,.T.);
#519=EDGE_CURVE('',#369,#400,#321,.T.);
#520=EDGE_CURVE('',#368,#399,#322,.T.);
#521=EDGE_CURVE('',#367,#398,#323,.T.);
#522=EDGE_CURVE('',#366,#397,#324,.T.);
#523=EDGE_CURVE('',#365,#396,#325,.T.);
#524=EDGE_CURVE('',#364,#394,#326,.T.);
#525=EDGE_CURVE('',#363,#395,#327,.T.);
#526=EDGE_CURVE('',#361,#389,#328,.T.);
#527=EDGE_CURVE('',#389,#395,#102,.T.);
#528=EDGE_CURVE('',#362,#390,#329,.T.);
#529=EDGE_CURVE('',#408,#404,#330,.T.);
#530=EDGE_CURVE('',#408,#372,#46,.T.);
#531=EDGE_CURVE('',#407,#409,#47,.T.);
#532=EDGE_CURVE('',#409,#393,#331,.T.);
#533=EDGE_CURVE('',#393,#403,#48,.T.);
#534=EDGE_CURVE('',#409,#346,#49,.T.);
#535=EDGE_CURVE('',#391,#410,#332,.T.);
#536=EDGE_CURVE('',#410,#408,#50,.T.);
#537=EDGE_CURVE('',#404,#391,#51,.T.);
#538=EDGE_CURVE('',#362,#410,#52,.T.);
#539=EDGE_CURVE('',#392,#340,#103,.T.);
#540=ORIENTED_EDGE('',*,*,#411,.T.);
#541=ORIENTED_EDGE('',*,*,#412,.T.);
#542=ORIENTED_EDGE('',*,*,#413,.T.);
#543=ORIENTED_EDGE('',*,*,#414,.T.);
#544=ORIENTED_EDGE('',*,*,#415,.T.);
#545=ORIENTED_EDGE('',*,*,#413,.F.);
#546=ORIENTED_EDGE('',*,*,#416,.T.);
#547=ORIENTED_EDGE('',*,*,#415,.F.);
#548=ORIENTED_EDGE('',*,*,#414,.F.);
#549=ORIENTED_EDGE('',*,*,#417,.T.);
#550=ORIENTED_EDGE('',*,*,#418,.F.);
#551=ORIENTED_EDGE('',*,*,#419,.F.);
#552=ORIENTED_EDGE('',*,*,#420,.T.);
#553=ORIENTED_EDGE('',*,*,#411,.F.);
#554=ORIENTED_EDGE('',*,*,#416,.F.);
#555=ORIENTED_EDGE('',*,*,#412,.F.);
#556=ORIENTED_EDGE('',*,*,#420,.F.);
#557=ORIENTED_EDGE('',*,*,#421,.T.);
#558=ORIENTED_EDGE('',*,*,#422,.T.);
#559=ORIENTED_EDGE('',*,*,#423,.T.);
#560=ORIENTED_EDGE('',*,*,#424,.T.);
#561=ORIENTED_EDGE('',*,*,#422,.F.);
#562=ORIENTED_EDGE('',*,*,#425,.T.);
#563=ORIENTED_EDGE('',*,*,#426,.F.);
#564=ORIENTED_EDGE('',*,*,#427,.T.);
#565=ORIENTED_EDGE('',*,*,#423,.F.);
#566=ORIENTED_EDGE('',*,*,#424,.F.);
#567=ORIENTED_EDGE('',*,*,#427,.F.);
#568=ORIENTED_EDGE('',*,*,#428,.F.);
#569=ORIENTED_EDGE('',*,*,#429,.T.);
#570=ORIENTED_EDGE('',*,*,#430,.F.);
#571=ORIENTED_EDGE('',*,*,#431,.F.);
#572=ORIENTED_EDGE('',*,*,#432,.F.);
#573=ORIENTED_EDGE('',*,*,#433,.F.);
#574=ORIENTED_EDGE('',*,*,#434,.F.);
#575=ORIENTED_EDGE('',*,*,#435,.F.);
#576=ORIENTED_EDGE('',*,*,#436,.F.);
#577=ORIENTED_EDGE('',*,*,#437,.F.);
#578=ORIENTED_EDGE('',*,*,#438,.F.);
#579=ORIENTED_EDGE('',*,*,#439,.F.);
#580=ORIENTED_EDGE('',*,*,#440,.F.);
#581=ORIENTED_EDGE('',*,*,#441,.F.);
#582=ORIENTED_EDGE('',*,*,#421,.F.);
#583=ORIENTED_EDGE('',*,*,#425,.F.);
#584=ORIENTED_EDGE('',*,*,#442,.T.);
#585=ORIENTED_EDGE('',*,*,#443,.T.);
#586=ORIENTED_EDGE('',*,*,#426,.T.);
#587=ORIENTED_EDGE('',*,*,#443,.F.);
#588=ORIENTED_EDGE('',*,*,#444,.F.);
#589=ORIENTED_EDGE('',*,*,#445,.F.);
#590=ORIENTED_EDGE('',*,*,#446,.F.);
#591=ORIENTED_EDGE('',*,*,#447,.F.);
#592=ORIENTED_EDGE('',*,*,#448,.F.);
#593=ORIENTED_EDGE('',*,*,#449,.F.);
#594=ORIENTED_EDGE('',*,*,#450,.F.);
#595=ORIENTED_EDGE('',*,*,#451,.F.);
#596=ORIENTED_EDGE('',*,*,#452,.F.);
#597=ORIENTED_EDGE('',*,*,#453,.F.);
#598=ORIENTED_EDGE('',*,*,#454,.F.);
#599=ORIENTED_EDGE('',*,*,#455,.T.);
#600=ORIENTED_EDGE('',*,*,#456,.F.);
#601=ORIENTED_EDGE('',*,*,#457,.F.);
#602=ORIENTED_EDGE('',*,*,#442,.F.);
#603=ORIENTED_EDGE('',*,*,#417,.F.);
#604=ORIENTED_EDGE('',*,*,#458,.T.);
#605=ORIENTED_EDGE('',*,*,#459,.T.);
#606=ORIENTED_EDGE('',*,*,#458,.F.);
#607=ORIENTED_EDGE('',*,*,#459,.F.);
#608=ORIENTED_EDGE('',*,*,#460,.T.);
#609=ORIENTED_EDGE('',*,*,#461,.T.);
#610=ORIENTED_EDGE('',*,*,#462,.T.);
#611=ORIENTED_EDGE('',*,*,#428,.T.);
#612=ORIENTED_EDGE('',*,*,#463,.T.);
#613=ORIENTED_EDGE('',*,*,#464,.T.);
#614=ORIENTED_EDGE('',*,*,#460,.F.);
#615=ORIENTED_EDGE('',*,*,#441,.T.);
#616=ORIENTED_EDGE('',*,*,#465,.T.);
#617=ORIENTED_EDGE('',*,*,#466,.T.);
#618=ORIENTED_EDGE('',*,*,#463,.F.);
#619=ORIENTED_EDGE('',*,*,#440,.T.);
#620=ORIENTED_EDGE('',*,*,#467,.T.);
#621=ORIENTED_EDGE('',*,*,#468,.T.);
#622=ORIENTED_EDGE('',*,*,#465,.F.);
#623=ORIENTED_EDGE('',*,*,#439,.T.);
#624=ORIENTED_EDGE('',*,*,#469,.T.);
#625=ORIENTED_EDGE('',*,*,#470,.T.);
#626=ORIENTED_EDGE('',*,*,#467,.F.);
#627=ORIENTED_EDGE('',*,*,#438,.T.);
#628=ORIENTED_EDGE('',*,*,#471,.T.);
#629=ORIENTED_EDGE('',*,*,#472,.T.);
#630=ORIENTED_EDGE('',*,*,#469,.F.);
#631=ORIENTED_EDGE('',*,*,#437,.T.);
#632=ORIENTED_EDGE('',*,*,#473,.T.);
#633=ORIENTED_EDGE('',*,*,#474,.T.);
#634=ORIENTED_EDGE('',*,*,#471,.F.);
#635=ORIENTED_EDGE('',*,*,#436,.T.);
#636=ORIENTED_EDGE('',*,*,#475,.T.);
#637=ORIENTED_EDGE('',*,*,#476,.T.);
#638=ORIENTED_EDGE('',*,*,#473,.F.);
#639=ORIENTED_EDGE('',*,*,#435,.T.);
#640=ORIENTED_EDGE('',*,*,#477,.T.);
#641=ORIENTED_EDGE('',*,*,#478,.T.);
#642=ORIENTED_EDGE('',*,*,#475,.F.);
#643=ORIENTED_EDGE('',*,*,#434,.T.);
#644=ORIENTED_EDGE('',*,*,#479,.T.);
#645=ORIENTED_EDGE('',*,*,#480,.T.);
#646=ORIENTED_EDGE('',*,*,#477,.F.);
#647=ORIENTED_EDGE('',*,*,#433,.T.);
#648=ORIENTED_EDGE('',*,*,#479,.F.);
#649=ORIENTED_EDGE('',*,*,#432,.T.);
#650=ORIENTED_EDGE('',*,*,#481,.T.);
#651=ORIENTED_EDGE('',*,*,#482,.T.);
#652=ORIENTED_EDGE('',*,*,#461,.F.);
#653=ORIENTED_EDGE('',*,*,#483,.T.);
#654=ORIENTED_EDGE('',*,*,#484,.T.);
#655=ORIENTED_EDGE('',*,*,#485,.F.);
#656=ORIENTED_EDGE('',*,*,#486,.F.);
#657=ORIENTED_EDGE('',*,*,#487,.T.);
#658=ORIENTED_EDGE('',*,*,#488,.T.);
#659=ORIENTED_EDGE('',*,*,#489,.F.);
#660=ORIENTED_EDGE('',*,*,#464,.F.);
#661=ORIENTED_EDGE('',*,*,#490,.F.);
#662=ORIENTED_EDGE('',*,*,#483,.F.);
#663=ORIENTED_EDGE('',*,*,#466,.F.);
#664=ORIENTED_EDGE('',*,*,#491,.T.);
#665=ORIENTED_EDGE('',*,*,#492,.F.);
#666=ORIENTED_EDGE('',*,*,#493,.T.);
#667=ORIENTED_EDGE('',*,*,#490,.T.);
#668=ORIENTED_EDGE('',*,*,#468,.F.);
#669=ORIENTED_EDGE('',*,*,#494,.F.);
#670=ORIENTED_EDGE('',*,*,#495,.F.);
#671=ORIENTED_EDGE('',*,*,#491,.F.);
#672=ORIENTED_EDGE('',*,*,#470,.F.);
#673=ORIENTED_EDGE('',*,*,#496,.T.);
#674=ORIENTED_EDGE('',*,*,#497,.F.);
#675=ORIENTED_EDGE('',*,*,#494,.T.);
#676=ORIENTED_EDGE('',*,*,#472,.F.);
#677=ORIENTED_EDGE('',*,*,#498,.F.);
#678=ORIENTED_EDGE('',*,*,#499,.F.);
#679=ORIENTED_EDGE('',*,*,#496,.F.);
#680=ORIENTED_EDGE('',*,*,#474,.F.);
#681=ORIENTED_EDGE('',*,*,#500,.T.);
#682=ORIENTED_EDGE('',*,*,#501,.F.);
#683=ORIENTED_EDGE('',*,*,#498,.T.);
#684=ORIENTED_EDGE('',*,*,#476,.F.);
#685=ORIENTED_EDGE('',*,*,#502,.F.);
#686=ORIENTED_EDGE('',*,*,#503,.F.);
#687=ORIENTED_EDGE('',*,*,#500,.F.);
#688=ORIENTED_EDGE('',*,*,#478,.F.);
#689=ORIENTED_EDGE('',*,*,#504,.T.);
#690=ORIENTED_EDGE('',*,*,#505,.T.);
#691=ORIENTED_EDGE('',*,*,#506,.F.);
#692=ORIENTED_EDGE('',*,*,#502,.T.);
#693=ORIENTED_EDGE('',*,*,#480,.F.);
#694=ORIENTED_EDGE('',*,*,#507,.F.);
#695=ORIENTED_EDGE('',*,*,#504,.F.);
#696=ORIENTED_EDGE('',*,*,#482,.F.);
#697=ORIENTED_EDGE('',*,*,#508,.F.);
#698=ORIENTED_EDGE('',*,*,#509,.T.);
#699=ORIENTED_EDGE('',*,*,#510,.F.);
#700=ORIENTED_EDGE('',*,*,#511,.F.);
#701=ORIENTED_EDGE('',*,*,#512,.T.);
#702=ORIENTED_EDGE('',*,*,#507,.T.);
#703=ORIENTED_EDGE('',*,*,#481,.F.);
#704=ORIENTED_EDGE('',*,*,#513,.T.);
#705=ORIENTED_EDGE('',*,*,#514,.F.);
#706=ORIENTED_EDGE('',*,*,#508,.T.);
#707=ORIENTED_EDGE('',*,*,#515,.T.);
#708=ORIENTED_EDGE('',*,*,#511,.T.);
#709=ORIENTED_EDGE('',*,*,#516,.T.);
#710=ORIENTED_EDGE('',*,*,#454,.T.);
#711=ORIENTED_EDGE('',*,*,#517,.T.);
#712=ORIENTED_EDGE('',*,*,#518,.T.);
#713=ORIENTED_EDGE('',*,*,#515,.F.);
#714=ORIENTED_EDGE('',*,*,#453,.T.);
#715=ORIENTED_EDGE('',*,*,#519,.T.);
#716=ORIENTED_EDGE('',*,*,#506,.T.);
#717=ORIENTED_EDGE('',*,*,#517,.F.);
#718=ORIENTED_EDGE('',*,*,#452,.T.);
#719=ORIENTED_EDGE('',*,*,#520,.T.);
#720=ORIENTED_EDGE('',*,*,#503,.T.);
#721=ORIENTED_EDGE('',*,*,#519,.F.);
#722=ORIENTED_EDGE('',*,*,#451,.T.);
#723=ORIENTED_EDGE('',*,*,#521,.T.);
#724=ORIENTED_EDGE('',*,*,#501,.T.);
#725=ORIENTED_EDGE('',*,*,#520,.F.);
#726=ORIENTED_EDGE('',*,*,#450,.T.);
#727=ORIENTED_EDGE('',*,*,#522,.T.);
#728=ORIENTED_EDGE('',*,*,#499,.T.);
#729=ORIENTED_EDGE('',*,*,#521,.F.);
#730=ORIENTED_EDGE('',*,*,#449,.T.);
#731=ORIENTED_EDGE('',*,*,#523,.T.);
#732=ORIENTED_EDGE('',*,*,#497,.T.);
#733=ORIENTED_EDGE('',*,*,#522,.F.);
#734=ORIENTED_EDGE('',*,*,#448,.T.);
#735=ORIENTED_EDGE('',*,*,#524,.T.);
#736=ORIENTED_EDGE('',*,*,#495,.T.);
#737=ORIENTED_EDGE('',*,*,#523,.F.);
#738=ORIENTED_EDGE('',*,*,#447,.T.);
#739=ORIENTED_EDGE('',*,*,#525,.T.);
#740=ORIENTED_EDGE('',*,*,#492,.T.);
#741=ORIENTED_EDGE('',*,*,#524,.F.);
#742=ORIENTED_EDGE('',*,*,#446,.T.);
#743=ORIENTED_EDGE('',*,*,#526,.T.);
#744=ORIENTED_EDGE('',*,*,#527,.T.);
#745=ORIENTED_EDGE('',*,*,#525,.F.);
#746=ORIENTED_EDGE('',*,*,#445,.T.);
#747=ORIENTED_EDGE('',*,*,#526,.F.);
#748=ORIENTED_EDGE('',*,*,#444,.T.);
#749=ORIENTED_EDGE('',*,*,#528,.T.);
#750=ORIENTED_EDGE('',*,*,#485,.T.);
#751=ORIENTED_EDGE('',*,*,#516,.F.);
#752=ORIENTED_EDGE('',*,*,#510,.T.);
#753=ORIENTED_EDGE('',*,*,#529,.F.);
#754=ORIENTED_EDGE('',*,*,#530,.T.);
#755=ORIENTED_EDGE('',*,*,#514,.T.);
#756=ORIENTED_EDGE('',*,*,#531,.T.);
#757=ORIENTED_EDGE('',*,*,#532,.T.);
#758=ORIENTED_EDGE('',*,*,#533,.T.);
#759=ORIENTED_EDGE('',*,*,#462,.F.);
#760=ORIENTED_EDGE('',*,*,#489,.T.);
#761=ORIENTED_EDGE('',*,*,#532,.F.);
#762=ORIENTED_EDGE('',*,*,#534,.T.);
#763=ORIENTED_EDGE('',*,*,#534,.F.);
#764=ORIENTED_EDGE('',*,*,#531,.F.);
#765=ORIENTED_EDGE('',*,*,#513,.F.);
#766=ORIENTED_EDGE('',*,*,#431,.T.);
#767=ORIENTED_EDGE('',*,*,#430,.T.);
#768=ORIENTED_EDGE('',*,*,#429,.F.);
#769=ORIENTED_EDGE('',*,*,#535,.T.);
#770=ORIENTED_EDGE('',*,*,#536,.T.);
#771=ORIENTED_EDGE('',*,*,#529,.T.);
#772=ORIENTED_EDGE('',*,*,#537,.T.);
#773=ORIENTED_EDGE('',*,*,#528,.F.);
#774=ORIENTED_EDGE('',*,*,#538,.T.);
#775=ORIENTED_EDGE('',*,*,#535,.F.);
#776=ORIENTED_EDGE('',*,*,#486,.T.);
#777=ORIENTED_EDGE('',*,*,#533,.F.);
#778=ORIENTED_EDGE('',*,*,#488,.F.);
#779=ORIENTED_EDGE('',*,*,#539,.T.);
#780=ORIENTED_EDGE('',*,*,#419,.T.);
#781=ORIENTED_EDGE('',*,*,#418,.T.);
#782=ORIENTED_EDGE('',*,*,#539,.F.);
#783=ORIENTED_EDGE('',*,*,#487,.F.);
#784=ORIENTED_EDGE('',*,*,#537,.F.);
#785=ORIENTED_EDGE('',*,*,#509,.F.);
#786=ORIENTED_EDGE('',*,*,#527,.F.);
#787=ORIENTED_EDGE('',*,*,#484,.F.);
#788=ORIENTED_EDGE('',*,*,#493,.F.);
#789=ORIENTED_EDGE('',*,*,#518,.F.);
#790=ORIENTED_EDGE('',*,*,#505,.F.);
#791=ORIENTED_EDGE('',*,*,#512,.F.);
#792=ORIENTED_EDGE('',*,*,#538,.F.);
#793=ORIENTED_EDGE('',*,*,#457,.T.);
#794=ORIENTED_EDGE('',*,*,#456,.T.);
#795=ORIENTED_EDGE('',*,*,#455,.F.);
#796=ORIENTED_EDGE('',*,*,#530,.F.);
#797=ORIENTED_EDGE('',*,*,#536,.F.);
#798=TOROIDAL_SURFACE('',#885,4.70579832550072,0.5);
#799=TOROIDAL_SURFACE('',#897,2.75,0.5);
#800=TOROIDAL_SURFACE('',#910,2.75,0.5);
#801=TOROIDAL_SURFACE('',#925,4.,1.);
#802=TOROIDAL_SURFACE('',#930,4.,1.);
#803=TOROIDAL_SURFACE('',#935,4.,1.);
#804=TOROIDAL_SURFACE('',#940,4.,1.);
#805=TOROIDAL_SURFACE('',#946,15.,5.);
#806=TOROIDAL_SURFACE('',#965,15.,5.);
#807=TOROIDAL_SURFACE('',#973,4.,1.);
#808=TOROIDAL_SURFACE('',#977,4.,1.);
#809=TOROIDAL_SURFACE('',#981,4.,1.);
#810=TOROIDAL_SURFACE('',#985,4.,1.);
#811=ADVANCED_FACE('',(#153),#798,.T.);
#812=ADVANCED_FACE('',(#154,#139),#142,.T.);
#813=ADVANCED_FACE('',(#155),#138,.T.);
#814=ADVANCED_FACE('',(#156),#799,.T.);
#815=ADVANCED_FACE('',(#157),#53,.F.);
#816=ADVANCED_FACE('',(#158,#140),#143,.T.);
#817=ADVANCED_FACE('',(#159),#800,.T.);
#818=ADVANCED_FACE('',(#160,#141),#144,.T.);
#819=ADVANCED_FACE('',(#161),#54,.F.);
#820=ADVANCED_FACE('',(#162),#145,.F.);
#821=ADVANCED_FACE('',(#163),#15,.F.);
#822=ADVANCED_FACE('',(#164),#55,.T.);
#823=ADVANCED_FACE('',(#165),#801,.T.);
#824=ADVANCED_FACE('',(#166),#56,.T.);
#825=ADVANCED_FACE('',(#167),#802,.T.);
#826=ADVANCED_FACE('',(#168),#57,.T.);
#827=ADVANCED_FACE('',(#169),#803,.T.);
#828=ADVANCED_FACE('',(#170),#58,.T.);
#829=ADVANCED_FACE('',(#171),#804,.T.);
#830=ADVANCED_FACE('',(#172),#59,.T.);
#831=ADVANCED_FACE('',(#173),#16,.F.);
#832=ADVANCED_FACE('',(#174),#805,.F.);
#833=ADVANCED_FACE('',(#175),#146,.T.);
#834=ADVANCED_FACE('',(#176),#60,.T.);
#835=ADVANCED_FACE('',(#177),#147,.T.);
#836=ADVANCED_FACE('',(#178),#61,.T.);
#837=ADVANCED_FACE('',(#179),#148,.T.);
#838=ADVANCED_FACE('',(#180),#62,.T.);
#839=ADVANCED_FACE('',(#181),#149,.T.);
#840=ADVANCED_FACE('',(#182),#63,.T.);
#841=ADVANCED_FACE('',(#183),#150,.T.);
#842=ADVANCED_FACE('',(#184),#806,.F.);
#843=ADVANCED_FACE('',(#185),#17,.F.);
#844=ADVANCED_FACE('',(#186),#18,.F.);
#845=ADVANCED_FACE('',(#187),#64,.T.);
#846=ADVANCED_FACE('',(#188),#807,.T.);
#847=ADVANCED_FACE('',(#189),#65,.T.);
#848=ADVANCED_FACE('',(#190),#808,.T.);
#849=ADVANCED_FACE('',(#191),#66,.T.);
#850=ADVANCED_FACE('',(#192),#809,.T.);
#851=ADVANCED_FACE('',(#193),#67,.T.);
#852=ADVANCED_FACE('',(#194),#810,.T.);
#853=ADVANCED_FACE('',(#195),#68,.T.);
#854=ADVANCED_FACE('',(#196),#19,.F.);
#855=ADVANCED_FACE('',(#197),#20,.F.);
#856=ADVANCED_FACE('',(#198),#21,.F.);
#857=ADVANCED_FACE('',(#199),#22,.F.);
#858=ADVANCED_FACE('',(#200),#23,.T.);
#859=ADVANCED_FACE('',(#201),#24,.F.);
#860=ADVANCED_FACE('',(#202),#25,.F.);
#861=ADVANCED_FACE('',(#203),#69,.T.);
#862=ADVANCED_FACE('',(#204),#151,.T.);
#863=ADVANCED_FACE('',(#205),#152,.T.);
#864=ADVANCED_FACE('',(#206),#26,.T.);
#865=CLOSED_SHELL('',(#811,#812,#813,#814,#815,#816,#817,#818,#819,#820,
#821,#822,#823,#824,#825,#826,#827,#828,#829,#830,#831,#832,#833,#834,#835,
#836,#837,#838,#839,#840,#841,#842,#843,#844,#845,#846,#847,#848,#849,#850,
#851,#852,#853,#854,#855,#856,#857,#858,#859,#860,#861,#862,#863,#864));
#866=DERIVED_UNIT_ELEMENT(#868,1.);
#867=DERIVED_UNIT_ELEMENT(#2087,3.);
#868=(
MASS_UNIT()
NAMED_UNIT(*)
SI_UNIT($,.GRAM.)
);
#869=DERIVED_UNIT((#866,#867));
#870=MEASURE_REPRESENTATION_ITEM('density measure',
POSITIVE_RATIO_MEASURE(0.952),#869);
#871=PROPERTY_DEFINITION_REPRESENTATION(#876,#873);
#872=PROPERTY_DEFINITION_REPRESENTATION(#877,#874);
#873=REPRESENTATION('material name',(#875),#2084);
#874=REPRESENTATION('density',(#870),#2084);
#875=DESCRIPTIVE_REPRESENTATION_ITEM(
'\X2\041F043E043B0438044D04420438043B0435043D\X0\, \X2\0432044B0441043E043A0430044F\X0\ 
\X2\043F043B043E0442043D043E04410442044C\X0\',
'\X2\041F043E043B0438044D04420438043B0435043D\X0\, \X2\0432044B0441043E043A0430044F\X0\ 
\X2\043F043B043E0442043D043E04410442044C\X0\');
#876=PROPERTY_DEFINITION('material property','material name',#2094);
#877=PROPERTY_DEFINITION('material property','density of part',#2094);
#878=DATE_TIME_ROLE('creation_date');
#879=APPLIED_DATE_AND_TIME_ASSIGNMENT(#880,#878,(#2094));
#880=DATE_AND_TIME(#881,#882);
#881=CALENDAR_DATE(2019,12,8);
#882=LOCAL_TIME(19,48,56.,#883);
#883=COORDINATED_UNIVERSAL_TIME_OFFSET(0,0,.BEHIND.);
#884=AXIS2_PLACEMENT_3D('placement',#1254,#996,#997);
#885=AXIS2_PLACEMENT_3D('',#1255,#998,#999);
#886=AXIS2_PLACEMENT_3D('',#1258,#1000,#1001);
#887=AXIS2_PLACEMENT_3D('',#1260,#1002,#1003);
#888=AXIS2_PLACEMENT_3D('',#1262,#1004,#1005);
#889=AXIS2_PLACEMENT_3D('',#1264,#1006,#1007);
#890=AXIS2_PLACEMENT_3D('',#1265,#1008,#1009);
#891=AXIS2_PLACEMENT_3D('',#1266,#1010,#1011);
#892=AXIS2_PLACEMENT_3D('',#1267,#1012,#1013);
#893=AXIS2_PLACEMENT_3D('',#1269,#1014,#1015);
#894=AXIS2_PLACEMENT_3D('',#1270,#1016,#1017);
#895=AXIS2_PLACEMENT_3D('',#1273,#1018,#1019);
#896=AXIS2_PLACEMENT_3D('',#1274,#1020,#1021);
#897=AXIS2_PLACEMENT_3D('',#1276,#1023,#1024);
#898=AXIS2_PLACEMENT_3D('',#1279,#1025,#1026);
#899=AXIS2_PLACEMENT_3D('',#1281,#1027,#1028);
#900=AXIS2_PLACEMENT_3D('',#1283,#1029,#1030);
#901=AXIS2_PLACEMENT_3D('',#1284,#1031,#1032);
#902=AXIS2_PLACEMENT_3D('',#1285,#1033,#1034);
#903=AXIS2_PLACEMENT_3D('',#1286,#1035,#1036);
#904=AXIS2_PLACEMENT_3D('',#1288,#1037,#1038);
#905=AXIS2_PLACEMENT_3D('',#1290,#1040,#1041);
#906=AXIS2_PLACEMENT_3D('',#1327,#1043,#1044);
#907=AXIS2_PLACEMENT_3D('',#1331,#1046,#1047);
#908=AXIS2_PLACEMENT_3D('',#1335,#1049,#1050);
#909=AXIS2_PLACEMENT_3D('',#1339,#1052,#1053);
#910=AXIS2_PLACEMENT_3D('',#1341,#1055,#1056);
#911=AXIS2_PLACEMENT_3D('',#1343,#1057,#1058);
#912=AXIS2_PLACEMENT_3D('',#1344,#1059,#1060);
#913=AXIS2_PLACEMENT_3D('',#1345,#1061,#1062);
#914=AXIS2_PLACEMENT_3D('',#1355,#1064,#1065);
#915=AXIS2_PLACEMENT_3D('',#1359,#1067,#1068);
#916=AXIS2_PLACEMENT_3D('',#1363,#1070,#1071);
#917=AXIS2_PLACEMENT_3D('',#1367,#1073,#1074);
#918=AXIS2_PLACEMENT_3D('',#1395,#1076,#1077);
#919=AXIS2_PLACEMENT_3D('',#1398,#1079,#1080);
#920=AXIS2_PLACEMENT_3D('',#1399,#1081,#1082);
#921=AXIS2_PLACEMENT_3D('',#1421,#1083,#1084);
#922=AXIS2_PLACEMENT_3D('',#1427,#1085,#1086);
#923=AXIS2_PLACEMENT_3D('',#1428,#1087,#1088);
#924=AXIS2_PLACEMENT_3D('',#1430,#1089,#1090);
#925=AXIS2_PLACEMENT_3D('',#1432,#1092,#1093);
#926=AXIS2_PLACEMENT_3D('',#1434,#1094,#1095);
#927=AXIS2_PLACEMENT_3D('',#1435,#1096,#1097);
#928=AXIS2_PLACEMENT_3D('',#1436,#1098,#1099);
#929=AXIS2_PLACEMENT_3D('',#1438,#1100,#1101);
#930=AXIS2_PLACEMENT_3D('',#1440,#1103,#1104);
#931=AXIS2_PLACEMENT_3D('',#1442,#1105,#1106);
#932=AXIS2_PLACEMENT_3D('',#1443,#1107,#1108);
#933=AXIS2_PLACEMENT_3D('',#1444,#1109,#1110);
#934=AXIS2_PLACEMENT_3D('',#1446,#1111,#1112);
#935=AXIS2_PLACEMENT_3D('',#1448,#1114,#1115);
#936=AXIS2_PLACEMENT_3D('',#1450,#1116,#1117);
#937=AXIS2_PLACEMENT_3D('',#1451,#1118,#1119);
#938=AXIS2_PLACEMENT_3D('',#1452,#1120,#1121);
#939=AXIS2_PLACEMENT_3D('',#1454,#1122,#1123);
#940=AXIS2_PLACEMENT_3D('',#1456,#1125,#1126);
#941=AXIS2_PLACEMENT_3D('',#1458,#1127,#1128);
#942=AXIS2_PLACEMENT_3D('',#1459,#1129,#1130);
#943=AXIS2_PLACEMENT_3D('',#1460,#1131,#1132);
#944=AXIS2_PLACEMENT_3D('',#1462,#1133,#1134);
#945=AXIS2_PLACEMENT_3D('',#1485,#1136,#1137);
#946=AXIS2_PLACEMENT_3D('',#1490,#1138,#1139);
#947=AXIS2_PLACEMENT_3D('',#1492,#1140,#1141);
#948=AXIS2_PLACEMENT_3D('',#1494,#1142,#1143);
#949=AXIS2_PLACEMENT_3D('',#1507,#1144,#1145);
#950=AXIS2_PLACEMENT_3D('',#1509,#1146,#1147);
#951=AXIS2_PLACEMENT_3D('',#1515,#1148,#1149);
#952=AXIS2_PLACEMENT_3D('',#1517,#1151,#1152);
#953=AXIS2_PLACEMENT_3D('',#1521,#1154,#1155);
#954=AXIS2_PLACEMENT_3D('',#1523,#1157,#1158);
#955=AXIS2_PLACEMENT_3D('',#1527,#1161,#1162);
#956=AXIS2_PLACEMENT_3D('',#1530,#1164,#1165);
#957=AXIS2_PLACEMENT_3D('',#1531,#1166,#1167);
#958=AXIS2_PLACEMENT_3D('',#1535,#1170,#1171);
#959=AXIS2_PLACEMENT_3D('',#1538,#1173,#1174);
#960=AXIS2_PLACEMENT_3D('',#1539,#1175,#1176);
#961=AXIS2_PLACEMENT_3D('',#1543,#1179,#1180);
#962=AXIS2_PLACEMENT_3D('',#1548,#1183,#1184);
#963=AXIS2_PLACEMENT_3D('',#1549,#1185,#1186);
#964=AXIS2_PLACEMENT_3D('',#1550,#1187,#1188);
#965=AXIS2_PLACEMENT_3D('',#1551,#1189,#1190);
#966=AXIS2_PLACEMENT_3D('',#1559,#1191,#1192);
#967=AXIS2_PLACEMENT_3D('',#1571,#1193,#1194);
#968=AXIS2_PLACEMENT_3D('',#1603,#1195,#1196);
#969=AXIS2_PLACEMENT_3D('',#1624,#1197,#1198);
#970=AXIS2_PLACEMENT_3D('',#1625,#1199,#1200);
#971=AXIS2_PLACEMENT_3D('',#1626,#1201,#1202);
#972=AXIS2_PLACEMENT_3D('',#1627,#1203,#1204);
#973=AXIS2_PLACEMENT_3D('',#1629,#1206,#1207);
#974=AXIS2_PLACEMENT_3D('',#1630,#1208,#1209);
#975=AXIS2_PLACEMENT_3D('',#1631,#1210,#1211);
#976=AXIS2_PLACEMENT_3D('',#1632,#1212,#1213);
#977=AXIS2_PLACEMENT_3D('',#1633,#1214,#1215);
#978=AXIS2_PLACEMENT_3D('',#1634,#1216,#1217);
#979=AXIS2_PLACEMENT_3D('',#1635,#1218,#1219);
#980=AXIS2_PLACEMENT_3D('',#1636,#1220,#1221);
#981=AXIS2_PLACEMENT_3D('',#1637,#1222,#1223);
#982=AXIS2_PLACEMENT_3D('',#1638,#1224,#1225);
#983=AXIS2_PLACEMENT_3D('',#1639,#1226,#1227);
#984=AXIS2_PLACEMENT_3D('',#1640,#1228,#1229);
#985=AXIS2_PLACEMENT_3D('',#1641,#1230,#1231);
#986=AXIS2_PLACEMENT_3D('',#1642,#1232,#1233);
#987=AXIS2_PLACEMENT_3D('',#1643,#1234,#1235);
#988=AXIS2_PLACEMENT_3D('',#1644,#1236,#1237);
#989=AXIS2_PLACEMENT_3D('',#1666,#1239,#1240);
#990=AXIS2_PLACEMENT_3D('',#1693,#1241,#1242);
#991=AXIS2_PLACEMENT_3D('',#1790,#1243,#1244);
#992=AXIS2_PLACEMENT_3D('',#1967,#1245,#1246);
#993=AXIS2_PLACEMENT_3D('',#2028,#1247,#1248);
#994=AXIS2_PLACEMENT_3D('',#2030,#1250,#1251);
#995=AXIS2_PLACEMENT_3D('',#2031,#1252,#1253);
#996=DIRECTION('axis',(0.,0.,1.));
#997=DIRECTION('refdir',(1.,0.,0.));
#998=DIRECTION('center_axis',(0.,1.83697019872103E-16,-1.));
#999=DIRECTION('ref_axis',(-1.,0.,0.));
#1000=DIRECTION('center_axis',(0.,0.,1.));
#1001=DIRECTION('ref_axis',(-3.06161699786838E-17,-1.,0.));
#1002=DIRECTION('center_axis',(0.,0.,1.));
#1003=DIRECTION('ref_axis',(-3.06161699786838E-17,-1.,0.));
#1004=DIRECTION('center_axis',(-1.22464679914735E-16,-1.,-1.83697019872103E-16));
#1005=DIRECTION('ref_axis',(1.,-1.22464679914735E-16,0.));
#1006=DIRECTION('center_axis',(0.,1.83697019872103E-16,-1.));
#1007=DIRECTION('ref_axis',(6.12323399573677E-17,-1.,-1.83697019872103E-16));
#1008=DIRECTION('center_axis',(0.,1.83697019872103E-16,-1.));
#1009=DIRECTION('ref_axis',(6.12323399573677E-17,-1.,-1.83697019872103E-16));
#1010=DIRECTION('center_axis',(0.,0.,1.));
#1011=DIRECTION('ref_axis',(-3.06161699786838E-17,-1.,0.));
#1012=DIRECTION('center_axis',(0.,-1.83697019872103E-16,1.));
#1013=DIRECTION('ref_axis',(1.,0.,0.));
#1014=DIRECTION('center_axis',(0.,1.83697019872103E-16,-1.));
#1015=DIRECTION('ref_axis',(-1.,0.,0.));
#1016=DIRECTION('center_axis',(0.,1.83697019872103E-16,-1.));
#1017=DIRECTION('ref_axis',(0.,1.,1.83697019872103E-16));
#1018=DIRECTION('center_axis',(0.,1.83697019872103E-16,-1.));
#1019=DIRECTION('ref_axis',(1.,0.,0.));
#1020=DIRECTION('center_axis',(0.,1.83697019872103E-16,-1.));
#1021=DIRECTION('ref_axis',(1.,0.,0.));
#1022=DIRECTION('',(5.94741061196451E-17,0.485642931178632,0.874157276121538));
#1023=DIRECTION('center_axis',(1.,0.,0.));
#1024=DIRECTION('ref_axis',(0.,0.,-1.));
#1025=DIRECTION('center_axis',(-1.,0.,0.));
#1026=DIRECTION('ref_axis',(0.,0.,1.));
#1027=DIRECTION('center_axis',(0.,-1.,-1.22464679914735E-16));
#1028=DIRECTION('ref_axis',(0.,-1.22464679914735E-16,1.));
#1029=DIRECTION('center_axis',(1.,0.,0.));
#1030=DIRECTION('ref_axis',(0.,0.,1.));
#1031=DIRECTION('center_axis',(1.,0.,0.));
#1032=DIRECTION('ref_axis',(0.,0.,1.));
#1033=DIRECTION('center_axis',(-1.,0.,0.));
#1034=DIRECTION('ref_axis',(0.,0.,1.));
#1035=DIRECTION('center_axis',(-1.,0.,0.));
#1036=DIRECTION('ref_axis',(0.,0.,1.));
#1037=DIRECTION('center_axis',(-1.,0.,0.));
#1038=DIRECTION('ref_axis',(0.,0.,1.));
#1039=DIRECTION('',(-1.,0.,0.));
#1040=DIRECTION('center_axis',(-1.,0.,0.));
#1041=DIRECTION('ref_axis',(0.,0.,1.));
#1042=DIRECTION('',(0.,-1.,-1.83697019872103E-16));
#1043=DIRECTION('center_axis',(1.,0.,0.));
#1044=DIRECTION('ref_axis',(0.,0.707106781186547,0.707106781186547));
#1045=DIRECTION('',(0.,0.,1.));
#1046=DIRECTION('center_axis',(1.,0.,0.));
#1047=DIRECTION('ref_axis',(0.,0.707106781186547,-0.707106781186547));
#1048=DIRECTION('',(0.,1.,0.));
#1049=DIRECTION('center_axis',(1.,0.,0.));
#1050=DIRECTION('ref_axis',(0.,-0.707106781186547,-0.707106781186547));
#1051=DIRECTION('',(0.,0.,-1.));
#1052=DIRECTION('center_axis',(1.,0.,0.));
#1053=DIRECTION('ref_axis',(0.,-0.707106781186547,0.707106781186547));
#1054=DIRECTION('',(0.,-1.,-1.83697019872103E-16));
#1055=DIRECTION('center_axis',(-1.,0.,0.));
#1056=DIRECTION('ref_axis',(0.,0.,1.));
#1057=DIRECTION('center_axis',(1.,0.,0.));
#1058=DIRECTION('ref_axis',(0.,0.,1.));
#1059=DIRECTION('center_axis',(0.,-1.,1.22464679914735E-16));
#1060=DIRECTION('ref_axis',(0.,-1.22464679914735E-16,-1.));
#1061=DIRECTION('center_axis',(1.,0.,0.));
#1062=DIRECTION('ref_axis',(0.,0.,-1.));
#1063=DIRECTION('',(0.,1.,1.83697019872103E-16));
#1064=DIRECTION('center_axis',(-1.,0.,0.));
#1065=DIRECTION('ref_axis',(0.,-0.707106781186547,0.707106781186547));
#1066=DIRECTION('',(0.,0.,1.));
#1067=DIRECTION('center_axis',(-1.,0.,0.));
#1068=DIRECTION('ref_axis',(0.,-0.707106781186547,-0.707106781186547));
#1069=DIRECTION('',(0.,-1.,0.));
#1070=DIRECTION('center_axis',(-1.,0.,0.));
#1071=DIRECTION('ref_axis',(0.,0.707106781186547,-0.707106781186547));
#1072=DIRECTION('',(0.,0.,-1.));
#1073=DIRECTION('center_axis',(-1.,0.,0.));
#1074=DIRECTION('ref_axis',(0.,0.707106781186547,0.707106781186547));
#1075=DIRECTION('',(0.,1.,1.83697019872103E-16));
#1076=DIRECTION('center_axis',(0.,1.83697019872103E-16,-1.));
#1077=DIRECTION('ref_axis',(-1.,0.,0.));
#1078=DIRECTION('',(0.,1.83697019872103E-16,-1.));
#1079=DIRECTION('center_axis',(0.,1.83697019872103E-16,-1.));
#1080=DIRECTION('ref_axis',(-1.,0.,0.));
#1081=DIRECTION('center_axis',(0.,1.83697019872103E-16,-1.));
#1082=DIRECTION('ref_axis',(-1.,0.,0.));
#1083=DIRECTION('center_axis',(9.24446373305873E-31,1.,-6.66133814775094E-15));
#1084=DIRECTION('ref_axis',(-1.,0.,-1.38777878078145E-16));
#1085=DIRECTION('center_axis',(3.42810487787495E-15,-0.720911657993346,
-0.693026970160097));
#1086=DIRECTION('ref_axis',(-0.129444918636831,-0.687196266743036,0.714846349933704));
#1087=DIRECTION('center_axis',(0.,1.,1.83697019872103E-16));
#1088=DIRECTION('ref_axis',(-0.707106781186548,0.,0.707106781186547));
#1089=DIRECTION('center_axis',(0.,1.,0.));
#1090=DIRECTION('ref_axis',(-1.,0.,0.));
#1091=DIRECTION('',(0.,1.,1.83697019872103E-16));
#1092=DIRECTION('center_axis',(1.,0.,0.));
#1093=DIRECTION('ref_axis',(0.,0.,-1.));
#1094=DIRECTION('center_axis',(0.,0.,1.));
#1095=DIRECTION('ref_axis',(-1.,0.,0.));
#1096=DIRECTION('center_axis',(-1.,0.,0.));
#1097=DIRECTION('ref_axis',(0.,-0.707106781186547,0.707106781186547));
#1098=DIRECTION('center_axis',(0.,0.,1.));
#1099=DIRECTION('ref_axis',(-0.707106781186547,-0.707106781186548,0.));
#1100=DIRECTION('center_axis',(0.,0.,1.));
#1101=DIRECTION('ref_axis',(-1.,0.,0.));
#1102=DIRECTION('',(0.,0.,1.));
#1103=DIRECTION('center_axis',(1.,0.,0.));
#1104=DIRECTION('ref_axis',(0.,0.,-1.));
#1105=DIRECTION('center_axis',(0.,-1.,0.));
#1106=DIRECTION('ref_axis',(-1.,0.,0.));
#1107=DIRECTION('center_axis',(-1.,0.,0.));
#1108=DIRECTION('ref_axis',(0.,-0.707106781186547,-0.707106781186547));
#1109=DIRECTION('center_axis',(0.,-1.,0.));
#1110=DIRECTION('ref_axis',(-0.707106781186547,0.,-0.707106781186548));
#1111=DIRECTION('center_axis',(0.,-1.,0.));
#1112=DIRECTION('ref_axis',(-1.,0.,0.));
#1113=DIRECTION('',(0.,-1.,0.));
#1114=DIRECTION('center_axis',(1.,0.,0.));
#1115=DIRECTION('ref_axis',(0.,0.,-1.));
#1116=DIRECTION('center_axis',(0.,0.,-1.));
#1117=DIRECTION('ref_axis',(-1.,0.,0.));
#1118=DIRECTION('center_axis',(-1.,0.,0.));
#1119=DIRECTION('ref_axis',(0.,0.707106781186547,-0.707106781186547));
#1120=DIRECTION('center_axis',(0.,0.,-1.));
#1121=DIRECTION('ref_axis',(-0.707106781186547,0.707106781186548,0.));
#1122=DIRECTION('center_axis',(0.,5.55111512312578E-16,-1.));
#1123=DIRECTION('ref_axis',(-1.,0.,0.));
#1124=DIRECTION('',(0.,0.,-1.));
#1125=DIRECTION('center_axis',(1.,0.,0.));
#1126=DIRECTION('ref_axis',(0.,0.,-1.));
#1127=DIRECTION('center_axis',(0.,1.,0.));
#1128=DIRECTION('ref_axis',(-1.,0.,0.));
#1129=DIRECTION('center_axis',(-1.,0.,0.));
#1130=DIRECTION('ref_axis',(0.,0.707106781186547,0.707106781186547));
#1131=DIRECTION('center_axis',(0.,1.,1.83697019872103E-16));
#1132=DIRECTION('ref_axis',(-0.707106781186548,0.,0.707106781186547));
#1133=DIRECTION('center_axis',(0.,1.,0.));
#1134=DIRECTION('ref_axis',(-1.,0.,0.));
#1135=DIRECTION('',(0.,1.,1.83697019872103E-16));
#1136=DIRECTION('center_axis',(4.46623694412887E-16,0.720911657993345,-0.693026970160099));
#1137=DIRECTION('ref_axis',(-1.,2.22044604925031E-15,1.66533453693773E-15));
#1138=DIRECTION('center_axis',(0.,1.83697019872103E-16,-1.));
#1139=DIRECTION('ref_axis',(-1.,0.,0.));
#1140=DIRECTION('center_axis',(0.,-1.83697019872103E-16,1.));
#1141=DIRECTION('ref_axis',(6.12323399573676E-17,-1.,-1.83697019872103E-16));
#1142=DIRECTION('center_axis',(0.,-1.83697019872103E-16,1.));
#1143=DIRECTION('ref_axis',(6.12323399573676E-17,-1.,-1.83697019872103E-16));
#1144=DIRECTION('center_axis',(0.,1.83697019872103E-16,-1.));
#1145=DIRECTION('ref_axis',(6.12323399573677E-17,-1.,-2.22044604925031E-16));
#1146=DIRECTION('center_axis',(0.,1.83697019872103E-16,-1.));
#1147=DIRECTION('ref_axis',(6.12323399573677E-17,-1.,-2.22044604925031E-16));
#1148=DIRECTION('center_axis',(0.,-1.83697019872103E-16,1.));
#1149=DIRECTION('ref_axis',(0.,-1.,-1.83697019872103E-16));
#1150=DIRECTION('',(-1.,0.,0.));
#1151=DIRECTION('center_axis',(-1.,0.,0.));
#1152=DIRECTION('ref_axis',(0.,-0.707106781186547,0.707106781186547));
#1153=DIRECTION('',(1.,0.,0.));
#1154=DIRECTION('center_axis',(1.,0.,0.));
#1155=DIRECTION('ref_axis',(0.,-0.707106781186547,0.707106781186547));
#1156=DIRECTION('',(-1.,0.,0.));
#1157=DIRECTION('center_axis',(0.,-1.,0.));
#1158=DIRECTION('ref_axis',(0.,0.,-1.));
#1159=DIRECTION('',(-1.,0.,0.));
#1160=DIRECTION('',(0.,0.,-1.));
#1161=DIRECTION('center_axis',(-1.,0.,0.));
#1162=DIRECTION('ref_axis',(0.,-0.707106781186547,-0.707106781186547));
#1163=DIRECTION('',(1.,0.,0.));
#1164=DIRECTION('center_axis',(1.,0.,0.));
#1165=DIRECTION('ref_axis',(0.,-0.707106781186547,-0.707106781186547));
#1166=DIRECTION('center_axis',(0.,0.,-1.));
#1167=DIRECTION('ref_axis',(0.,1.,0.));
#1168=DIRECTION('',(-1.,0.,0.));
#1169=DIRECTION('',(0.,1.,0.));
#1170=DIRECTION('center_axis',(-1.,0.,0.));
#1171=DIRECTION('ref_axis',(0.,0.707106781186547,-0.707106781186547));
#1172=DIRECTION('',(1.,0.,0.));
#1173=DIRECTION('center_axis',(1.,0.,0.));
#1174=DIRECTION('ref_axis',(0.,0.707106781186547,-0.707106781186547));
#1175=DIRECTION('center_axis',(0.,1.,0.));
#1176=DIRECTION('ref_axis',(0.,0.,1.));
#1177=DIRECTION('',(-1.,0.,0.));
#1178=DIRECTION('',(0.,0.,1.));
#1179=DIRECTION('center_axis',(-1.,0.,0.));
#1180=DIRECTION('ref_axis',(0.,0.707106781186547,0.707106781186547));
#1181=DIRECTION('',(1.,0.,0.));
#1182=DIRECTION('',(1.,0.,0.));
#1183=DIRECTION('center_axis',(1.,0.,0.));
#1184=DIRECTION('ref_axis',(0.,0.707106781186547,0.707106781186547));
#1185=DIRECTION('center_axis',(0.,-1.83697019872103E-16,1.));
#1186=DIRECTION('ref_axis',(0.,-1.,-1.83697019872103E-16));
#1187=DIRECTION('center_axis',(0.,-1.83697019872103E-16,1.));
#1188=DIRECTION('ref_axis',(6.12323399573677E-17,1.,1.83697019872103E-16));
#1189=DIRECTION('center_axis',(0.,1.83697019872103E-16,-1.));
#1190=DIRECTION('ref_axis',(-1.,0.,0.));
#1191=DIRECTION('center_axis',(0.,1.83697019872103E-16,-1.));
#1192=DIRECTION('ref_axis',(6.12323399573677E-17,1.,1.66533453693774E-16));
#1193=DIRECTION('center_axis',(0.,-1.83697019872103E-16,1.));
#1194=DIRECTION('ref_axis',(6.12323399573677E-17,1.,1.83697019872103E-16));
#1195=DIRECTION('center_axis',(-0.592890308138269,-0.265197237125132,0.760362747599397));
#1196=DIRECTION('ref_axis',(-0.40831068188294,0.912843024325809,2.60721777500805E-9));
#1197=DIRECTION('center_axis',(-3.08148791101958E-31,-1.,2.22044604925031E-15));
#1198=DIRECTION('ref_axis',(1.,0.,1.38777878078145E-16));
#1199=DIRECTION('center_axis',(4.93267350798222E-15,0.720911657790992,-0.693026970370594));
#1200=DIRECTION('ref_axis',(0.129444918626339,0.68719626695271,0.714846349734039));
#1201=DIRECTION('center_axis',(0.,-1.,-1.83697019872103E-16));
#1202=DIRECTION('ref_axis',(0.707106781186548,0.,0.707106781186547));
#1203=DIRECTION('center_axis',(0.,-1.,0.));
#1204=DIRECTION('ref_axis',(1.,0.,0.));
#1205=DIRECTION('',(0.,-1.,-1.83697019872103E-16));
#1206=DIRECTION('center_axis',(-1.,0.,0.));
#1207=DIRECTION('ref_axis',(0.,0.,1.));
#1208=DIRECTION('center_axis',(0.,5.55111512312578E-16,1.));
#1209=DIRECTION('ref_axis',(1.,0.,0.));
#1210=DIRECTION('center_axis',(0.,0.,1.));
#1211=DIRECTION('ref_axis',(0.707106781186547,0.707106781186548,0.));
#1212=DIRECTION('center_axis',(0.,0.,1.));
#1213=DIRECTION('ref_axis',(1.,0.,0.));
#1214=DIRECTION('center_axis',(-1.,0.,0.));
#1215=DIRECTION('ref_axis',(0.,0.,1.));
#1216=DIRECTION('center_axis',(0.,1.,0.));
#1217=DIRECTION('ref_axis',(1.,0.,0.));
#1218=DIRECTION('center_axis',(0.,1.,0.));
#1219=DIRECTION('ref_axis',(0.707106781186547,0.,-0.707106781186548));
#1220=DIRECTION('center_axis',(0.,1.,0.));
#1221=DIRECTION('ref_axis',(1.,0.,0.));
#1222=DIRECTION('center_axis',(-1.,0.,0.));
#1223=DIRECTION('ref_axis',(0.,0.,1.));
#1224=DIRECTION('center_axis',(0.,0.,-1.));
#1225=DIRECTION('ref_axis',(1.,0.,0.));
#1226=DIRECTION('center_axis',(0.,0.,-1.));
#1227=DIRECTION('ref_axis',(0.707106781186547,-0.707106781186548,0.));
#1228=DIRECTION('center_axis',(0.,0.,-1.));
#1229=DIRECTION('ref_axis',(1.,0.,0.));
#1230=DIRECTION('center_axis',(-1.,0.,0.));
#1231=DIRECTION('ref_axis',(0.,0.,1.));
#1232=DIRECTION('center_axis',(0.,-1.,0.));
#1233=DIRECTION('ref_axis',(1.,0.,0.));
#1234=DIRECTION('center_axis',(0.,-1.,-1.83697019872103E-16));
#1235=DIRECTION('ref_axis',(0.707106781186548,0.,0.707106781186547));
#1236=DIRECTION('center_axis',(0.,-1.,0.));
#1237=DIRECTION('ref_axis',(1.,0.,0.));
#1238=DIRECTION('',(0.,-1.,-1.83697019872103E-16));
#1239=DIRECTION('center_axis',(6.73237686588209E-16,-0.720911657993345,
-0.693026970160099));
#1240=DIRECTION('ref_axis',(1.,0.,9.71445146547012E-16));
#1241=DIRECTION('center_axis',(0.592890308148318,-0.265197237132706,0.76036274758892));
#1242=DIRECTION('ref_axis',(0.790650480053269,0.370885552542935,-0.48715061870684));
#1243=DIRECTION('center_axis',(-0.592890308148313,0.265197237132707,0.760362747588923));
#1244=DIRECTION('ref_axis',(-0.790650480053273,-0.370885552542933,-0.487150618706835));
#1245=DIRECTION('center_axis',(0.592890308138268,0.265197237125135,0.760362747599397));
#1246=DIRECTION('ref_axis',(0.408310681882941,-0.912843024325808,2.6072199954541E-9));
#1247=DIRECTION('center_axis',(0.,1.83697019872103E-16,-1.));
#1248=DIRECTION('ref_axis',(0.,1.,1.83697019872103E-16));
#1249=DIRECTION('',(0.,-1.83697019872103E-16,1.));
#1250=DIRECTION('center_axis',(0.,-1.83697019872103E-16,1.));
#1251=DIRECTION('ref_axis',(0.,-1.,-1.83697019872103E-16));
#1252=DIRECTION('center_axis',(0.,-1.83697019872103E-16,1.));
#1253=DIRECTION('ref_axis',(0.,-1.,-1.83697019872103E-16));
#1254=CARTESIAN_POINT('',(0.,0.,0.));
#1255=CARTESIAN_POINT('Origin',(0.,-3.76578890737811E-15,20.5));
#1256=CARTESIAN_POINT('',(-9.44731171775136E-16,5.14287696356148,20.7428214655893));
#1257=CARTESIAN_POINT('',(-6.29820781183423E-16,-5.14287696356149,20.7428214655893));
#1258=CARTESIAN_POINT('Origin',(-4.72365585887568E-16,-3.88578058618805E-15,
20.7428214655893));
#1259=CARTESIAN_POINT('',(5.14287696356149,-4.44021526815127E-15,20.7428214655893));
#1260=CARTESIAN_POINT('Origin',(-4.72365585887568E-16,-3.88578058618805E-15,
20.7428214655893));
#1261=CARTESIAN_POINT('',(4.70579832550072,-4.4339315029899E-15,21.));
#1262=CARTESIAN_POINT('Origin',(4.70579832550072,-4.34208299305385E-15,
20.5));
#1263=CARTESIAN_POINT('',(2.88147042837871E-16,4.70579832550072,21.));
#1264=CARTESIAN_POINT('Origin',(0.,-3.85763741731416E-15,21.));
#1265=CARTESIAN_POINT('Origin',(0.,-3.85763741731416E-15,21.));
#1266=CARTESIAN_POINT('Origin',(-4.72365585887568E-16,-3.88578058618805E-15,
20.7428214655893));
#1267=CARTESIAN_POINT('Origin',(0.,5.,21.));
#1268=CARTESIAN_POINT('',(3.,-3.49024337756996E-15,21.));
#1269=CARTESIAN_POINT('Origin',(0.,-3.85763741731416E-15,21.));
#1270=CARTESIAN_POINT('Origin',(0.,-3.0310008278897E-15,16.5));
#1271=CARTESIAN_POINT('',(0.,10.,12.));
#1272=CARTESIAN_POINT('',(-1.22464679914735E-15,-10.,12.));
#1273=CARTESIAN_POINT('Origin',(0.,-2.20436423846523E-15,12.));
#1274=CARTESIAN_POINT('Origin',(0.,-2.20436423846523E-15,12.));
#1275=CARTESIAN_POINT('',(-9.18485099360515E-16,-7.5,16.5));
#1276=CARTESIAN_POINT('Origin',(-2.5,0.,-16.));
#1277=CARTESIAN_POINT('',(-3.,-3.36777869765522E-16,-18.75));
#1278=CARTESIAN_POINT('',(-3.,-3.36777869765522E-16,-13.25));
#1279=CARTESIAN_POINT('Origin',(-3.,0.,-16.));
#1280=CARTESIAN_POINT('',(-2.5,-2.75545529808155E-16,-13.75));
#1281=CARTESIAN_POINT('Origin',(-2.5,-3.36777869765522E-16,-13.25));
#1282=CARTESIAN_POINT('',(-2.5,2.75545529808154E-16,-18.25));
#1283=CARTESIAN_POINT('Origin',(-2.5,0.,-16.));
#1284=CARTESIAN_POINT('Origin',(-2.5,0.,-16.));
#1285=CARTESIAN_POINT('Origin',(-3.,0.,-16.));
#1286=CARTESIAN_POINT('Origin',(3.,0.,-16.));
#1287=CARTESIAN_POINT('',(2.5,-2.75545529808154E-16,-18.25));
#1288=CARTESIAN_POINT('Origin',(2.5,0.,-16.));
#1289=CARTESIAN_POINT('',(3.,-2.75545529808154E-16,-18.25));
#1290=CARTESIAN_POINT('Origin',(-3.,0.,-10.));
#1291=CARTESIAN_POINT('',(-3.,-10.6175858269265,0.710921900397776));
#1292=CARTESIAN_POINT('',(-3.,-14.8660687473185,-1.));
#1293=CARTESIAN_POINT('Ctrl Pts',(-3.,-10.6175858269265,0.710921900397779));
#1294=CARTESIAN_POINT('Ctrl Pts',(-3.,-11.7454473965772,-0.373314257678384));
#1295=CARTESIAN_POINT('Ctrl Pts',(-3.,-13.3015752935851,-1.));
#1296=CARTESIAN_POINT('Ctrl Pts',(-3.,-14.8660687473185,-1.));
#1297=CARTESIAN_POINT('',(-3.,-9.53939201416885,0.134379894528506));
#1298=CARTESIAN_POINT('Ctrl Pts',(-3.,-9.53913440019767,0.134951272297811));
#1299=CARTESIAN_POINT('Ctrl Pts',(-3.,-9.91103017072431,0.302626087310217));
#1300=CARTESIAN_POINT('Ctrl Pts',(-3.,-10.2722564293375,0.494440350438898));
#1301=CARTESIAN_POINT('Ctrl Pts',(-3.,-10.6170312964108,0.711801482488437));
#1302=CARTESIAN_POINT('',(-3.,9.53939201374411,0.134379894146611));
#1303=CARTESIAN_POINT('Ctrl Pts',(-3.,9.53900857207904,0.135230363273034));
#1304=CARTESIAN_POINT('Ctrl Pts',(-3.,9.31496784424478,0.0342198499001802));
#1305=CARTESIAN_POINT('Ctrl Pts',(-3.,7.97359879035509,-0.508784305830206));
#1306=CARTESIAN_POINT('Ctrl Pts',(-3.,5.34533201826592,-0.968814422000466));
#1307=CARTESIAN_POINT('Ctrl Pts',(-3.,2.3775965482388,-0.999066482595882));
#1308=CARTESIAN_POINT('Ctrl Pts',(-3.,-0.00612703812813611,-1.00016661362218));
#1309=CARTESIAN_POINT('Ctrl Pts',(-3.,-2.38569113279737,-1.00008769411292));
#1310=CARTESIAN_POINT('Ctrl Pts',(-3.,-5.36457451510963,-0.96553781973023));
#1311=CARTESIAN_POINT('Ctrl Pts',(-3.,-7.97724443966527,-0.507604693560394));
#1312=CARTESIAN_POINT('Ctrl Pts',(-3.,-9.31521702557911,0.0339947480704401));
#1313=CARTESIAN_POINT('Ctrl Pts',(-3.,-9.53913440019767,0.134951272297815));
#1314=CARTESIAN_POINT('',(-3.,10.6175858269265,0.710921900397782));
#1315=CARTESIAN_POINT('Ctrl Pts',(-3.,10.6169128323215,0.711989718663931));
#1316=CARTESIAN_POINT('Ctrl Pts',(-3.,10.2724387956152,0.494884265784848));
#1317=CARTESIAN_POINT('Ctrl Pts',(-3.,9.91122917705587,0.303048932513166));
#1318=CARTESIAN_POINT('Ctrl Pts',(-3.,9.53900857207904,0.135230363273034));
#1319=CARTESIAN_POINT('',(-3.,14.8660687473185,-0.999999999999999));
#1320=CARTESIAN_POINT('Ctrl Pts',(-3.,14.8660687473185,-0.999999999999998));
#1321=CARTESIAN_POINT('Ctrl Pts',(-3.,13.3015752935851,-1.));
#1322=CARTESIAN_POINT('Ctrl Pts',(-3.,11.7454473965772,-0.373314257678375));
#1323=CARTESIAN_POINT('Ctrl Pts',(-3.,10.6175858269265,0.71092190039778));
#1324=CARTESIAN_POINT('',(-3.,15.,-1.));
#1325=CARTESIAN_POINT('',(-3.,5.,-1.));
#1326=CARTESIAN_POINT('',(-3.,19.,-5.));
#1327=CARTESIAN_POINT('Origin',(-3.,15.,-5.));
#1328=CARTESIAN_POINT('',(-3.,19.,-15.));
#1329=CARTESIAN_POINT('',(-3.,19.,-15.));
#1330=CARTESIAN_POINT('',(-3.,15.,-19.));
#1331=CARTESIAN_POINT('Origin',(-3.,15.,-15.));
#1332=CARTESIAN_POINT('',(-3.,-15.,-19.));
#1333=CARTESIAN_POINT('',(-3.,-10.,-19.));
#1334=CARTESIAN_POINT('',(-3.,-19.,-15.));
#1335=CARTESIAN_POINT('Origin',(-3.,-15.,-15.));
#1336=CARTESIAN_POINT('',(-3.,-19.,-5.));
#1337=CARTESIAN_POINT('',(-3.,-19.,-5.));
#1338=CARTESIAN_POINT('',(-3.,-15.,-1.));
#1339=CARTESIAN_POINT('Origin',(-3.,-15.,-5.));
#1340=CARTESIAN_POINT('',(-3.,5.,-1.));
#1341=CARTESIAN_POINT('Origin',(2.5,0.,-16.));
#1342=CARTESIAN_POINT('',(3.,3.36777869765522E-16,-18.75));
#1343=CARTESIAN_POINT('Origin',(3.,0.,-16.));
#1344=CARTESIAN_POINT('Origin',(2.5,-3.36777869765522E-16,-18.75));
#1345=CARTESIAN_POINT('Origin',(3.,0.,-10.));
#1346=CARTESIAN_POINT('',(3.,-14.8660687473185,-1.));
#1347=CARTESIAN_POINT('',(3.,-10.6175858269265,0.710921900397773));
#1348=CARTESIAN_POINT('Ctrl Pts',(3.,-14.8660687473185,-1.));
#1349=CARTESIAN_POINT('Ctrl Pts',(3.,-13.3015752935851,-1.));
#1350=CARTESIAN_POINT('Ctrl Pts',(3.,-11.7454473965772,-0.373314257678387));
#1351=CARTESIAN_POINT('Ctrl Pts',(3.,-10.6175858269265,0.710921900397772));
#1352=CARTESIAN_POINT('',(3.,-15.,-1.00000000000001));
#1353=CARTESIAN_POINT('',(3.,5.,-1.));
#1354=CARTESIAN_POINT('',(3.,-19.,-5.));
#1355=CARTESIAN_POINT('Origin',(3.,-15.,-5.));
#1356=CARTESIAN_POINT('',(3.,-19.,-15.));
#1357=CARTESIAN_POINT('',(3.,-19.,-5.));
#1358=CARTESIAN_POINT('',(3.,-15.,-19.));
#1359=CARTESIAN_POINT('Origin',(3.,-15.,-15.));
#1360=CARTESIAN_POINT('',(3.,15.,-19.));
#1361=CARTESIAN_POINT('',(3.,-10.,-19.));
#1362=CARTESIAN_POINT('',(3.,19.,-15.));
#1363=CARTESIAN_POINT('Origin',(3.,15.,-15.));
#1364=CARTESIAN_POINT('',(3.,19.,-5.));
#1365=CARTESIAN_POINT('',(3.,19.,-15.));
#1366=CARTESIAN_POINT('',(3.,15.,-0.999999999999999));
#1367=CARTESIAN_POINT('Origin',(3.,15.,-5.));
#1368=CARTESIAN_POINT('',(3.,14.8660687473185,-0.999999999999999));
#1369=CARTESIAN_POINT('',(3.,5.,-1.));
#1370=CARTESIAN_POINT('',(3.,10.6175858269265,0.710921900397777));
#1371=CARTESIAN_POINT('Ctrl Pts',(3.,10.6175858269265,0.710921900397774));
#1372=CARTESIAN_POINT('Ctrl Pts',(3.,11.7454473965772,-0.373314257678382));
#1373=CARTESIAN_POINT('Ctrl Pts',(3.,13.3015752935851,-0.999999999999999));
#1374=CARTESIAN_POINT('Ctrl Pts',(3.,14.8660687473185,-0.999999999999999));
#1375=CARTESIAN_POINT('',(3.,9.53939201416884,0.134379894528495));
#1376=CARTESIAN_POINT('Ctrl Pts',(3.,9.5390843356706,0.135062323831412));
#1377=CARTESIAN_POINT('Ctrl Pts',(3.,9.91100040874336,0.302743638911233));
#1378=CARTESIAN_POINT('Ctrl Pts',(3.,10.2722268117843,0.494528376894574));
#1379=CARTESIAN_POINT('Ctrl Pts',(3.,10.6169975325288,0.711855174809256));
#1380=CARTESIAN_POINT('',(3.,-9.5393920137441,0.134379894146607));
#1381=CARTESIAN_POINT('Ctrl Pts',(3.,-9.53864330174507,0.136040434588565));
#1382=CARTESIAN_POINT('Ctrl Pts',(3.,-9.31380045993738,0.0346622736261358));
#1383=CARTESIAN_POINT('Ctrl Pts',(3.,-7.97130505198957,-0.50886581868624));
#1384=CARTESIAN_POINT('Ctrl Pts',(3.,-5.34927284034282,-0.969327931955514));
#1385=CARTESIAN_POINT('Ctrl Pts',(3.,-1.78166538857232,-1.00114925461877));
#1386=CARTESIAN_POINT('Ctrl Pts',(3.,1.79129462736856,-1.0046197001515));
#1387=CARTESIAN_POINT('Ctrl Pts',(3.,5.36381381233478,-0.966946994666559));
#1388=CARTESIAN_POINT('Ctrl Pts',(3.,7.9772246510826,-0.507545956768752));
#1389=CARTESIAN_POINT('Ctrl Pts',(3.,9.31520980165526,0.0341267122929725));
#1390=CARTESIAN_POINT('Ctrl Pts',(3.,9.53908433567059,0.135062323831409));
#1391=CARTESIAN_POINT('Ctrl Pts',(3.,-10.6165928187154,0.712499004237448));
#1392=CARTESIAN_POINT('Ctrl Pts',(3.,-10.2720254921942,0.495545512708664));
#1393=CARTESIAN_POINT('Ctrl Pts',(3.,-9.9107313309759,0.303809173927927));
#1394=CARTESIAN_POINT('Ctrl Pts',(3.,-9.53864330174508,0.136040434588569));
#1395=CARTESIAN_POINT('Origin',(0.,-3.85763741731416E-15,21.));
#1396=CARTESIAN_POINT('',(3.,-1.10218211923262E-15,8.));
#1397=CARTESIAN_POINT('',(3.,-4.22503145705837E-15,21.));
#1398=CARTESIAN_POINT('Origin',(0.,-1.46957615897682E-15,8.));
#1399=CARTESIAN_POINT('Origin',(-3.39011454596783E-16,-1.30028174681875E-15,
8.));
#1400=CARTESIAN_POINT('Ctrl Pts',(-3.,-10.6175858269265,0.710921900397779));
#1401=CARTESIAN_POINT('Ctrl Pts',(-3.,-11.7454473965772,-0.373314257678384));
#1402=CARTESIAN_POINT('Ctrl Pts',(-3.,-13.3015752935851,-1.));
#1403=CARTESIAN_POINT('Ctrl Pts',(-3.,-14.8660687473185,-1.));
#1404=CARTESIAN_POINT('Ctrl Pts',(-3.,-10.8078035344729,0.90879322262822));
#1405=CARTESIAN_POINT('Ctrl Pts',(-3.00029531740912,-11.8911804617578,-0.119834833711191));
#1406=CARTESIAN_POINT('Ctrl Pts',(-2.99972955140836,-13.3785362521196,-0.70750601405962));
#1407=CARTESIAN_POINT('Ctrl Pts',(-3.,-14.8660687473185,-0.700800699658119));
#1408=CARTESIAN_POINT('Ctrl Pts',(-2.79080595410028,-11.1382330444283,1.25251792040852));
#1409=CARTESIAN_POINT('Ctrl Pts',(-2.77608663966397,-12.1442042114057,0.319327953679622));
#1410=CARTESIAN_POINT('Ctrl Pts',(-2.76075290054009,-13.510732523172,-0.200028349769124));
#1411=CARTESIAN_POINT('Ctrl Pts',(-2.74899646720364,-14.8660687473185,-0.182649311501742));
#1412=CARTESIAN_POINT('Ctrl Pts',(-2.33356828684728,-11.2863150569121,1.40655817242647));
#1413=CARTESIAN_POINT('Ctrl Pts',(-2.29409009014121,-12.2461792033568,0.504857706614388));
#1414=CARTESIAN_POINT('Ctrl Pts',(-2.25400392766609,-13.5578968211249,-0.00780496161179977));
#1415=CARTESIAN_POINT('Ctrl Pts',(-2.22439947525641,-14.8660687473185,-4.15839183748873E-15));
#1416=CARTESIAN_POINT('Ctrl Pts',(-2.12944491863683,-11.3047820936696,1.42576825033148));
#1417=CARTESIAN_POINT('Ctrl Pts',(-2.08197041918358,-12.2536093516111,0.522238118601337));
#1418=CARTESIAN_POINT('Ctrl Pts',(-2.03445609961175,-13.5576886663815,-4.30784202084072E-15));
#1419=CARTESIAN_POINT('Ctrl Pts',(-2.,-14.8660687473185,-4.16333634234434E-15));
#1420=CARTESIAN_POINT('',(-2.,-14.8660687473185,-4.40619762898109E-15));
#1421=CARTESIAN_POINT('Origin',(-2.,-14.8660687473185,-1.));
#1422=CARTESIAN_POINT('',(-2.12944491863683,-11.3047820936696,1.42576825033148));
#1423=CARTESIAN_POINT('Ctrl Pts',(-2.,-14.8660687473185,-4.16333634234434E-15));
#1424=CARTESIAN_POINT('Ctrl Pts',(-2.03445609961175,-13.5576886663815,-4.30784202084072E-15));
#1425=CARTESIAN_POINT('Ctrl Pts',(-2.08197041918358,-12.2536093516111,0.522238118601337));
#1426=CARTESIAN_POINT('Ctrl Pts',(-2.12944491863683,-11.3047820936696,1.42576825033148));
#1427=CARTESIAN_POINT('Origin',(-2.,-10.6175858269265,0.710921900397779));
#1428=CARTESIAN_POINT('Origin',(-2.,5.,-1.));
#1429=CARTESIAN_POINT('',(-2.,-15.,-4.44089209850063E-15));
#1430=CARTESIAN_POINT('Origin',(-2.,-15.,-1.));
#1431=CARTESIAN_POINT('',(-2.,5.,-9.71445146547012E-16));
#1432=CARTESIAN_POINT('Origin',(-2.,-15.,-5.));
#1433=CARTESIAN_POINT('',(-2.,-20.,-5.));
#1434=CARTESIAN_POINT('Origin',(-2.,-19.,-5.));
#1435=CARTESIAN_POINT('Origin',(-2.,-15.,-5.));
#1436=CARTESIAN_POINT('Origin',(-2.,-19.,-5.));
#1437=CARTESIAN_POINT('',(-2.,-20.,-15.));
#1438=CARTESIAN_POINT('Origin',(-2.,-19.,-15.));
#1439=CARTESIAN_POINT('',(-2.,-20.,-5.));
#1440=CARTESIAN_POINT('Origin',(-2.,-15.,-15.));
#1441=CARTESIAN_POINT('',(-2.,-15.,-20.));
#1442=CARTESIAN_POINT('Origin',(-2.,-15.,-19.));
#1443=CARTESIAN_POINT('Origin',(-2.,-15.,-15.));
#1444=CARTESIAN_POINT('Origin',(-2.,-10.,-19.));
#1445=CARTESIAN_POINT('',(-2.,15.,-20.));
#1446=CARTESIAN_POINT('Origin',(-2.,15.,-19.));
#1447=CARTESIAN_POINT('',(-2.,-10.,-20.));
#1448=CARTESIAN_POINT('Origin',(-2.,15.,-15.));
#1449=CARTESIAN_POINT('',(-2.,20.,-15.));
#1450=CARTESIAN_POINT('Origin',(-2.,19.,-15.));
#1451=CARTESIAN_POINT('Origin',(-2.,15.,-15.));
#1452=CARTESIAN_POINT('Origin',(-2.,19.,-15.));
#1453=CARTESIAN_POINT('',(-2.,20.,-5.));
#1454=CARTESIAN_POINT('Origin',(-2.,19.,-5.));
#1455=CARTESIAN_POINT('',(-2.,20.,-15.));
#1456=CARTESIAN_POINT('Origin',(-2.,15.,-5.));
#1457=CARTESIAN_POINT('',(-2.,15.,5.55111512312578E-16));
#1458=CARTESIAN_POINT('Origin',(-2.,15.,-1.));
#1459=CARTESIAN_POINT('Origin',(-2.,15.,-5.));
#1460=CARTESIAN_POINT('Origin',(-2.,5.,-1.));
#1461=CARTESIAN_POINT('',(-2.,14.8660687473185,1.06551798915848E-15));
#1462=CARTESIAN_POINT('Origin',(-2.,14.8660687473185,-0.999999999999999));
#1463=CARTESIAN_POINT('',(-2.,5.,-9.71445146547012E-16));
#1464=CARTESIAN_POINT('Ctrl Pts',(-2.12944491863683,11.3047820936696,1.42576825033148));
#1465=CARTESIAN_POINT('Ctrl Pts',(-2.08197041918358,12.2536093516111,0.522238118601355));
#1466=CARTESIAN_POINT('Ctrl Pts',(-2.03445609961175,13.5576886663815,5.79749128056398E-16));
#1467=CARTESIAN_POINT('Ctrl Pts',(-2.,14.8660687473185,1.66533453693773E-15));
#1468=CARTESIAN_POINT('Ctrl Pts',(-2.40160940958409,11.2801593779929,1.4001548131248));
#1469=CARTESIAN_POINT('Ctrl Pts',(-2.36495231879246,12.2435963460399,0.499473821926706));
#1470=CARTESIAN_POINT('Ctrl Pts',(-2.32706020183483,13.5585071644958,-0.0106243571928396));
#1471=CARTESIAN_POINT('Ctrl Pts',(-2.29919930034189,14.8660687473185,1.58229004888991E-15));
#1472=CARTESIAN_POINT('Ctrl Pts',(-2.84731057458669,11.0936295895944,1.20611979744788));
#1473=CARTESIAN_POINT('Ctrl Pts',(-2.8367643285868,12.1104143725982,0.260268516181161));
#1474=CARTESIAN_POINT('Ctrl Pts',(-2.82574282957004,13.4931333554628,-0.267385975062049));
#1475=CARTESIAN_POINT('Ctrl Pts',(-2.81735068849826,14.8660687473185,-0.251003532796359));
#1476=CARTESIAN_POINT('Ctrl Pts',(-3.,10.7602491075863,0.859325392070611));
#1477=CARTESIAN_POINT('Ctrl Pts',(-3.00008687243279,11.8548177732514,-0.183482073051261));
#1478=CARTESIAN_POINT('Ctrl Pts',(-2.999911152861,13.3589294376925,-0.780480175952212));
#1479=CARTESIAN_POINT('Ctrl Pts',(-3.,14.8660687473185,-0.775600524743584));
#1480=CARTESIAN_POINT('Ctrl Pts',(-3.,10.6175858269265,0.71092190039778));
#1481=CARTESIAN_POINT('Ctrl Pts',(-3.,11.7454473965772,-0.373314257678375));
#1482=CARTESIAN_POINT('Ctrl Pts',(-3.,13.3015752935851,-1.));
#1483=CARTESIAN_POINT('Ctrl Pts',(-3.,14.8660687473185,-0.999999999999998));
#1484=CARTESIAN_POINT('',(-2.12944491863683,11.3047820936696,1.42576825033148));
#1485=CARTESIAN_POINT('Origin',(-2.,10.6175858269265,0.71092190039778));
#1486=CARTESIAN_POINT('Ctrl Pts',(-2.12944491863683,11.3047820936696,1.42576825033148));
#1487=CARTESIAN_POINT('Ctrl Pts',(-2.08197041918358,12.2536093516111,0.522238118601355));
#1488=CARTESIAN_POINT('Ctrl Pts',(-2.03445609961175,13.5576886663815,5.79749128056398E-16));
#1489=CARTESIAN_POINT('Ctrl Pts',(-2.,14.8660687473185,1.66533453693773E-15));
#1490=CARTESIAN_POINT('Origin',(0.,-9.18485099360514E-16,5.));
#1491=CARTESIAN_POINT('',(0.,-15.,-4.42078983501928E-15));
#1492=CARTESIAN_POINT('Origin',(0.,2.46519032881566E-31,-1.66533453693773E-15));
#1493=CARTESIAN_POINT('',(2.,-14.8660687473185,-4.39618706303395E-15));
#1494=CARTESIAN_POINT('Origin',(0.,2.46519032881566E-31,-1.66533453693773E-15));
#1495=CARTESIAN_POINT('',(2.12944491863683,-11.3047820936696,1.42576825033148));
#1496=CARTESIAN_POINT('Ctrl Pts',(2.12944491863683,-11.3047820936696,1.42576825033148));
#1497=CARTESIAN_POINT('Ctrl Pts',(2.08197041918358,-12.2536093516111,0.522238118601342));
#1498=CARTESIAN_POINT('Ctrl Pts',(2.03445609961175,-13.5576886663815,-4.25869080406723E-15));
#1499=CARTESIAN_POINT('Ctrl Pts',(2.,-14.8660687473185,-4.30211422042248E-15));
#1500=CARTESIAN_POINT('',(4.08310684139783,-9.12843023316333,4.99999999449845));
#1501=CARTESIAN_POINT('Ctrl Pts',(4.08310684305778,-9.12843023242084,4.99999999242737));
#1502=CARTESIAN_POINT('Ctrl Pts',(3.41764012505744,-9.42609058043661,4.35992024903296));
#1503=CARTESIAN_POINT('Ctrl Pts',(2.46959839596186,-9.94006594310761,3.08122706641144));
#1504=CARTESIAN_POINT('Ctrl Pts',(2.15243510045773,-10.8452993939482,1.86331519128641));
#1505=CARTESIAN_POINT('Ctrl Pts',(2.12944491863683,-11.3047820936696,1.42576825033148));
#1506=CARTESIAN_POINT('',(-1.22464679914735E-15,-10.,4.99999999189123));
#1507=CARTESIAN_POINT('Origin',(0.,-9.18485099360514E-16,5.));
#1508=CARTESIAN_POINT('',(-4.08310684148669,-9.12843023312358,4.99999999454973));
#1509=CARTESIAN_POINT('Origin',(0.,-9.18485099360514E-16,5.));
#1510=CARTESIAN_POINT('Ctrl Pts',(-2.12944491863683,-11.3047820936696,1.42576825033148));
#1511=CARTESIAN_POINT('Ctrl Pts',(-2.15243511810126,-10.8452990413238,1.86331552707643));
#1512=CARTESIAN_POINT('Ctrl Pts',(-2.4695998123243,-9.94006438960281,3.08122974982621));
#1513=CARTESIAN_POINT('Ctrl Pts',(-3.41763961441458,-9.42609080884141,4.35991975788553));
#1514=CARTESIAN_POINT('Ctrl Pts',(-4.08310684313116,-9.12843023238801,4.99999999249797));
#1515=CARTESIAN_POINT('Origin',(0.,10.,0.));
#1516=CARTESIAN_POINT('',(0.,-15.,-4.44089209850063E-15));
#1517=CARTESIAN_POINT('Origin',(0.,-15.,-5.));
#1518=CARTESIAN_POINT('',(2.,-20.,-5.));
#1519=CARTESIAN_POINT('',(0.,-20.,-5.));
#1520=CARTESIAN_POINT('',(2.,-15.,-4.44089209850063E-15));
#1521=CARTESIAN_POINT('Origin',(2.,-15.,-5.));
#1522=CARTESIAN_POINT('',(0.,-15.,-4.44089209850063E-15));
#1523=CARTESIAN_POINT('Origin',(0.,-20.,0.));
#1524=CARTESIAN_POINT('',(2.,-20.,-15.));
#1525=CARTESIAN_POINT('',(0.,-20.,-15.));
#1526=CARTESIAN_POINT('',(2.,-20.,-5.));
#1527=CARTESIAN_POINT('Origin',(0.,-15.,-15.));
#1528=CARTESIAN_POINT('',(2.,-15.,-20.));
#1529=CARTESIAN_POINT('',(0.,-15.,-20.));
#1530=CARTESIAN_POINT('Origin',(2.,-15.,-15.));
#1531=CARTESIAN_POINT('Origin',(0.,-20.,-20.));
#1532=CARTESIAN_POINT('',(2.,15.,-20.));
#1533=CARTESIAN_POINT('',(0.,15.,-20.));
#1534=CARTESIAN_POINT('',(2.,-10.,-20.));
#1535=CARTESIAN_POINT('Origin',(0.,15.,-15.));
#1536=CARTESIAN_POINT('',(2.,20.,-15.));
#1537=CARTESIAN_POINT('',(0.,20.,-15.));
#1538=CARTESIAN_POINT('Origin',(2.,15.,-15.));
#1539=CARTESIAN_POINT('Origin',(0.,20.,-20.));
#1540=CARTESIAN_POINT('',(2.,20.,-5.));
#1541=CARTESIAN_POINT('',(0.,20.,-5.));
#1542=CARTESIAN_POINT('',(2.,20.,-15.));
#1543=CARTESIAN_POINT('Origin',(0.,15.,-5.));
#1544=CARTESIAN_POINT('',(0.,15.,1.09012076114381E-15));
#1545=CARTESIAN_POINT('',(0.,15.,5.55111512312578E-16));
#1546=CARTESIAN_POINT('',(2.,15.,5.55111512312578E-16));
#1547=CARTESIAN_POINT('',(0.,15.,5.55111512312578E-16));
#1548=CARTESIAN_POINT('Origin',(2.,15.,-5.));
#1549=CARTESIAN_POINT('Origin',(0.,10.,0.));
#1550=CARTESIAN_POINT('Origin',(0.,2.46519032881566E-31,-1.66533453693773E-15));
#1551=CARTESIAN_POINT('Origin',(0.,-9.18485099360514E-16,5.));
#1552=CARTESIAN_POINT('',(-4.08310684139782,9.12843023316333,4.99999999449846));
#1553=CARTESIAN_POINT('Ctrl Pts',(-4.08310684305777,9.12843023242085,4.99999999242738));
#1554=CARTESIAN_POINT('Ctrl Pts',(-3.41764012505744,9.42609058043661,4.35992024903297));
#1555=CARTESIAN_POINT('Ctrl Pts',(-2.46959839596187,9.94006594310762,3.08122706641145));
#1556=CARTESIAN_POINT('Ctrl Pts',(-2.15243510045773,10.8452993939482,1.86331519128644));
#1557=CARTESIAN_POINT('Ctrl Pts',(-2.12944491863683,11.3047820936696,1.42576825033149));
#1558=CARTESIAN_POINT('',(4.08310684148669,9.12843023312358,4.99999999454974));
#1559=CARTESIAN_POINT('Origin',(0.,-9.18485099360514E-16,5.));
#1560=CARTESIAN_POINT('',(2.12944491862634,11.3047820938793,1.42576825013181));
#1561=CARTESIAN_POINT('Ctrl Pts',(2.12944491862634,11.3047820938793,1.42576825013182));
#1562=CARTESIAN_POINT('Ctrl Pts',(2.16009851787089,10.6921380240173,2.00916461913151));
#1563=CARTESIAN_POINT('Ctrl Pts',(2.57364897141211,9.85949129675739,3.28290909567864));
#1564=CARTESIAN_POINT('Ctrl Pts',(3.58400642162723,9.35167566470752,4.51993981657563));
#1565=CARTESIAN_POINT('Ctrl Pts',(4.08310684313116,9.12843023238801,4.99999999249797));
#1566=CARTESIAN_POINT('',(2.,14.8660687473185,1.23165366794353E-15));
#1567=CARTESIAN_POINT('Ctrl Pts',(2.,14.8660687473185,1.2490009027033E-15));
#1568=CARTESIAN_POINT('Ctrl Pts',(2.03445609961175,13.5576886663815,1.18669116175182E-15));
#1569=CARTESIAN_POINT('Ctrl Pts',(2.08197041918358,12.2536093516111,0.522238118601341));
#1570=CARTESIAN_POINT('Ctrl Pts',(2.12944491863683,11.3047820936696,1.42576825033148));
#1571=CARTESIAN_POINT('Origin',(0.,2.46519032881566E-31,-1.66533453693773E-15));
#1572=CARTESIAN_POINT('Ctrl Pts',(-3.,10.6175858269265,0.710921900397782));
#1573=CARTESIAN_POINT('Ctrl Pts',(-3.,10.1204727497127,1.15822681561222));
#1574=CARTESIAN_POINT('Ctrl Pts',(-3.21730281522304,9.16537366098329,2.42440585283768));
#1575=CARTESIAN_POINT('Ctrl Pts',(-3.94139159893773,8.74992775489507,3.78674689011515));
#1576=CARTESIAN_POINT('Ctrl Pts',(-4.46544663957552,8.58647276137018,4.51284937318854));
#1577=CARTESIAN_POINT('Ctrl Pts',(-3.,10.8078035344729,0.908793222628224));
#1578=CARTESIAN_POINT('Ctrl Pts',(-3.0060624265955,10.3329871511004,1.3342881123871));
#1579=CARTESIAN_POINT('Ctrl Pts',(-3.21798781727239,9.40551590838853,2.52898161414266));
#1580=CARTESIAN_POINT('Ctrl Pts',(-3.91903476482502,8.93823929833383,3.86456879540436));
#1581=CARTESIAN_POINT('Ctrl Pts',(-4.44075951515173,8.7302512867797,4.58224575649167));
#1582=CARTESIAN_POINT('Ctrl Pts',(-2.79081206923666,11.1382374326235,1.25252248516746));
#1583=CARTESIAN_POINT('Ctrl Pts',(-2.8077143189703,10.6913332803616,1.65717512520348));
#1584=CARTESIAN_POINT('Ctrl Pts',(-3.04527783420548,9.79052038558027,2.77108627990635));
#1585=CARTESIAN_POINT('Ctrl Pts',(-3.78879176164274,9.23410797310927,4.05038949522115));
#1586=CARTESIAN_POINT('Ctrl Pts',(-4.3423156086261,8.95571147496621,4.7376424506991));
#1587=CARTESIAN_POINT('Ctrl Pts',(-2.33356828684728,11.2863150569121,1.40655817242647));
#1588=CARTESIAN_POINT('Ctrl Pts',(-2.35579314469832,10.8345725977118,1.83013353140785));
#1589=CARTESIAN_POINT('Ctrl Pts',(-2.6518897323185,9.93340810143739,3.00125716677767));
#1590=CARTESIAN_POINT('Ctrl Pts',(-3.53768201177249,9.39084202057931,4.26909704531031));
#1591=CARTESIAN_POINT('Ctrl Pts',(-4.16720341431618,9.09081420470718,4.9213063587341));
#1592=CARTESIAN_POINT('Ctrl Pts',(-2.12944491863683,11.3047820936696,1.42576825033149));
#1593=CARTESIAN_POINT('Ctrl Pts',(-2.15243510045773,10.8452993939482,1.86331519128644));
#1594=CARTESIAN_POINT('Ctrl Pts',(-2.46959839603882,9.94006594288798,3.08122706670694));
#1595=CARTESIAN_POINT('Ctrl Pts',(-3.41764012551747,9.4260905801872,4.35992024965345));
#1596=CARTESIAN_POINT('Ctrl Pts',(-4.08310684390543,9.12843023204169,4.9999999932427));
#1597=CARTESIAN_POINT('',(-4.46544663957552,8.58647276137018,4.51284937318853));
#1598=CARTESIAN_POINT('Ctrl Pts',(-3.,10.6175858269265,0.710921900397782));
#1599=CARTESIAN_POINT('Ctrl Pts',(-3.,10.1204727497127,1.15822681561222));
#1600=CARTESIAN_POINT('Ctrl Pts',(-3.21730281522304,9.16537366098329,2.42440585283768));
#1601=CARTESIAN_POINT('Ctrl Pts',(-3.94139159893773,8.74992775489507,3.78674689011515));
#1602=CARTESIAN_POINT('Ctrl Pts',(-4.46544663957552,8.58647276137018,4.51284937318854));
#1603=CARTESIAN_POINT('Origin',(-3.67479615951488,8.21558720883752,4.99999999189124));
#1604=CARTESIAN_POINT('Ctrl Pts',(3.,10.6175858269265,0.710921900397774));
#1605=CARTESIAN_POINT('Ctrl Pts',(3.,11.7454473965772,-0.373314257678382));
#1606=CARTESIAN_POINT('Ctrl Pts',(3.,13.3015752935851,-0.999999999999999));
#1607=CARTESIAN_POINT('Ctrl Pts',(3.,14.8660687473185,-0.999999999999999));
#1608=CARTESIAN_POINT('Ctrl Pts',(3.,10.8078035344729,0.908793222628216));
#1609=CARTESIAN_POINT('Ctrl Pts',(3.00029531740912,11.8911804617578,-0.119834833711188));
#1610=CARTESIAN_POINT('Ctrl Pts',(2.99972955140836,13.3785362521196,-0.707506014059614));
#1611=CARTESIAN_POINT('Ctrl Pts',(3.,14.8660687473185,-0.700800699658114));
#1612=CARTESIAN_POINT('Ctrl Pts',(2.79080595410028,11.1382330444283,1.25251792040852));
#1613=CARTESIAN_POINT('Ctrl Pts',(2.77608663966397,12.1442042114057,0.319327953679625));
#1614=CARTESIAN_POINT('Ctrl Pts',(2.76075290054009,13.5107325231719,-0.200028349769118));
#1615=CARTESIAN_POINT('Ctrl Pts',(2.74899646720364,14.8660687473185,-0.182649311501736));
#1616=CARTESIAN_POINT('Ctrl Pts',(2.33356828684728,11.2863150569121,1.40655817242647));
#1617=CARTESIAN_POINT('Ctrl Pts',(2.29409009014121,12.2461792033568,0.504857706614391));
#1618=CARTESIAN_POINT('Ctrl Pts',(2.25400392766609,13.5578968211248,-0.00780496161179415));
#1619=CARTESIAN_POINT('Ctrl Pts',(2.22439947525641,14.8660687473185,1.31622877359477E-15));
#1620=CARTESIAN_POINT('Ctrl Pts',(2.12944491863683,11.3047820936696,1.42576825033148));
#1621=CARTESIAN_POINT('Ctrl Pts',(2.08197041918358,12.2536093516111,0.522238118601341));
#1622=CARTESIAN_POINT('Ctrl Pts',(2.03445609961175,13.5576886663815,1.18669116175182E-15));
#1623=CARTESIAN_POINT('Ctrl Pts',(2.,14.8660687473185,1.2490009027033E-15));
#1624=CARTESIAN_POINT('Origin',(2.,14.8660687473185,-0.999999999999999));
#1625=CARTESIAN_POINT('Origin',(2.,10.6175858269265,0.710921900397774));
#1626=CARTESIAN_POINT('Origin',(2.,5.,-1.));
#1627=CARTESIAN_POINT('Origin',(2.,15.,-0.999999999999999));
#1628=CARTESIAN_POINT('',(2.,5.,-9.71445146547012E-16));
#1629=CARTESIAN_POINT('Origin',(2.,15.,-5.));
#1630=CARTESIAN_POINT('Origin',(2.,19.,-5.));
#1631=CARTESIAN_POINT('Origin',(2.,19.,-15.));
#1632=CARTESIAN_POINT('Origin',(2.,19.,-15.));
#1633=CARTESIAN_POINT('Origin',(2.,15.,-15.));
#1634=CARTESIAN_POINT('Origin',(2.,15.,-19.));
#1635=CARTESIAN_POINT('Origin',(2.,-10.,-19.));
#1636=CARTESIAN_POINT('Origin',(2.,-15.,-19.));
#1637=CARTESIAN_POINT('Origin',(2.,-15.,-15.));
#1638=CARTESIAN_POINT('Origin',(2.,-19.,-15.));
#1639=CARTESIAN_POINT('Origin',(2.,-19.,-5.));
#1640=CARTESIAN_POINT('Origin',(2.,-19.,-5.));
#1641=CARTESIAN_POINT('Origin',(2.,-15.,-5.));
#1642=CARTESIAN_POINT('Origin',(2.,-15.,-1.00000000000001));
#1643=CARTESIAN_POINT('Origin',(2.,5.,-1.));
#1644=CARTESIAN_POINT('Origin',(2.,-14.8660687473185,-1.));
#1645=CARTESIAN_POINT('',(2.,5.,-9.71445146547012E-16));
#1646=CARTESIAN_POINT('Ctrl Pts',(2.12944491863683,-11.3047820936696,1.42576825033148));
#1647=CARTESIAN_POINT('Ctrl Pts',(2.08197041918358,-12.2536093516111,0.522238118601342));
#1648=CARTESIAN_POINT('Ctrl Pts',(2.03445609961175,-13.5576886663815,-4.25869080406723E-15));
#1649=CARTESIAN_POINT('Ctrl Pts',(2.,-14.8660687473185,-4.30211422042248E-15));
#1650=CARTESIAN_POINT('Ctrl Pts',(2.40160940958409,-11.280159377993,1.40015481312479));
#1651=CARTESIAN_POINT('Ctrl Pts',(2.36495231879246,-12.2435963460399,0.499473821926694));
#1652=CARTESIAN_POINT('Ctrl Pts',(2.32706020183483,-13.5585071644958,-0.0106243571928443));
#1653=CARTESIAN_POINT('Ctrl Pts',(2.29919930034188,-14.8660687473185,-4.21906973237466E-15));
#1654=CARTESIAN_POINT('Ctrl Pts',(2.84731057458669,-11.0936295895944,1.20611979744787));
#1655=CARTESIAN_POINT('Ctrl Pts',(2.8367643285868,-12.1104143725982,0.260268516181149));
#1656=CARTESIAN_POINT('Ctrl Pts',(2.82574282957004,-13.4931333554628,-0.267385975062054));
#1657=CARTESIAN_POINT('Ctrl Pts',(2.81735068849826,-14.8660687473185,-0.251003532796365));
#1658=CARTESIAN_POINT('Ctrl Pts',(3.,-10.7602491075863,0.859325392070603));
#1659=CARTESIAN_POINT('Ctrl Pts',(3.00008687243279,-11.8548177732514,-0.183482073051272));
#1660=CARTESIAN_POINT('Ctrl Pts',(2.999911152861,-13.3589294376925,-0.780480175952217));
#1661=CARTESIAN_POINT('Ctrl Pts',(3.,-14.8660687473185,-0.77560052474359));
#1662=CARTESIAN_POINT('Ctrl Pts',(3.,-10.6175858269265,0.710921900397772));
#1663=CARTESIAN_POINT('Ctrl Pts',(3.,-11.7454473965772,-0.373314257678387));
#1664=CARTESIAN_POINT('Ctrl Pts',(3.,-13.3015752935851,-1.));
#1665=CARTESIAN_POINT('Ctrl Pts',(3.,-14.8660687473185,-1.));
#1666=CARTESIAN_POINT('Origin',(2.,-10.6175858269265,0.710921900397772));
#1667=CARTESIAN_POINT('Ctrl Pts',(2.12944491862634,11.3047820938793,1.42576825013182));
#1668=CARTESIAN_POINT('Ctrl Pts',(2.16009851787089,10.6921380240173,2.00916461913151));
#1669=CARTESIAN_POINT('Ctrl Pts',(2.57364897151151,9.85949129655725,3.2829090959848));
#1670=CARTESIAN_POINT('Ctrl Pts',(3.58400642211293,9.3516756644634,4.51993981717029));
#1671=CARTESIAN_POINT('Ctrl Pts',(4.08310684397091,9.1284302320124,4.99999999330568));
#1672=CARTESIAN_POINT('Ctrl Pts',(2.40160940957407,11.2801593781979,1.40015481293362));
#1673=CARTESIAN_POINT('Ctrl Pts',(2.4309387942653,10.6815182762958,1.95841043165308));
#1674=CARTESIAN_POINT('Ctrl Pts',(2.80624541643659,9.84435378590462,3.16684487942643));
#1675=CARTESIAN_POINT('Ctrl Pts',(3.73221271713651,9.30402949134899,4.40285163796413));
#1676=CARTESIAN_POINT('Ctrl Pts',(4.19523560451386,9.07827552889942,4.89507514729581));
#1677=CARTESIAN_POINT('Ctrl Pts',(2.8473176448056,11.0936332240687,1.20612357776104));
#1678=CARTESIAN_POINT('Ctrl Pts',(2.86782233970356,10.4945182918288,1.74653675784093));
#1679=CARTESIAN_POINT('Ctrl Pts',(3.16538287730541,9.65158773876041,2.91944385321504));
#1680=CARTESIAN_POINT('Ctrl Pts',(3.95417249158934,9.12889255551697,4.19157516674042));
#1681=CARTESIAN_POINT('Ctrl Pts',(4.36274077789367,8.92675928850604,4.71161812905146));
#1682=CARTESIAN_POINT('Ctrl Pts',(2.99999999999793,10.7602491078056,0.859325391873868));
#1683=CARTESIAN_POINT('Ctrl Pts',(3.00603883985652,10.1195510155372,1.4341474102559));
#1684=CARTESIAN_POINT('Ctrl Pts',(3.29144259536735,9.26217838905701,2.706124142045));
#1685=CARTESIAN_POINT('Ctrl Pts',(4.05509628850209,8.84184862127726,4.02508965231597));
#1686=CARTESIAN_POINT('Ctrl Pts',(4.44693129630909,8.69430665540796,4.56489666073671));
#1687=CARTESIAN_POINT('Ctrl Pts',(3.,10.6175858271534,0.710921900193656));
#1688=CARTESIAN_POINT('Ctrl Pts',(2.999999999964,9.95476788212002,1.30732891152118));
#1689=CARTESIAN_POINT('Ctrl Pts',(3.29485457862672,9.08476896630534,2.63414757346101));
#1690=CARTESIAN_POINT('Ctrl Pts',(4.07240505748283,8.70906410058303,3.96827209299174));
#1691=CARTESIAN_POINT('Ctrl Pts',(4.46544663962709,8.58647276135409,4.51284937325998));
#1692=CARTESIAN_POINT('',(4.46544663962709,8.58647276135409,4.51284937325998));
#1693=CARTESIAN_POINT('Origin',(3.67479615957382,8.21558720881115,4.99999999196682));
#1694=CARTESIAN_POINT('Ctrl Pts',(4.46544663962709,8.58647276135409,4.51284937325998));
#1695=CARTESIAN_POINT('Ctrl Pts',(4.07240505748283,8.70906410058303,3.96827209299174));
#1696=CARTESIAN_POINT('Ctrl Pts',(3.29485457862672,9.08476896630534,2.63414757346101));
#1697=CARTESIAN_POINT('Ctrl Pts',(2.999999999964,9.95476788212002,1.30732891152118));
#1698=CARTESIAN_POINT('Ctrl Pts',(3.,10.6175858271534,0.710921900193656));
#1699=CARTESIAN_POINT('Ctrl Pts',(-4.46544663957552,8.58647276137018,4.51284937318853));
#1700=CARTESIAN_POINT('Ctrl Pts',(-4.59903656791688,8.54480549554482,4.69794439432659));
#1701=CARTESIAN_POINT('Ctrl Pts',(-4.88429608567194,8.43864894286345,5.04251690552676));
#1702=CARTESIAN_POINT('Ctrl Pts',(-5.36861284461022,8.23401152174369,5.50785569588943));
#1703=CARTESIAN_POINT('Ctrl Pts',(-5.8993417400309,7.79055152840044,5.64762739658542));
#1704=CARTESIAN_POINT('Ctrl Pts',(-6.94051025950296,6.56154436172082,5.67316327081202));
#1705=CARTESIAN_POINT('Ctrl Pts',(-8.23672313974465,4.56112329742059,5.84067116327243));
#1706=CARTESIAN_POINT('Ctrl Pts',(-9.48051602833978,0.557287786218407,5.98203063262093));
#1707=CARTESIAN_POINT('Ctrl Pts',(-8.82964167519976,-3.67354024808515,5.915499041577));
#1708=CARTESIAN_POINT('Ctrl Pts',(-6.93707192222714,-6.5618046080425,5.67371751534898));
#1709=CARTESIAN_POINT('Ctrl Pts',(-5.89987814218728,-7.79061837012612,5.64713163263003));
#1710=CARTESIAN_POINT('Ctrl Pts',(-5.36824204158074,-8.23405796701374,5.50785550170326));
#1711=CARTESIAN_POINT('Ctrl Pts',(-4.88439515637848,-8.43866603783614,5.04240613756752));
#1712=CARTESIAN_POINT('Ctrl Pts',(-4.59903602215204,-8.54480566576978,4.69794363813864));
#1713=CARTESIAN_POINT('Ctrl Pts',(-4.46544663962709,-8.58647276135409,4.51284937325998));
#1714=CARTESIAN_POINT('Ctrl Pts',(-4.44075951504605,8.73025128668959,4.58224575625155));
#1715=CARTESIAN_POINT('Ctrl Pts',(-4.57632942266611,8.6794242168721,4.77098185007521));
#1716=CARTESIAN_POINT('Ctrl Pts',(-4.86773024142844,8.55571306931759,5.12308699442113));
#1717=CARTESIAN_POINT('Ctrl Pts',(-5.3645126048279,8.31498612815376,5.59231947035684));
#1718=CARTESIAN_POINT('Ctrl Pts',(-5.929217979028,7.8776671762845,5.74987906504037));
#1719=CARTESIAN_POINT('Ctrl Pts',(-7.06008656255431,6.70689405406721,5.7821452399899));
#1720=CARTESIAN_POINT('Ctrl Pts',(-8.45256627873313,4.69233100455273,5.90053998017627));
#1721=CARTESIAN_POINT('Ctrl Pts',(-9.77571669303958,0.580940903689626,6.00827036617787));
#1722=CARTESIAN_POINT('Ctrl Pts',(-9.08711589718129,-3.79815191448808,5.95462964780192));
#1723=CARTESIAN_POINT('Ctrl Pts',(-7.05688076012686,-6.70708109449853,5.78236893880404));
#1724=CARTESIAN_POINT('Ctrl Pts',(-5.92967327214852,-7.87777148350501,5.74975977971611));
#1725=CARTESIAN_POINT('Ctrl Pts',(-5.36416005592991,-8.31502817139936,5.59233229315131));
#1726=CARTESIAN_POINT('Ctrl Pts',(-4.86781233493878,-8.55573832826534,5.12305972329651));
#1727=CARTESIAN_POINT('Ctrl Pts',(-4.5763288688125,-8.67942442451831,4.77098107901195));
#1728=CARTESIAN_POINT('Ctrl Pts',(-4.44075951509841,-8.73025128666998,4.58224575632441));
#1729=CARTESIAN_POINT('Ctrl Pts',(-4.3423130492387,8.95570851624162,4.73764341363696));
#1730=CARTESIAN_POINT('Ctrl Pts',(-4.48760583959479,8.88936954577236,4.93049829560583));
#1731=CARTESIAN_POINT('Ctrl Pts',(-4.80063925888442,8.73593492856744,5.29144887298592));
#1732=CARTESIAN_POINT('Ctrl Pts',(-5.33425265541055,8.43743546190758,5.75822608543137));
#1733=CARTESIAN_POINT('Ctrl Pts',(-5.95300400659428,8.00452164997743,5.95748818825153));
#1734=CARTESIAN_POINT('Ctrl Pts',(-7.2151414811179,6.92513410592416,6.06659853705539));
#1735=CARTESIAN_POINT('Ctrl Pts',(-8.77987602228004,4.91297337704002,6.17687951617871));
#1736=CARTESIAN_POINT('Ctrl Pts',(-10.2724218048415,0.625545224150261,6.2759314345561));
#1737=CARTESIAN_POINT('Ctrl Pts',(-9.49404266067818,-4.01980021044255,6.22586449432519));
#1738=CARTESIAN_POINT('Ctrl Pts',(-7.21116954996687,-6.92506188011862,6.06719604674816));
#1739=CARTESIAN_POINT('Ctrl Pts',(-5.95357163579469,-8.00462920720953,5.95766097488728));
#1740=CARTESIAN_POINT('Ctrl Pts',(-5.33381596471808,-8.43744305851824,5.7583322978004));
#1741=CARTESIAN_POINT('Ctrl Pts',(-4.80074196315179,-8.73595945388464,5.29149040799483));
#1742=CARTESIAN_POINT('Ctrl Pts',(-4.4876052460196,-8.88936981679058,4.93049750771551));
#1743=CARTESIAN_POINT('Ctrl Pts',(-4.34231304929479,-8.95570851621601,4.73764341371141));
#1744=CARTESIAN_POINT('Ctrl Pts',(-4.16720341425081,9.09081420461992,4.92130635754755));
#1745=CARTESIAN_POINT('Ctrl Pts',(-4.32925665394303,9.01644434209869,5.11621972217752));
#1746=CARTESIAN_POINT('Ctrl Pts',(-4.67622663619558,8.84666538920056,5.48209366615589));
#1747=CARTESIAN_POINT('Ctrl Pts',(-5.26545542324119,8.51250296905407,5.93900752124209));
#1748=CARTESIAN_POINT('Ctrl Pts',(-5.92478526786942,8.06977807019305,6.18830078059516));
#1749=CARTESIAN_POINT('Ctrl Pts',(-7.23964164991144,7.02036935484225,6.43142125787128));
#1750=CARTESIAN_POINT('Ctrl Pts',(-8.87780303272381,5.0102612317771,6.61694686171576));
#1751=CARTESIAN_POINT('Ctrl Pts',(-10.4492237822399,0.64565275035516,6.77582884501676));
#1752=CARTESIAN_POINT('Ctrl Pts',(-9.62703743335311,-4.11844315808522,6.69723907389535));
#1753=CARTESIAN_POINT('Ctrl Pts',(-7.23529669785189,-7.02008778417412,6.43225337957461));
#1754=CARTESIAN_POINT('Ctrl Pts',(-5.92543841374297,-8.06986291989343,6.18868371717438));
#1755=CARTESIAN_POINT('Ctrl Pts',(-5.26498308254772,-8.51247929331811,5.9391755108303));
#1756=CARTESIAN_POINT('Ctrl Pts',(-4.67634627891701,-8.84668351569869,5.48218451620751));
#1757=CARTESIAN_POINT('Ctrl Pts',(-4.32925599189498,-9.01644464592603,5.11621892587723));
#1758=CARTESIAN_POINT('Ctrl Pts',(-4.16720341431337,-9.09081420459121,4.9213063576228));
#1759=CARTESIAN_POINT('Ctrl Pts',(-4.08310684390542,9.12843023204169,4.99999999189123));
#1760=CARTESIAN_POINT('Ctrl Pts',(-4.25274484814841,9.05255189606233,5.19579974698067));
#1761=CARTESIAN_POINT('Ctrl Pts',(-4.61497915640881,8.87919713123761,5.56379099962528));
#1762=CARTESIAN_POINT('Ctrl Pts',(-5.2299845645844,8.53499302251824,6.01648876989314));
#1763=CARTESIAN_POINT('Ctrl Pts',(-5.90392601908686,8.08530776513836,6.28721891551353));
#1764=CARTESIAN_POINT('Ctrl Pts',(-7.22604477397201,7.03489769816377,6.58771530337745));
#1765=CARTESIAN_POINT('Ctrl Pts',(-8.87202938380273,5.02243787405072,6.80531899355145));
#1766=CARTESIAN_POINT('Ctrl Pts',(-10.4514489248759,0.647744263068696,6.9897186438176));
#1767=CARTESIAN_POINT('Ctrl Pts',(-9.62494180977747,-4.12969158442764,6.89896192637739));
#1768=CARTESIAN_POINT('Ctrl Pts',(-7.22167863139955,-7.03454906390743,6.58863774353066));
#1769=CARTESIAN_POINT('Ctrl Pts',(-5.90460716468225,-8.0853940273435,6.2876954049765));
#1770=CARTESIAN_POINT('Ctrl Pts',(-5.22951370359459,-8.53496061990296,6.01668238769972));
#1771=CARTESIAN_POINT('Ctrl Pts',(-4.6151049604806,-8.87921517289656,5.56390371270234));
#1772=CARTESIAN_POINT('Ctrl Pts',(-4.25274415511371,-9.05255220605226,5.19579894705901));
#1773=CARTESIAN_POINT('Ctrl Pts',(-4.08310684397091,-9.1284302320124,4.99999999196682));
#1774=CARTESIAN_POINT('',(-4.46544663962709,-8.58647276135409,4.51284937325998));
#1775=CARTESIAN_POINT('Ctrl Pts',(-4.46544663957552,8.58647276137018,4.51284937318853));
#1776=CARTESIAN_POINT('Ctrl Pts',(-4.59903656791688,8.54480549554482,4.69794439432659));
#1777=CARTESIAN_POINT('Ctrl Pts',(-4.88429608567194,8.43864894286345,5.04251690552676));
#1778=CARTESIAN_POINT('Ctrl Pts',(-5.36861284461022,8.23401152174369,5.50785569588943));
#1779=CARTESIAN_POINT('Ctrl Pts',(-5.8993417400309,7.79055152840044,5.64762739658542));
#1780=CARTESIAN_POINT('Ctrl Pts',(-6.94051025950296,6.56154436172082,5.67316327081202));
#1781=CARTESIAN_POINT('Ctrl Pts',(-8.23672313974465,4.56112329742059,5.84067116327243));
#1782=CARTESIAN_POINT('Ctrl Pts',(-9.48051602833978,0.557287786218407,5.98203063262093));
#1783=CARTESIAN_POINT('Ctrl Pts',(-8.82964167519976,-3.67354024808515,5.915499041577));
#1784=CARTESIAN_POINT('Ctrl Pts',(-6.93707192222714,-6.5618046080425,5.67371751534898));
#1785=CARTESIAN_POINT('Ctrl Pts',(-5.89987814218728,-7.79061837012612,5.64713163263003));
#1786=CARTESIAN_POINT('Ctrl Pts',(-5.36824204158074,-8.23405796701374,5.50785550170326));
#1787=CARTESIAN_POINT('Ctrl Pts',(-4.88439515637848,-8.43866603783614,5.04240613756752));
#1788=CARTESIAN_POINT('Ctrl Pts',(-4.59903602215204,-8.54480566576978,4.69794363813864));
#1789=CARTESIAN_POINT('Ctrl Pts',(-4.46544663962709,-8.58647276135409,4.51284937325998));
#1790=CARTESIAN_POINT('Origin',(-3.67479615957382,-8.21558720881116,4.99999999196682));
#1791=CARTESIAN_POINT('Ctrl Pts',(-4.08310684397091,-9.1284302320124,4.99999999196682));
#1792=CARTESIAN_POINT('Ctrl Pts',(-4.25274415511371,-9.05255220605226,5.19579894705901));
#1793=CARTESIAN_POINT('Ctrl Pts',(-4.6151049604806,-8.87921517289656,5.56390371270234));
#1794=CARTESIAN_POINT('Ctrl Pts',(-5.22951370359459,-8.53496061990296,6.01668238769972));
#1795=CARTESIAN_POINT('Ctrl Pts',(-5.90460716468225,-8.0853940273435,6.2876954049765));
#1796=CARTESIAN_POINT('Ctrl Pts',(-7.22167863139955,-7.03454906390743,6.58863774353066));
#1797=CARTESIAN_POINT('Ctrl Pts',(-9.62494180977747,-4.12969158442764,6.89896192637739));
#1798=CARTESIAN_POINT('Ctrl Pts',(-10.4514489248759,0.647744263068696,6.9897186438176));
#1799=CARTESIAN_POINT('Ctrl Pts',(-8.87202938380273,5.02243787405072,6.80531899355145));
#1800=CARTESIAN_POINT('Ctrl Pts',(-7.22604477397201,7.03489769816377,6.58771530337745));
#1801=CARTESIAN_POINT('Ctrl Pts',(-5.90392601908686,8.08530776513836,6.28721891551353));
#1802=CARTESIAN_POINT('Ctrl Pts',(-5.2299845645844,8.53499302251824,6.01648876989314));
#1803=CARTESIAN_POINT('Ctrl Pts',(-4.61497915640881,8.87919713123761,5.56379099962528));
#1804=CARTESIAN_POINT('Ctrl Pts',(-4.25274484814841,9.05255189606233,5.19579974698067));
#1805=CARTESIAN_POINT('Ctrl Pts',(-4.08310684390542,9.12843023204169,4.99999999189123));
#1806=CARTESIAN_POINT('Ctrl Pts',(-2.12944491863683,-11.3047820936696,1.42576825033148));
#1807=CARTESIAN_POINT('Ctrl Pts',(-2.15243511810126,-10.8452990413238,1.86331552707643));
#1808=CARTESIAN_POINT('Ctrl Pts',(-2.46959981240053,-9.94006438938523,3.08122975011895));
#1809=CARTESIAN_POINT('Ctrl Pts',(-3.41763961487033,-9.42609080859433,4.35991975850022));
#1810=CARTESIAN_POINT('Ctrl Pts',(-4.08310684397091,-9.12843023201239,4.99999999330568));
#1811=CARTESIAN_POINT('Ctrl Pts',(-2.40160940958409,-11.280159377993,1.4001548131248));
#1812=CARTESIAN_POINT('Ctrl Pts',(-2.42360644813067,-10.8311785516145,1.81884652715875));
#1813=CARTESIAN_POINT('Ctrl Pts',(-2.71267498592289,-9.93146864509921,2.9740788132716));
#1814=CARTESIAN_POINT('Ctrl Pts',(-3.57787175471764,-9.37928081214589,4.23877713489636));
#1815=CARTESIAN_POINT('Ctrl Pts',(-4.19523560451387,-9.07827552889942,4.8950751472958));
#1816=CARTESIAN_POINT('Ctrl Pts',(-2.84731764481262,-11.0936332238637,1.20612357794595));
#1817=CARTESIAN_POINT('Ctrl Pts',(-2.86269616600984,-10.6442970247323,1.61143346300068));
#1818=CARTESIAN_POINT('Ctrl Pts',(-3.09160295792642,-9.74192210645379,2.73009242883254));
#1819=CARTESIAN_POINT('Ctrl Pts',(-3.81798306285674,-9.19627031116971,4.01822751268194));
#1820=CARTESIAN_POINT('Ctrl Pts',(-4.36274077789367,-8.92675928850603,4.71161812905146));
#1821=CARTESIAN_POINT('Ctrl Pts',(-3.,-10.7602491075863,0.859325392070606));
#1822=CARTESIAN_POINT('Ctrl Pts',(-3.00452912991917,-10.2797255384399,1.29044190585394));
#1823=CARTESIAN_POINT('Ctrl Pts',(-3.21781163641333,-9.34527270749432,2.50322986008337));
#1824=CARTESIAN_POINT('Ctrl Pts',(-3.92448461926715,-8.8910292765542,3.84515398288931));
#1825=CARTESIAN_POINT('Ctrl Pts',(-4.44693129630909,-8.69430665540796,4.56489666073671));
#1826=CARTESIAN_POINT('Ctrl Pts',(-3.,-10.6175858269265,0.710921900397774));
#1827=CARTESIAN_POINT('Ctrl Pts',(-3.,-10.1204723682094,1.15822715889085));
#1828=CARTESIAN_POINT('Ctrl Pts',(-3.21730387519104,-9.16537219012633,2.42440869744195));
#1829=CARTESIAN_POINT('Ctrl Pts',(-3.94139119680223,-8.74992788031535,3.78674633294966));
#1830=CARTESIAN_POINT('Ctrl Pts',(-4.46544663962709,-8.58647276135409,4.51284937325999));
#1831=CARTESIAN_POINT('Ctrl Pts',(-4.46544663962709,-8.58647276135409,4.51284937325999));
#1832=CARTESIAN_POINT('Ctrl Pts',(-3.94139119680223,-8.74992788031535,3.78674633294966));
#1833=CARTESIAN_POINT('Ctrl Pts',(-3.21730387519104,-9.16537219012633,2.42440869744195));
#1834=CARTESIAN_POINT('Ctrl Pts',(-3.,-10.1204723682094,1.15822715889085));
#1835=CARTESIAN_POINT('Ctrl Pts',(-3.,-10.6175858269265,0.710921900397774));
#1836=CARTESIAN_POINT('Ctrl Pts',(-5.94959071646733,7.87623189102764,5.77622612146915));
#1837=CARTESIAN_POINT('Ctrl Pts',(-6.18475956350712,7.6059066228678,5.7432169981771));
#1838=CARTESIAN_POINT('Ctrl Pts',(-6.81671314817595,6.85854474089794,5.72429163827977));
#1839=CARTESIAN_POINT('Ctrl Pts',(-8.0888861035241,4.91587718150876,5.82060286518086));
#1840=CARTESIAN_POINT('Ctrl Pts',(-8.97799713837895,2.38346799934353,5.92620098855573));
#1841=CARTESIAN_POINT('Ctrl Pts',(-9.1742570084433,-0.00576934315132525,
5.95144496697447));
#1842=CARTESIAN_POINT('Ctrl Pts',(-8.97617551778484,-2.38829836785914,5.92599506490857));
#1843=CARTESIAN_POINT('Ctrl Pts',(-8.08228763237971,-4.93217445025098,5.81997654576262));
#1844=CARTESIAN_POINT('Ctrl Pts',(-6.81749450591706,-6.85540136941054,5.72443570001162));
#1845=CARTESIAN_POINT('Ctrl Pts',(-6.18570579966375,-7.60480633928143,5.74311433864886));
#1846=CARTESIAN_POINT('Ctrl Pts',(-5.94990653214631,-7.87586885425395,5.77618181265901));
#1847=CARTESIAN_POINT('Ctrl Pts',(-4.91243339191029,8.39419641328496,5.25358995443326));
#1848=CARTESIAN_POINT('Ctrl Pts',(-5.07216918407601,8.02617360092832,5.13974259631046));
#1849=CARTESIAN_POINT('Ctrl Pts',(-5.50672851603121,7.05878643835725,5.05721056319583));
#1850=CARTESIAN_POINT('Ctrl Pts',(-6.4196161572508,4.93115662350475,5.33274037756069));
#1851=CARTESIAN_POINT('Ctrl Pts',(-7.09750438369742,2.38417886399471,5.64889435351576));
#1852=CARTESIAN_POINT('Ctrl Pts',(-7.25076750494541,-0.00579278313941073,
5.72507634090578));
#1853=CARTESIAN_POINT('Ctrl Pts',(-7.09650299309356,-2.38855857889654,5.647628717014));
#1854=CARTESIAN_POINT('Ctrl Pts',(-6.41445813329731,-4.94831120893314,5.33096324109218));
#1855=CARTESIAN_POINT('Ctrl Pts',(-5.50730113458614,-7.05564106013429,5.05789464581771));
#1856=CARTESIAN_POINT('Ctrl Pts',(-5.07281412335729,-8.02469843443192,5.13938201973335));
#1857=CARTESIAN_POINT('Ctrl Pts',(-4.91264834942473,-8.39370225232335,5.25343641646629));
#1858=CARTESIAN_POINT('Ctrl Pts',(-3.45950970259528,9.65631614698084,3.98008686374963));
#1859=CARTESIAN_POINT('Ctrl Pts',(-3.49983997946616,9.09751475534252,3.6197261262091));
#1860=CARTESIAN_POINT('Ctrl Pts',(-3.60879664083922,7.68139884213365,3.19795094553742));
#1861=CARTESIAN_POINT('Ctrl Pts',(-3.85083179910816,5.04827450825215,3.36267778013324));
#1862=CARTESIAN_POINT('Ctrl Pts',(-4.04120658636748,2.38249951818489,3.75243020629461));
#1863=CARTESIAN_POINT('Ctrl Pts',(-4.08551079370761,-0.00582712106766106,
3.84957583944798));
#1864=CARTESIAN_POINT('Ctrl Pts',(-4.04076901017226,-2.38781816598356,3.75172480188676));
#1865=CARTESIAN_POINT('Ctrl Pts',(-3.84941371268112,-5.06648245593962,3.36112048594306));
#1866=CARTESIAN_POINT('Ctrl Pts',(-3.60905338442169,-7.67836581733808,3.19853181599519));
#1867=CARTESIAN_POINT('Ctrl Pts',(-3.50000291760164,-9.095298966272,3.61851347826289));
#1868=CARTESIAN_POINT('Ctrl Pts',(-3.45956363301616,-9.65556571414129,3.97960333086693));
#1869=CARTESIAN_POINT('Ctrl Pts',(-3.,11.2236660339258,2.39860067672831));
#1870=CARTESIAN_POINT('Ctrl Pts',(-2.99992864315694,10.4605076018675,1.70010541282976));
#1871=CARTESIAN_POINT('Ctrl Pts',(-3.00034580802072,8.54978171712246,0.719022719343125));
#1872=CARTESIAN_POINT('Ctrl Pts',(-3.00004694194798,5.25635583130358,0.329238913069784));
#1873=CARTESIAN_POINT('Ctrl Pts',(-2.99968149422888,2.37902841452622,0.424072454059416));
#1874=CARTESIAN_POINT('Ctrl Pts',(-2.99953632342653,-0.00603118689577185,
0.452182443771286));
#1875=CARTESIAN_POINT('Ctrl Pts',(-2.9998337713812,-2.38631553592994,0.423243864464915));
#1876=CARTESIAN_POINT('Ctrl Pts',(-3.00005502871033,-5.27528165715174,0.331062693284271));
#1877=CARTESIAN_POINT('Ctrl Pts',(-3.00028668547873,-8.54707537509494,0.719384214389576));
#1878=CARTESIAN_POINT('Ctrl Pts',(-2.99992843553479,-10.4574923664523,1.69768508654022));
#1879=CARTESIAN_POINT('Ctrl Pts',(-3.,-11.2226411850666,2.39766309494));
#1880=CARTESIAN_POINT('Ctrl Pts',(-3.,11.895033678896,1.72117780786078));
#1881=CARTESIAN_POINT('Ctrl Pts',(-3.,11.0442733690742,0.878022119015981));
#1882=CARTESIAN_POINT('Ctrl Pts',(-3.,8.92150332059052,-0.342870922990496));
#1883=CARTESIAN_POINT('Ctrl Pts',(-3.,5.34533201826592,-0.968814422000466));
#1884=CARTESIAN_POINT('Ctrl Pts',(-3.,2.3775965482388,-0.999066482595882));
#1885=CARTESIAN_POINT('Ctrl Pts',(-3.,-0.00612703812813611,-1.00016661362218));
#1886=CARTESIAN_POINT('Ctrl Pts',(-3.,-2.38569113279737,-1.00008769411292));
#1887=CARTESIAN_POINT('Ctrl Pts',(-3.,-5.36457451510963,-0.96553781973023));
#1888=CARTESIAN_POINT('Ctrl Pts',(-3.,-8.91894157830096,-0.342549662862639));
#1889=CARTESIAN_POINT('Ctrl Pts',(-3.,-11.04091546228,0.875085085846779));
#1890=CARTESIAN_POINT('Ctrl Pts',(-3.,-11.8938912096506,1.72004581232796));
#1891=CARTESIAN_POINT('Ctrl Pts',(4.46544663957552,-8.58647276137018,4.51284937318853));
#1892=CARTESIAN_POINT('Ctrl Pts',(4.59903656791688,-8.54480549554482,4.69794439432659));
#1893=CARTESIAN_POINT('Ctrl Pts',(4.88429608567194,-8.43864894286345,5.04251690552676));
#1894=CARTESIAN_POINT('Ctrl Pts',(5.36861284461022,-8.2340115217437,5.50785569588943));
#1895=CARTESIAN_POINT('Ctrl Pts',(5.89934174003091,-7.79055152840043,5.64762739658541));
#1896=CARTESIAN_POINT('Ctrl Pts',(6.94051025950297,-6.56154436172081,5.67316327081201));
#1897=CARTESIAN_POINT('Ctrl Pts',(8.23672313974465,-4.56112329742058,5.84067116327243));
#1898=CARTESIAN_POINT('Ctrl Pts',(9.48051602833978,-0.557287786218402,5.98203063262092));
#1899=CARTESIAN_POINT('Ctrl Pts',(8.82964167519976,3.67354024808516,5.915499041577));
#1900=CARTESIAN_POINT('Ctrl Pts',(6.93707192222714,6.5618046080425,5.67371751534898));
#1901=CARTESIAN_POINT('Ctrl Pts',(5.89987814218727,7.79061837012611,5.64713163263003));
#1902=CARTESIAN_POINT('Ctrl Pts',(5.36824204158073,8.23405796701374,5.50785550170325));
#1903=CARTESIAN_POINT('Ctrl Pts',(4.88439515637848,8.43866603783614,5.04240613756752));
#1904=CARTESIAN_POINT('Ctrl Pts',(4.59903602215204,8.54480566576978,4.69794363813864));
#1905=CARTESIAN_POINT('Ctrl Pts',(4.46544663962709,8.58647276135409,4.51284937325998));
#1906=CARTESIAN_POINT('Ctrl Pts',(4.44075951504606,-8.73025128668959,4.58224575625155));
#1907=CARTESIAN_POINT('Ctrl Pts',(4.57632942266611,-8.6794242168721,4.7709818500752));
#1908=CARTESIAN_POINT('Ctrl Pts',(4.86773024142844,-8.55571306931759,5.12308699442112));
#1909=CARTESIAN_POINT('Ctrl Pts',(5.3645126048279,-8.31498612815376,5.59231947035684));
#1910=CARTESIAN_POINT('Ctrl Pts',(5.929217979028,-7.87766717628449,5.74987906504036));
#1911=CARTESIAN_POINT('Ctrl Pts',(7.06008656255432,-6.7068940540672,5.78214523998989));
#1912=CARTESIAN_POINT('Ctrl Pts',(8.45256627873313,-4.69233100455272,5.90053998017627));
#1913=CARTESIAN_POINT('Ctrl Pts',(9.77571669303958,-0.580940903689619,6.00827036617785));
#1914=CARTESIAN_POINT('Ctrl Pts',(9.08711589718128,3.79815191448809,5.95462964780192));
#1915=CARTESIAN_POINT('Ctrl Pts',(7.05688076012686,6.70708109449854,5.78236893880403));
#1916=CARTESIAN_POINT('Ctrl Pts',(5.92967327214852,7.87777148350501,5.74975977971611));
#1917=CARTESIAN_POINT('Ctrl Pts',(5.36416005592991,8.31502817139935,5.5923322931513));
#1918=CARTESIAN_POINT('Ctrl Pts',(4.86781233493879,8.55573832826534,5.12305972329652));
#1919=CARTESIAN_POINT('Ctrl Pts',(4.5763288688125,8.67942442451831,4.77098107901195));
#1920=CARTESIAN_POINT('Ctrl Pts',(4.44075951509841,8.73025128666998,4.5822457563244));
#1921=CARTESIAN_POINT('Ctrl Pts',(4.3423130492387,-8.95570851624162,4.73764341363695));
#1922=CARTESIAN_POINT('Ctrl Pts',(4.4876058395948,-8.88936954577236,4.93049829560583));
#1923=CARTESIAN_POINT('Ctrl Pts',(4.80063925888442,-8.73593492856744,5.29144887298591));
#1924=CARTESIAN_POINT('Ctrl Pts',(5.33425265541055,-8.43743546190758,5.75822608543137));
#1925=CARTESIAN_POINT('Ctrl Pts',(5.95300400659429,-8.00452164997742,5.95748818825152));
#1926=CARTESIAN_POINT('Ctrl Pts',(7.21514148111791,-6.92513410592415,6.06659853705538));
#1927=CARTESIAN_POINT('Ctrl Pts',(8.77987602228005,-4.91297337704002,6.17687951617871));
#1928=CARTESIAN_POINT('Ctrl Pts',(10.2724218048415,-0.625545224150256,6.27593143455609));
#1929=CARTESIAN_POINT('Ctrl Pts',(9.4940426606782,4.01980021044256,6.22586449432518));
#1930=CARTESIAN_POINT('Ctrl Pts',(7.21116954996686,6.92506188011861,6.06719604674816));
#1931=CARTESIAN_POINT('Ctrl Pts',(5.95357163579469,8.00462920720952,5.95766097488728));
#1932=CARTESIAN_POINT('Ctrl Pts',(5.33381596471807,8.43744305851823,5.7583322978004));
#1933=CARTESIAN_POINT('Ctrl Pts',(4.80074196315179,8.73595945388463,5.29149040799483));
#1934=CARTESIAN_POINT('Ctrl Pts',(4.4876052460196,8.88936981679057,4.93049750771551));
#1935=CARTESIAN_POINT('Ctrl Pts',(4.34231304929478,8.955708516216,4.73764341371141));
#1936=CARTESIAN_POINT('Ctrl Pts',(4.16720341425081,-9.09081420461992,4.92130635754755));
#1937=CARTESIAN_POINT('Ctrl Pts',(4.32925665394303,-9.01644434209869,5.11621972217752));
#1938=CARTESIAN_POINT('Ctrl Pts',(4.67622663619558,-8.84666538920056,5.48209366615588));
#1939=CARTESIAN_POINT('Ctrl Pts',(5.2654554232412,-8.51250296905407,5.93900752124209));
#1940=CARTESIAN_POINT('Ctrl Pts',(5.92478526786944,-8.06977807019304,6.18830078059515));
#1941=CARTESIAN_POINT('Ctrl Pts',(7.23964164991146,-7.02036935484223,6.43142125787128));
#1942=CARTESIAN_POINT('Ctrl Pts',(8.87780303272381,-5.01026123177711,6.61694686171575));
#1943=CARTESIAN_POINT('Ctrl Pts',(10.4492237822399,-0.645652750355148,6.77582884501675));
#1944=CARTESIAN_POINT('Ctrl Pts',(9.62703743335311,4.11844315808522,6.69723907389535));
#1945=CARTESIAN_POINT('Ctrl Pts',(7.23529669785189,7.02008778417412,6.4322533795746));
#1946=CARTESIAN_POINT('Ctrl Pts',(5.92543841374296,8.06986291989343,6.18868371717438));
#1947=CARTESIAN_POINT('Ctrl Pts',(5.26498308254772,8.51247929331811,5.9391755108303));
#1948=CARTESIAN_POINT('Ctrl Pts',(4.67634627891702,8.84668351569868,5.48218451620752));
#1949=CARTESIAN_POINT('Ctrl Pts',(4.32925599189498,9.01644464592603,5.11621892587723));
#1950=CARTESIAN_POINT('Ctrl Pts',(4.16720341431337,9.09081420459121,4.9213063576228));
#1951=CARTESIAN_POINT('Ctrl Pts',(4.08310684390543,-9.12843023204169,4.99999999189123));
#1952=CARTESIAN_POINT('Ctrl Pts',(4.25274484814842,-9.05255189606233,5.19579974698067));
#1953=CARTESIAN_POINT('Ctrl Pts',(4.61497915640881,-8.87919713123761,5.56379099962527));
#1954=CARTESIAN_POINT('Ctrl Pts',(5.22998456458441,-8.53499302251824,6.01648876989314));
#1955=CARTESIAN_POINT('Ctrl Pts',(5.90392601908687,-8.08530776513835,6.28721891551352));
#1956=CARTESIAN_POINT('Ctrl Pts',(7.22604477397203,-7.03489769816376,6.58771530337744));
#1957=CARTESIAN_POINT('Ctrl Pts',(8.87202938380272,-5.02243787405072,6.80531899355144));
#1958=CARTESIAN_POINT('Ctrl Pts',(10.4514489248759,-0.647744263068686,6.98971864381759));
#1959=CARTESIAN_POINT('Ctrl Pts',(9.62494180977747,4.12969158442764,6.89896192637739));
#1960=CARTESIAN_POINT('Ctrl Pts',(7.22167863139955,7.03454906390742,6.58863774353065));
#1961=CARTESIAN_POINT('Ctrl Pts',(5.90460716468225,8.0853940273435,6.2876954049765));
#1962=CARTESIAN_POINT('Ctrl Pts',(5.22951370359459,8.53496061990295,6.01668238769972));
#1963=CARTESIAN_POINT('Ctrl Pts',(4.61510496048061,8.87921517289655,5.56390371270235));
#1964=CARTESIAN_POINT('Ctrl Pts',(4.2527441551137,9.05255220605225,5.19579894705901));
#1965=CARTESIAN_POINT('Ctrl Pts',(4.08310684397091,9.12843023201239,4.99999999196682));
#1966=CARTESIAN_POINT('',(4.46544663957553,-8.58647276137018,4.51284937318853));
#1967=CARTESIAN_POINT('Origin',(3.67479615951488,-8.21558720883752,4.99999999189123));
#1968=CARTESIAN_POINT('Ctrl Pts',(4.46544663957552,-8.58647276137018,4.51284937318853));
#1969=CARTESIAN_POINT('Ctrl Pts',(4.59903656791688,-8.54480549554482,4.69794439432659));
#1970=CARTESIAN_POINT('Ctrl Pts',(4.88429608567194,-8.43864894286345,5.04251690552676));
#1971=CARTESIAN_POINT('Ctrl Pts',(5.36861284461022,-8.2340115217437,5.50785569588943));
#1972=CARTESIAN_POINT('Ctrl Pts',(5.89934174003091,-7.79055152840043,5.64762739658541));
#1973=CARTESIAN_POINT('Ctrl Pts',(6.94051025950297,-6.56154436172081,5.67316327081201));
#1974=CARTESIAN_POINT('Ctrl Pts',(8.23672313974465,-4.56112329742058,5.84067116327243));
#1975=CARTESIAN_POINT('Ctrl Pts',(9.48051602833978,-0.557287786218402,5.98203063262092));
#1976=CARTESIAN_POINT('Ctrl Pts',(8.82964167519976,3.67354024808516,5.915499041577));
#1977=CARTESIAN_POINT('Ctrl Pts',(6.93707192222714,6.5618046080425,5.67371751534898));
#1978=CARTESIAN_POINT('Ctrl Pts',(5.89987814218727,7.79061837012611,5.64713163263003));
#1979=CARTESIAN_POINT('Ctrl Pts',(5.36824204158073,8.23405796701374,5.50785550170325));
#1980=CARTESIAN_POINT('Ctrl Pts',(4.88439515637848,8.43866603783614,5.04240613756752));
#1981=CARTESIAN_POINT('Ctrl Pts',(4.59903602215204,8.54480566576978,4.69794363813864));
#1982=CARTESIAN_POINT('Ctrl Pts',(4.46544663962709,8.58647276135409,4.51284937325998));
#1983=CARTESIAN_POINT('Ctrl Pts',(4.08310684397091,9.12843023201239,4.99999999196682));
#1984=CARTESIAN_POINT('Ctrl Pts',(4.2527441551137,9.05255220605225,5.19579894705901));
#1985=CARTESIAN_POINT('Ctrl Pts',(4.61510496048061,8.87921517289655,5.56390371270235));
#1986=CARTESIAN_POINT('Ctrl Pts',(5.22951370359459,8.53496061990295,6.01668238769972));
#1987=CARTESIAN_POINT('Ctrl Pts',(5.90460716468225,8.0853940273435,6.2876954049765));
#1988=CARTESIAN_POINT('Ctrl Pts',(7.22167863139955,7.03454906390742,6.58863774353065));
#1989=CARTESIAN_POINT('Ctrl Pts',(9.62494180977747,4.12969158442764,6.89896192637739));
#1990=CARTESIAN_POINT('Ctrl Pts',(10.4514489248759,-0.647744263068686,6.98971864381759));
#1991=CARTESIAN_POINT('Ctrl Pts',(8.87202938380272,-5.02243787405072,6.80531899355144));
#1992=CARTESIAN_POINT('Ctrl Pts',(7.22604477397203,-7.03489769816376,6.58771530337744));
#1993=CARTESIAN_POINT('Ctrl Pts',(5.90392601908687,-8.08530776513835,6.28721891551352));
#1994=CARTESIAN_POINT('Ctrl Pts',(5.22998456458441,-8.53499302251824,6.01648876989314));
#1995=CARTESIAN_POINT('Ctrl Pts',(4.61497915640881,-8.87919713123761,5.56379099962527));
#1996=CARTESIAN_POINT('Ctrl Pts',(4.25274484814842,-9.05255189606233,5.19579974698067));
#1997=CARTESIAN_POINT('Ctrl Pts',(4.08310684390543,-9.12843023204169,4.99999999189123));
#1998=CARTESIAN_POINT('Ctrl Pts',(3.,-10.6175858269265,0.710921900397771));
#1999=CARTESIAN_POINT('Ctrl Pts',(3.,-10.1204727497128,1.15822681561219));
#2000=CARTESIAN_POINT('Ctrl Pts',(3.21730281522304,-9.16537366098328,2.42440585283767));
#2001=CARTESIAN_POINT('Ctrl Pts',(3.94139159893773,-8.74992775489507,3.78674689011514));
#2002=CARTESIAN_POINT('Ctrl Pts',(4.46544663957553,-8.58647276137017,4.51284937318853));
#2003=CARTESIAN_POINT('Ctrl Pts',(3.,-10.8078035344729,0.908793222628212));
#2004=CARTESIAN_POINT('Ctrl Pts',(3.0060624265955,-10.3329871511004,1.33428811238707));
#2005=CARTESIAN_POINT('Ctrl Pts',(3.21798781727239,-9.40551590838852,2.52898161414265));
#2006=CARTESIAN_POINT('Ctrl Pts',(3.91903476482502,-8.93823929833383,3.86456879540435));
#2007=CARTESIAN_POINT('Ctrl Pts',(4.44075951515173,-8.7302512867797,4.58224575649166));
#2008=CARTESIAN_POINT('Ctrl Pts',(2.79081206923666,-11.1382374326235,1.25252248516745));
#2009=CARTESIAN_POINT('Ctrl Pts',(2.8077143189703,-10.6913332803616,1.65717512520346));
#2010=CARTESIAN_POINT('Ctrl Pts',(3.04527783420548,-9.79052038558026,2.77108627990634));
#2011=CARTESIAN_POINT('Ctrl Pts',(3.78879176164273,-9.23410797310927,4.05038949522114));
#2012=CARTESIAN_POINT('Ctrl Pts',(4.3423156086261,-8.9557114749662,4.73764245069909));
#2013=CARTESIAN_POINT('Ctrl Pts',(2.33356828684727,-11.2863150569121,1.40655817242646));
#2014=CARTESIAN_POINT('Ctrl Pts',(2.35579314469832,-10.8345725977118,1.83013353140782));
#2015=CARTESIAN_POINT('Ctrl Pts',(2.6518897323185,-9.93340810143739,3.00125716677766));
#2016=CARTESIAN_POINT('Ctrl Pts',(3.5376820117725,-9.39084202057931,4.26909704531031));
#2017=CARTESIAN_POINT('Ctrl Pts',(4.16720341431618,-9.09081420470718,4.92130635873409));
#2018=CARTESIAN_POINT('Ctrl Pts',(2.12944491863683,-11.3047820936696,1.42576825033148));
#2019=CARTESIAN_POINT('Ctrl Pts',(2.15243510045773,-10.8452993939482,1.86331519128641));
#2020=CARTESIAN_POINT('Ctrl Pts',(2.46959839603882,-9.94006594288798,3.08122706670693));
#2021=CARTESIAN_POINT('Ctrl Pts',(3.41764012551747,-9.4260905801872,4.35992024965344));
#2022=CARTESIAN_POINT('Ctrl Pts',(4.08310684390543,-9.12843023204168,4.99999999324269));
#2023=CARTESIAN_POINT('Ctrl Pts',(3.,-10.6175858269265,0.710921900397771));
#2024=CARTESIAN_POINT('Ctrl Pts',(3.,-10.1204727497128,1.15822681561219));
#2025=CARTESIAN_POINT('Ctrl Pts',(3.21730281522304,-9.16537366098328,2.42440585283767));
#2026=CARTESIAN_POINT('Ctrl Pts',(3.94139159893773,-8.74992775489507,3.78674689011514));
#2027=CARTESIAN_POINT('Ctrl Pts',(4.46544663957553,-8.58647276137017,4.51284937318853));
#2028=CARTESIAN_POINT('Origin',(0.,-1.10218211923262E-15,6.));
#2029=CARTESIAN_POINT('',(-1.22464679914735E-15,-10.,6.));
#2030=CARTESIAN_POINT('Origin',(0.,10.,0.));
#2031=CARTESIAN_POINT('Origin',(0.,10.,0.));
#2032=CARTESIAN_POINT('Ctrl Pts',(5.94959071646733,-7.87623189102764,5.77622612146914));
#2033=CARTESIAN_POINT('Ctrl Pts',(6.18475956350711,-7.60590662286781,5.74321699817709));
#2034=CARTESIAN_POINT('Ctrl Pts',(6.81955875375281,-6.85654762415422,5.72490008125523));
#2035=CARTESIAN_POINT('Ctrl Pts',(8.08527528644358,-4.91720254624316,5.81977747239191));
#2036=CARTESIAN_POINT('Ctrl Pts',(9.16789962475951,-1.876442050123,5.95000055648227));
#2037=CARTESIAN_POINT('Ctrl Pts',(9.16336775303146,1.88322495649287,5.94907941580195));
#2038=CARTESIAN_POINT('Ctrl Pts',(8.07743020669193,4.93053843929844,5.81889352332002));
#2039=CARTESIAN_POINT('Ctrl Pts',(6.81965060638323,6.85623348828611,5.72491390333754));
#2040=CARTESIAN_POINT('Ctrl Pts',(6.18570579966371,7.60480633928147,5.74311433864886));
#2041=CARTESIAN_POINT('Ctrl Pts',(5.9499065321463,7.87586885425397,5.77618181265901));
#2042=CARTESIAN_POINT('Ctrl Pts',(5.17172272304955,-8.26470528272063,5.38424899619223));
#2043=CARTESIAN_POINT('Ctrl Pts',(5.35063324646344,-7.92113218849794,5.29035684526417));
#2044=CARTESIAN_POINT('Ctrl Pts',(5.83594900793051,-7.00593453512198,5.22626194771147));
#2045=CARTESIAN_POINT('Ctrl Pts',(6.8336535066157,-4.92942516889512,5.45243401170818));
#2046=CARTESIAN_POINT('Ctrl Pts',(7.72657409772676,-1.87456153852519,5.77732977765224));
#2047=CARTESIAN_POINT('Ctrl Pts',(7.72212113267716,1.88114111180128,5.77453908417573));
#2048=CARTESIAN_POINT('Ctrl Pts',(6.82700754806694,4.94259428882067,5.45035442959287));
#2049=CARTESIAN_POINT('Ctrl Pts',(5.83618811894646,7.00656581671779,5.22643102810115));
#2050=CARTESIAN_POINT('Ctrl Pts',(5.35135439426778,7.91975079529591,5.29006005145969));
#2051=CARTESIAN_POINT('Ctrl Pts',(5.17196289510512,8.26424390280602,5.38412276551447));
#2052=CARTESIAN_POINT('Ctrl Pts',(3.62162747406022,-9.43543208640765,4.20296313001239));
#2053=CARTESIAN_POINT('Ctrl Pts',(3.67681000652671,-8.90593577200008,3.88979420432842));
#2054=CARTESIAN_POINT('Ctrl Pts',(3.82751256018374,-7.55620998970162,3.54730605401876));
#2055=CARTESIAN_POINT('Ctrl Pts',(4.15898110575937,-5.02367421057059,3.77437664767987));
#2056=CARTESIAN_POINT('Ctrl Pts',(4.48469120516621,-1.85439931751734,4.29470927573592));
#2057=CARTESIAN_POINT('Ctrl Pts',(4.48244940085908,1.86136748740068,4.29055930639766));
#2058=CARTESIAN_POINT('Ctrl Pts',(4.15654038939282,5.0369335114335,3.77100870871445));
#2059=CARTESIAN_POINT('Ctrl Pts',(3.82769575310686,7.55837816642861,3.54739542756305));
#2060=CARTESIAN_POINT('Ctrl Pts',(3.6770331318041,8.90383457592913,3.88874946656364));
#2061=CARTESIAN_POINT('Ctrl Pts',(3.62170131909329,9.43472101116304,4.20254289441355));
#2062=CARTESIAN_POINT('Ctrl Pts',(3.,-10.9998768189357,2.62440829968414));
#2063=CARTESIAN_POINT('Ctrl Pts',(2.99950231970227,-10.2658820418884,1.97451158153261));
#2064=CARTESIAN_POINT('Ctrl Pts',(3.00178364500749,-8.4204578130916,1.07266902420927));
#2065=CARTESIAN_POINT('Ctrl Pts',(3.00003831427577,-5.23037264959893,0.760124604879929));
#2066=CARTESIAN_POINT('Ctrl Pts',(2.99708409427242,-1.80837470998833,0.935000138440269));
#2067=CARTESIAN_POINT('Ctrl Pts',(2.99877090700659,1.81700728109208,0.93034224669267));
#2068=CARTESIAN_POINT('Ctrl Pts',(2.99964960433749,5.24439965059582,0.760533784177846));
#2069=CARTESIAN_POINT('Ctrl Pts',(3.00128996903531,8.42343055461794,1.07361832534847));
#2070=CARTESIAN_POINT('Ctrl Pts',(2.9995009205924,10.2629809541293,1.97226452625291));
#2071=CARTESIAN_POINT('Ctrl Pts',(3.,10.998891176872,2.62353552247738));
#2072=CARTESIAN_POINT('Ctrl Pts',(3.,-11.895033678896,1.72117780786076));
#2073=CARTESIAN_POINT('Ctrl Pts',(3.,-11.0442733690742,0.878022119015964));
#2074=CARTESIAN_POINT('Ctrl Pts',(3.,-8.91597606844138,-0.342969606333286));
#2075=CARTESIAN_POINT('Ctrl Pts',(3.,-5.34927284034282,-0.969327931955514));
#2076=CARTESIAN_POINT('Ctrl Pts',(3.,-1.78166538857232,-1.00114925461877));
#2077=CARTESIAN_POINT('Ctrl Pts',(3.,1.79129462736856,-1.0046197001515));
#2078=CARTESIAN_POINT('Ctrl Pts',(3.,5.36381381233478,-0.966946994666559));
#2079=CARTESIAN_POINT('Ctrl Pts',(3.,8.91925810928977,-0.34194966321309));
#2080=CARTESIAN_POINT('Ctrl Pts',(3.,11.0409154622801,0.875085085846825));
#2081=CARTESIAN_POINT('Ctrl Pts',(3.,11.8938912096507,1.72004581232801));
#2082=UNCERTAINTY_MEASURE_WITH_UNIT(LENGTH_MEASURE(0.01),#2086,
'DISTANCE_ACCURACY_VALUE',
'Maximum model space distance between geometric entities at asserted c
onnectivities');
#2083=UNCERTAINTY_MEASURE_WITH_UNIT(LENGTH_MEASURE(0.01),#2086,
'DISTANCE_ACCURACY_VALUE',
'Maximum model space distance between geometric entities at asserted c
onnectivities');
#2084=(
GEOMETRIC_REPRESENTATION_CONTEXT(3)
GLOBAL_UNCERTAINTY_ASSIGNED_CONTEXT((#2082))
GLOBAL_UNIT_ASSIGNED_CONTEXT((#2086,#2089,#2088))
REPRESENTATION_CONTEXT('','3D')
);
#2085=(
GEOMETRIC_REPRESENTATION_CONTEXT(3)
GLOBAL_UNCERTAINTY_ASSIGNED_CONTEXT((#2083))
GLOBAL_UNIT_ASSIGNED_CONTEXT((#2086,#2089,#2088))
REPRESENTATION_CONTEXT('','3D')
);
#2086=(
LENGTH_UNIT()
NAMED_UNIT(*)
SI_UNIT(.MILLI.,.METRE.)
);
#2087=(
LENGTH_UNIT()
NAMED_UNIT(*)
SI_UNIT(.CENTI.,.METRE.)
);
#2088=(
NAMED_UNIT(*)
SI_UNIT($,.STERADIAN.)
SOLID_ANGLE_UNIT()
);
#2089=(
NAMED_UNIT(*)
PLANE_ANGLE_UNIT()
SI_UNIT($,.RADIAN.)
);
#2090=SHAPE_DEFINITION_REPRESENTATION(#2091,#2092);
#2091=PRODUCT_DEFINITION_SHAPE('',$,#2094);
#2092=SHAPE_REPRESENTATION('',(#884),#2084);
#2093=PRODUCT_DEFINITION_CONTEXT('part definition',#2098,'design');
#2094=PRODUCT_DEFINITION('\X2\04200443043A043E044F0442043A0430\X0\',
'\X2\04200443043A043E044F0442043A0430\X0\',#2095,#2093);
#2095=PRODUCT_DEFINITION_FORMATION('',$,#2100);
#2096=PRODUCT_RELATED_PRODUCT_CATEGORY('\X2\04200443043A043E044F0442043A0430\X0\',
'\X2\04200443043A043E044F0442043A0430\X0\',(#2100));
#2097=APPLICATION_PROTOCOL_DEFINITION('international standard',
'automotive_design',2009,#2098);
#2098=APPLICATION_CONTEXT(
'Core Data for Automotive Mechanical Design Process');
#2099=PRODUCT_CONTEXT('part definition',#2098,'mechanical');
#2100=PRODUCT('\X2\04200443043A043E044F0442043A0430\X0\',
'\X2\04200443043A043E044F0442043A0430\X0\',$,(#2099));
#2101=PRESENTATION_STYLE_ASSIGNMENT((#2102));
#2102=SURFACE_STYLE_USAGE(.BOTH.,#2103);
#2103=SURFACE_SIDE_STYLE('',(#2104));
#2104=SURFACE_STYLE_FILL_AREA(#2105);
#2105=FILL_AREA_STYLE('',(#2106));
#2106=FILL_AREA_STYLE_COLOUR('',#2107);
#2107=COLOUR_RGB('',1.,0.890196078431372,0.709803921568627);
ENDSEC;
END-ISO-10303-21;
